#separator \x09
#set_separator	,
#empty_field	(empty)
#unset_field	-
#path	telemetry
#open	2026-04-02-11-56-55
#fields	ts	peer	metric_type	name	labels	label_values	value
#types	time	string	string	string	vector[string]	vector[string]	double
1775131015.797951	zeek	counter	zeek_log_stream_writes_total	module,stream	LoadedScripts,LoadedScripts::LOG	538.0
1775131015.797951	zeek	counter	zeek_log_stream_writes_total	module,stream	PacketFilter,PacketFilter::LOG	1.0
1775131015.797951	zeek	counter	zeek_log_writer_writes_total	filter_name,module,path,stream,writer	default,LoadedScripts,loaded_scripts,LoadedScripts::LOG,Log::WRITER_ASCII	538.0
1775131015.797951	zeek	counter	zeek_log_writer_writes_total	filter_name,module,path,stream,writer	default,PacketFilter,packet_filter,PacketFilter::LOG,Log::WRITER_ASCII	1.0
1775131015.797951	zeek	counter	zeek_log_writer_discarded_writes_total	filter_name,module,path,stream,writer	default,LoadedScripts,loaded_scripts,LoadedScripts::LOG,Log::WRITER_ASCII	0.0
1775131015.797951	zeek	counter	zeek_log_writer_discarded_writes_total	filter_name,module,path,stream,writer	default,PacketFilter,packet_filter,PacketFilter::LOG,Log::WRITER_ASCII	0.0
1775131015.797951	zeek	counter	zeek_log_writer_truncated_string_fields_total	filter_name,module,path,stream,writer	default,LoadedScripts,loaded_scripts,LoadedScripts::LOG,Log::WRITER_ASCII	0.0
1775131015.797951	zeek	counter	zeek_log_writer_truncated_string_fields_total	filter_name,module,path,stream,writer	default,PacketFilter,packet_filter,PacketFilter::LOG,Log::WRITER_ASCII	0.0
1775131015.797951	zeek	counter	zeek_log_writer_truncated_containers_total	filter_name,module,path,stream,writer	default,LoadedScripts,loaded_scripts,LoadedScripts::LOG,Log::WRITER_ASCII	0.0
1775131015.797951	zeek	counter	zeek_log_writer_truncated_containers_total	filter_name,module,path,stream,writer	default,PacketFilter,packet_filter,PacketFilter::LOG,Log::WRITER_ASCII	0.0
1775131015.797951	zeek	counter	zeek_net_received_bytes_total	(empty)	(empty)	107.0
1775131015.797951	zeek	counter	zeek_net_received_packets_total	(empty)	(empty)	1.0
1775131015.797951	zeek	counter	zeek_net_dropped_packets_total	(empty)	(empty)	0.0
1775131015.797951	zeek	counter	zeek_net_link_packets_total	(empty)	(empty)	1.0
1775131015.797951	zeek	counter	zeek_msgthread_threads_total	(empty)	(empty)	2.0
1775131015.797951	zeek	counter	zeek_msgthread_in_messages_total	(empty)	(empty)	4.0
1775131015.797951	zeek	counter	zeek_msgthread_out_messages_total	(empty)	(empty)	0.0
1775131015.797951	zeek	counter	zeek_cluster_core_outgoing_events_total	(empty)	(empty)	0.0
1775131015.797951	zeek	counter	zeek_cluster_core_incoming_events_total	(empty)	(empty)	0.0
1775131015.797951	zeek	counter	zeek_broker_incoming_events_total	(empty)	(empty)	0.0
1775131015.797951	zeek	counter	zeek_broker_outgoing_events_total	(empty)	(empty)	0.0
1775131015.797951	zeek	counter	zeek_broker_incoming_logs_total	(empty)	(empty)	0.0
1775131015.797951	zeek	counter	zeek_broker_outgoing_logs_total	(empty)	(empty)	0.0
1775131015.797951	zeek	counter	zeek_broker_incoming_ids_total	(empty)	(empty)	0.0
1775131015.797951	zeek	counter	zeek_broker_outgoing_ids_total	(empty)	(empty)	0.0
1775131015.797951	zeek	counter	zeek_timers_total	(empty)	(empty)	126.0
1775131015.797951	zeek	counter	zeek_dnsmgr_requests_total	(empty)	(empty)	0.0
1775131015.797951	zeek	counter	zeek_dnsmgr_successful_requests_total	(empty)	(empty)	0.0
1775131015.797951	zeek	counter	zeek_dnsmgr_failed_requests_total	(empty)	(empty)	0.0
1775131015.797951	zeek	counter	zeek_triggers_total	(empty)	(empty)	0.0
1775131015.797951	zeek	counter	zeek_ended_sessions_total	reason	inactivity	0.0
1775131015.797951	zeek	counter	zeek_event_handler_invocations_total	name	Broker::log_flush	1.0
1775131015.797951	zeek	counter	zeek_event_handler_invocations_total	name	filter_change_tracking	1.0
1775131015.797951	zeek	counter	zeek_event_handler_invocations_total	name	ChecksumOffloading::check	1.0
1775131015.797951	zeek	counter	zeek_event_handler_invocations_total	name	NetControl::init	1.0
1775131015.797951	zeek	counter	zeek_event_handler_invocations_total	name	zeek_script_loaded	538.0
1775131015.797951	zeek	counter	zeek_event_handler_invocations_total	name	Telemetry::log	1.0
1775131015.797951	zeek	counter	zeek_event_handler_invocations_total	name	grab_vulnerable_versions	1.0
1775131015.797951	zeek	counter	zeek_event_handler_invocations_total	name	zeek_init	1.0
1775131015.797951	zeek	counter	zeek_total_sessions_total	protocol	icmp	0.0
1775131015.797951	zeek	counter	zeek_total_sessions_total	protocol	udp	1.0
1775131015.797951	zeek	counter	zeek_total_sessions_total	protocol	tcp	0.0
1775131015.797951	zeek	gauge	zeek_version_info	beta,commit,debug,major,minor,patch,version_number,version_string	false,0,false,8,1,1,80101,8.1.1	1.0
1775131015.797951	zeek	gauge	zeek_net_packet_lag_seconds	(empty)	(empty)	0.006052
1775131015.797951	zeek	gauge	zeek_net_timestamp_seconds	(empty)	(empty)	1775131015.797951
1775131015.797951	zeek	gauge	zeek_msgthread_active_threads	(empty)	(empty)	2.0
1775131015.797951	zeek	gauge	zeek_msgthread_pending_in_messages	(empty)	(empty)	0.0
1775131015.797951	zeek	gauge	zeek_msgthread_pending_out_messages	(empty)	(empty)	0.0
1775131015.797951	zeek	gauge	zeek_msgthread_pending_messages_in_buckets	leq	inf	2.0
1775131015.797951	zeek	gauge	zeek_msgthread_pending_messages_in_buckets	leq	10000	2.0
1775131015.797951	zeek	gauge	zeek_msgthread_pending_messages_in_buckets	leq	1000	2.0
1775131015.797951	zeek	gauge	zeek_msgthread_pending_messages_in_buckets	leq	100	2.0
1775131015.797951	zeek	gauge	zeek_msgthread_pending_messages_in_buckets	leq	10	2.0
1775131015.797951	zeek	gauge	zeek_msgthread_pending_messages_in_buckets	leq	1	2.0
1775131015.797951	zeek	gauge	zeek_msgthread_pending_messages_out_buckets	leq	inf	2.0
1775131015.797951	zeek	gauge	zeek_msgthread_pending_messages_out_buckets	leq	10000	2.0
1775131015.797951	zeek	gauge	zeek_msgthread_pending_messages_out_buckets	leq	1000	2.0
1775131015.797951	zeek	gauge	zeek_msgthread_pending_messages_out_buckets	leq	100	2.0
1775131015.797951	zeek	gauge	zeek_msgthread_pending_messages_out_buckets	leq	10	2.0
1775131015.797951	zeek	gauge	zeek_msgthread_pending_messages_out_buckets	leq	1	2.0
1775131015.797951	zeek	gauge	zeek_broker_peers	(empty)	(empty)	0.0
1775131015.797951	zeek	gauge	zeek_broker_stores	(empty)	(empty)	1.0
1775131015.797951	zeek	gauge	zeek_broker_pending_queries	(empty)	(empty)	0.0
1775131015.797951	zeek	gauge	zeek_timers_lag_time_seconds	(empty)	(empty)	1775127415.797951
1775131015.797951	zeek	gauge	zeek_timers_pending	type	LogDelayExpire	0.0
1775131015.797951	zeek	gauge	zeek_timers_pending	type	ThreadHeartbeat	1.0
1775131015.797951	zeek	gauge	zeek_timers_pending	type	TimerMgrExpireTimer	0.0
1775131015.797951	zeek	gauge	zeek_timers_pending	type	ParentProcessIDCheck	0.0
1775131015.797951	zeek	gauge	zeek_timers_pending	type	FragTimer	0.0
1775131015.797951	zeek	gauge	zeek_timers_pending	type	RotateTimer	0.0
1775131015.797951	zeek	gauge	zeek_timers_pending	type	FlowWeirdTimer	0.0
1775131015.797951	zeek	gauge	zeek_timers_pending	type	FileAnalysisInactivityTimer	0.0
1775131015.797951	zeek	gauge	zeek_timers_pending	type	StorageExpire	1.0
1775131015.797951	zeek	gauge	zeek_timers_pending	type	ConnectionInactivityTimer	1.0
1775131015.797951	zeek	gauge	zeek_timers_pending	type	TCPConnectionExpireTimer	0.0
1775131015.797951	zeek	gauge	zeek_timers_pending	type	ConnectionStatusUpdateTimer	0.0
1775131015.797951	zeek	gauge	zeek_timers_pending	type	LogFlushWriteBufferTimer	1.0
1775131015.797951	zeek	gauge	zeek_timers_pending	type	NetWeirdTimer	0.0
1775131015.797951	zeek	gauge	zeek_timers_pending	type	InterconnTimer	0.0
1775131015.797951	zeek	gauge	zeek_timers_pending	type	IPTunnelInactivityTimer	0.0
1775131015.797951	zeek	gauge	zeek_timers_pending	type	DNSExpireTimer	1.0
1775131015.797951	zeek	gauge	zeek_timers_pending	type	UnknownProtocolExpire	0.0
1775131015.797951	zeek	gauge	zeek_timers_pending	type	ProfileTimer	0.0
1775131015.797951	zeek	gauge	zeek_timers_pending	type	ConnectionExpireTimer	0.0
1775131015.797951	zeek	gauge	zeek_timers_pending	type	BreakpointTimer	0.0
1775131015.797951	zeek	gauge	zeek_timers_pending	type	BackdoorTimer	0.0
1775131015.797951	zeek	gauge	zeek_timers_pending	type	NetbiosExpireTimer	0.0
1775131015.797951	zeek	gauge	zeek_timers_pending	type	NetworkTimer	0.0
1775131015.797951	zeek	gauge	zeek_timers_pending	type	RemoveConnection	0.0
1775131015.797951	zeek	gauge	zeek_timers_pending	type	TCPConnectionResetTimer	0.0
1775131015.797951	zeek	gauge	zeek_timers_pending	type	ConnTupleWeirdTimer	0.0
1775131015.797951	zeek	gauge	zeek_timers_pending	type	TCPConnectionDeleteTimer	0.0
1775131015.797951	zeek	gauge	zeek_timers_pending	type	ScheduleTimer	2.0
1775131015.797951	zeek	gauge	zeek_timers_pending	type	NTPExpireTimer	0.0
1775131015.797951	zeek	gauge	zeek_timers_pending	type	RPCExpireTimer	0.0
1775131015.797951	zeek	gauge	zeek_timers_pending	type	ConnectionDeleteTimer	0.0
1775131015.797951	zeek	gauge	zeek_timers_pending	type	TriggerTimer	0.0
1775131015.797951	zeek	gauge	zeek_timers_pending	type	TableValTimer	34.0
1775131015.797951	zeek	gauge	zeek_timers_pending	type	TCPConnectionAttemptTimer	0.0
1775131015.797951	zeek	gauge	zeek_timers_pending	type	TCPConnectionPartialClose	0.0
1775131015.797951	zeek	gauge	zeek_dnsmgr_pending_asyncs_requests	(empty)	(empty)	0.0
1775131015.797951	zeek	gauge	zeek_dnsmgr_cache_entries	type	text	0.0
1775131015.797951	zeek	gauge	zeek_dnsmgr_cache_entries	type	address	0.0
1775131015.797951	zeek	gauge	zeek_dnsmgr_cache_entries	type	host	0.0
1775131015.797951	zeek	gauge	zeek_pending_triggers	(empty)	(empty)	0.0
1775131015.797951	zeek	gauge	zeek_active_sessions	protocol	icmp	0.0
1775131015.797951	zeek	gauge	zeek_active_sessions	protocol	udp	1.0
1775131015.797951	zeek	gauge	zeek_active_sessions	protocol	tcp	0.0
1775131015.797951	zeek	counter	process_cpu_user_seconds_total	(empty)	(empty)	0.31
1775131015.797951	zeek	counter	process_cpu_system_seconds_total	(empty)	(empty)	0.42
1775131015.797951	zeek	gauge	process_resident_memory_bytes	(empty)	(empty)	283369472.0
1775131015.797951	zeek	gauge	process_virtual_memory_bytes	(empty)	(empty)	1165852672.0
1775131015.797951	zeek	gauge	process_open_fds	(empty)	(empty)	28.0
1775131015.797951	zeek	gauge	process_start_time_seconds	(empty)	(empty)	1775131014.997737
1775131075.883930	zeek	counter	zeek_log_stream_writes_total	module,stream	CaptureLoss,CaptureLoss::LOG	1.0
1775131075.883930	zeek	counter	zeek_log_stream_writes_total	module,stream	Conn,Conn::LOG	5.0
1775131075.883930	zeek	counter	zeek_log_stream_writes_total	module,stream	MQTT,MQTT::SUBSCRIBE_LOG	1.0
1775131075.883930	zeek	counter	zeek_log_stream_writes_total	module,stream	Known,Known::HOSTS_LOG	2.0
1775131075.883930	zeek	counter	zeek_log_stream_writes_total	module,stream	Known,Known::SERVICES_LOG	1.0
1775131075.883930	zeek	counter	zeek_log_stream_writes_total	module,stream	DNS,DNS::LOG	16.0
1775131075.883930	zeek	counter	zeek_log_stream_writes_total	module,stream	MQTT,MQTT::PUBLISH_LOG	99.0
1775131075.883930	zeek	counter	zeek_log_stream_writes_total	module,stream	Stats,Stats::LOG	1.0
1775131075.883930	zeek	counter	zeek_log_stream_writes_total	module,stream	Telemetry,Telemetry::LOG	114.0
1775131075.883930	zeek	counter	zeek_log_stream_writes_total	module,stream	LoadedScripts,LoadedScripts::LOG	538.0
1775131075.883930	zeek	counter	zeek_log_stream_writes_total	module,stream	MQTT,MQTT::CONNECT_LOG	1.0
1775131075.883930	zeek	counter	zeek_log_stream_writes_total	module,stream	PacketFilter,PacketFilter::LOG	1.0
1775131075.883930	zeek	counter	zeek_log_writer_writes_total	filter_name,module,path,stream,writer	default,CaptureLoss,capture_loss,CaptureLoss::LOG,Log::WRITER_ASCII	1.0
1775131075.883930	zeek	counter	zeek_log_writer_writes_total	filter_name,module,path,stream,writer	default,Conn,conn,Conn::LOG,Log::WRITER_ASCII	5.0
1775131075.883930	zeek	counter	zeek_log_writer_writes_total	filter_name,module,path,stream,writer	default,MQTT,mqtt_subscribe,MQTT::SUBSCRIBE_LOG,Log::WRITER_ASCII	1.0
1775131075.883930	zeek	counter	zeek_log_writer_writes_total	filter_name,module,path,stream,writer	default,Known,known_hosts,Known::HOSTS_LOG,Log::WRITER_ASCII	2.0
1775131075.883930	zeek	counter	zeek_log_writer_writes_total	filter_name,module,path,stream,writer	default,MQTT,mqtt_publish,MQTT::PUBLISH_LOG,Log::WRITER_ASCII	99.0
1775131075.883930	zeek	counter	zeek_log_writer_writes_total	filter_name,module,path,stream,writer	default,DNS,dns,DNS::LOG,Log::WRITER_ASCII	16.0
1775131075.883930	zeek	counter	zeek_log_writer_writes_total	filter_name,module,path,stream,writer	default,Known,known_services,Known::SERVICES_LOG,Log::WRITER_ASCII	1.0
1775131075.883930	zeek	counter	zeek_log_writer_writes_total	filter_name,module,path,stream,writer	default,Stats,stats,Stats::LOG,Log::WRITER_ASCII	1.0
1775131075.883930	zeek	counter	zeek_log_writer_writes_total	filter_name,module,path,stream,writer	default,Telemetry,telemetry,Telemetry::LOG,Log::WRITER_ASCII	114.0
1775131075.883930	zeek	counter	zeek_log_writer_writes_total	filter_name,module,path,stream,writer	default,MQTT,mqtt_connect,MQTT::CONNECT_LOG,Log::WRITER_ASCII	1.0
1775131075.883930	zeek	counter	zeek_log_writer_writes_total	filter_name,module,path,stream,writer	default,LoadedScripts,loaded_scripts,LoadedScripts::LOG,Log::WRITER_ASCII	538.0
1775131075.883930	zeek	counter	zeek_log_writer_writes_total	filter_name,module,path,stream,writer	default,PacketFilter,packet_filter,PacketFilter::LOG,Log::WRITER_ASCII	1.0
1775131075.883930	zeek	counter	zeek_log_writer_discarded_writes_total	filter_name,module,path,stream,writer	default,CaptureLoss,capture_loss,CaptureLoss::LOG,Log::WRITER_ASCII	0.0
1775131075.883930	zeek	counter	zeek_log_writer_discarded_writes_total	filter_name,module,path,stream,writer	default,Conn,conn,Conn::LOG,Log::WRITER_ASCII	0.0
1775131075.883930	zeek	counter	zeek_log_writer_discarded_writes_total	filter_name,module,path,stream,writer	default,MQTT,mqtt_subscribe,MQTT::SUBSCRIBE_LOG,Log::WRITER_ASCII	0.0
1775131075.883930	zeek	counter	zeek_log_writer_discarded_writes_total	filter_name,module,path,stream,writer	default,Known,known_hosts,Known::HOSTS_LOG,Log::WRITER_ASCII	0.0
1775131075.883930	zeek	counter	zeek_log_writer_discarded_writes_total	filter_name,module,path,stream,writer	default,MQTT,mqtt_publish,MQTT::PUBLISH_LOG,Log::WRITER_ASCII	0.0
1775131075.883930	zeek	counter	zeek_log_writer_discarded_writes_total	filter_name,module,path,stream,writer	default,DNS,dns,DNS::LOG,Log::WRITER_ASCII	0.0
1775131075.883930	zeek	counter	zeek_log_writer_discarded_writes_total	filter_name,module,path,stream,writer	default,Known,known_services,Known::SERVICES_LOG,Log::WRITER_ASCII	0.0
1775131075.883930	zeek	counter	zeek_log_writer_discarded_writes_total	filter_name,module,path,stream,writer	default,Stats,stats,Stats::LOG,Log::WRITER_ASCII	0.0
1775131075.883930	zeek	counter	zeek_log_writer_discarded_writes_total	filter_name,module,path,stream,writer	default,Telemetry,telemetry,Telemetry::LOG,Log::WRITER_ASCII	0.0
1775131075.883930	zeek	counter	zeek_log_writer_discarded_writes_total	filter_name,module,path,stream,writer	default,MQTT,mqtt_connect,MQTT::CONNECT_LOG,Log::WRITER_ASCII	0.0
1775131075.883930	zeek	counter	zeek_log_writer_discarded_writes_total	filter_name,module,path,stream,writer	default,LoadedScripts,loaded_scripts,LoadedScripts::LOG,Log::WRITER_ASCII	0.0
1775131075.883930	zeek	counter	zeek_log_writer_discarded_writes_total	filter_name,module,path,stream,writer	default,PacketFilter,packet_filter,PacketFilter::LOG,Log::WRITER_ASCII	0.0
1775131075.883930	zeek	counter	zeek_log_writer_truncated_string_fields_total	filter_name,module,path,stream,writer	default,CaptureLoss,capture_loss,CaptureLoss::LOG,Log::WRITER_ASCII	0.0
1775131075.883930	zeek	counter	zeek_log_writer_truncated_string_fields_total	filter_name,module,path,stream,writer	default,Conn,conn,Conn::LOG,Log::WRITER_ASCII	0.0
1775131075.883930	zeek	counter	zeek_log_writer_truncated_string_fields_total	filter_name,module,path,stream,writer	default,MQTT,mqtt_subscribe,MQTT::SUBSCRIBE_LOG,Log::WRITER_ASCII	0.0
1775131075.883930	zeek	counter	zeek_log_writer_truncated_string_fields_total	filter_name,module,path,stream,writer	default,Known,known_hosts,Known::HOSTS_LOG,Log::WRITER_ASCII	0.0
1775131075.883930	zeek	counter	zeek_log_writer_truncated_string_fields_total	filter_name,module,path,stream,writer	default,MQTT,mqtt_publish,MQTT::PUBLISH_LOG,Log::WRITER_ASCII	0.0
1775131075.883930	zeek	counter	zeek_log_writer_truncated_string_fields_total	filter_name,module,path,stream,writer	default,DNS,dns,DNS::LOG,Log::WRITER_ASCII	0.0
1775131075.883930	zeek	counter	zeek_log_writer_truncated_string_fields_total	filter_name,module,path,stream,writer	default,Known,known_services,Known::SERVICES_LOG,Log::WRITER_ASCII	0.0
1775131075.883930	zeek	counter	zeek_log_writer_truncated_string_fields_total	filter_name,module,path,stream,writer	default,Stats,stats,Stats::LOG,Log::WRITER_ASCII	0.0
1775131075.883930	zeek	counter	zeek_log_writer_truncated_string_fields_total	filter_name,module,path,stream,writer	default,Telemetry,telemetry,Telemetry::LOG,Log::WRITER_ASCII	0.0
1775131075.883930	zeek	counter	zeek_log_writer_truncated_string_fields_total	filter_name,module,path,stream,writer	default,MQTT,mqtt_connect,MQTT::CONNECT_LOG,Log::WRITER_ASCII	0.0
1775131075.883930	zeek	counter	zeek_log_writer_truncated_string_fields_total	filter_name,module,path,stream,writer	default,LoadedScripts,loaded_scripts,LoadedScripts::LOG,Log::WRITER_ASCII	0.0
1775131075.883930	zeek	counter	zeek_log_writer_truncated_string_fields_total	filter_name,module,path,stream,writer	default,PacketFilter,packet_filter,PacketFilter::LOG,Log::WRITER_ASCII	0.0
1775131075.883930	zeek	counter	zeek_log_writer_truncated_containers_total	filter_name,module,path,stream,writer	default,CaptureLoss,capture_loss,CaptureLoss::LOG,Log::WRITER_ASCII	0.0
1775131075.883930	zeek	counter	zeek_log_writer_truncated_containers_total	filter_name,module,path,stream,writer	default,Conn,conn,Conn::LOG,Log::WRITER_ASCII	0.0
1775131075.883930	zeek	counter	zeek_log_writer_truncated_containers_total	filter_name,module,path,stream,writer	default,MQTT,mqtt_subscribe,MQTT::SUBSCRIBE_LOG,Log::WRITER_ASCII	0.0
1775131075.883930	zeek	counter	zeek_log_writer_truncated_containers_total	filter_name,module,path,stream,writer	default,Known,known_hosts,Known::HOSTS_LOG,Log::WRITER_ASCII	0.0
1775131075.883930	zeek	counter	zeek_log_writer_truncated_containers_total	filter_name,module,path,stream,writer	default,MQTT,mqtt_publish,MQTT::PUBLISH_LOG,Log::WRITER_ASCII	0.0
1775131075.883930	zeek	counter	zeek_log_writer_truncated_containers_total	filter_name,module,path,stream,writer	default,DNS,dns,DNS::LOG,Log::WRITER_ASCII	0.0
1775131075.883930	zeek	counter	zeek_log_writer_truncated_containers_total	filter_name,module,path,stream,writer	default,Known,known_services,Known::SERVICES_LOG,Log::WRITER_ASCII	0.0
1775131075.883930	zeek	counter	zeek_log_writer_truncated_containers_total	filter_name,module,path,stream,writer	default,Stats,stats,Stats::LOG,Log::WRITER_ASCII	0.0
1775131075.883930	zeek	counter	zeek_log_writer_truncated_containers_total	filter_name,module,path,stream,writer	default,Telemetry,telemetry,Telemetry::LOG,Log::WRITER_ASCII	0.0
1775131075.883930	zeek	counter	zeek_log_writer_truncated_containers_total	filter_name,module,path,stream,writer	default,MQTT,mqtt_connect,MQTT::CONNECT_LOG,Log::WRITER_ASCII	0.0
1775131075.883930	zeek	counter	zeek_log_writer_truncated_containers_total	filter_name,module,path,stream,writer	default,LoadedScripts,loaded_scripts,LoadedScripts::LOG,Log::WRITER_ASCII	0.0
1775131075.883930	zeek	counter	zeek_log_writer_truncated_containers_total	filter_name,module,path,stream,writer	default,PacketFilter,packet_filter,PacketFilter::LOG,Log::WRITER_ASCII	0.0
1775131075.883930	zeek	counter	zeek_net_received_bytes_total	(empty)	(empty)	31755.0
1775131075.883930	zeek	counter	zeek_net_received_packets_total	(empty)	(empty)	269.0
1775131075.883930	zeek	counter	zeek_net_dropped_packets_total	(empty)	(empty)	0.0
1775131075.883930	zeek	counter	zeek_net_link_packets_total	(empty)	(empty)	269.0
1775131075.883930	zeek	counter	zeek_msgthread_threads_total	(empty)	(empty)	12.0
1775131075.883930	zeek	counter	zeek_msgthread_in_messages_total	(empty)	(empty)	62.0
1775131075.883930	zeek	counter	zeek_msgthread_out_messages_total	(empty)	(empty)	0.0
1775131075.883930	zeek	counter	zeek_cluster_core_outgoing_events_total	(empty)	(empty)	0.0
1775131075.883930	zeek	counter	zeek_cluster_core_incoming_events_total	(empty)	(empty)	0.0
1775131075.883930	zeek	counter	zeek_broker_incoming_events_total	(empty)	(empty)	0.0
1775131075.883930	zeek	counter	zeek_broker_outgoing_events_total	(empty)	(empty)	0.0
1775131075.883930	zeek	counter	zeek_broker_incoming_logs_total	(empty)	(empty)	0.0
1775131075.883930	zeek	counter	zeek_broker_outgoing_logs_total	(empty)	(empty)	0.0
1775131075.883930	zeek	counter	zeek_broker_incoming_ids_total	(empty)	(empty)	0.0
1775131075.883930	zeek	counter	zeek_broker_outgoing_ids_total	(empty)	(empty)	0.0
1775131075.883930	zeek	counter	zeek_timers_total	(empty)	(empty)	549.0
1775131075.883930	zeek	counter	zeek_dnsmgr_requests_total	(empty)	(empty)	0.0
1775131075.883930	zeek	counter	zeek_dnsmgr_successful_requests_total	(empty)	(empty)	0.0
1775131075.883930	zeek	counter	zeek_dnsmgr_failed_requests_total	(empty)	(empty)	0.0
1775131075.883930	zeek	counter	zeek_triggers_total	(empty)	(empty)	0.0
1775131075.883930	zeek	counter	zeek_ended_sessions_total	reason	inactivity	0.0
1775131075.883930	zeek	counter	zeek_event_handler_invocations_total	name	connection_state_remove	5.0
1775131075.883930	zeek	counter	zeek_event_handler_invocations_total	name	dns_message	24.0
1775131075.883930	zeek	counter	zeek_event_handler_invocations_total	name	service_info_commit	2.0
1775131075.883930	zeek	counter	zeek_event_handler_invocations_total	name	net_stats_update	1.0
1775131075.883930	zeek	counter	zeek_event_handler_invocations_total	name	CaptureLoss::take_measurement	2.0
1775131075.883930	zeek	counter	zeek_event_handler_invocations_total	name	dns_end	24.0
1775131075.883930	zeek	counter	zeek_event_handler_invocations_total	name	dns_PTR_reply	8.0
1775131075.883930	zeek	counter	zeek_event_handler_invocations_total	name	check_stats	1.0
1775131075.883930	zeek	counter	zeek_event_handler_invocations_total	name	new_connection	12.0
1775131075.883930	zeek	counter	zeek_event_handler_invocations_total	name	zeek_script_loaded	538.0
1775131075.883930	zeek	counter	zeek_event_handler_invocations_total	name	known_service_add	1.0
1775131075.883930	zeek	counter	zeek_event_handler_invocations_total	name	Broker::log_flush	60.0
1775131075.883930	zeek	counter	zeek_event_handler_invocations_total	name	SumStats::finish_epoch	3.0
1775131075.883930	zeek	counter	zeek_event_handler_invocations_total	name	mqtt_publish	99.0
1775131075.883930	zeek	counter	zeek_event_handler_invocations_total	name	filter_change_tracking	2.0
1775131075.883930	zeek	counter	zeek_event_handler_invocations_total	name	NetControl::init	1.0
1775131075.883930	zeek	counter	zeek_event_handler_invocations_total	name	Telemetry::log	2.0
1775131075.883930	zeek	counter	zeek_event_handler_invocations_total	name	mqtt_suback	1.0
1775131075.883930	zeek	counter	zeek_event_handler_invocations_total	name	ChecksumOffloading::check	2.0
1775131075.883930	zeek	counter	zeek_event_handler_invocations_total	name	zeek_init	1.0
1775131075.883930	zeek	counter	zeek_event_handler_invocations_total	name	dns_request	32.0
1775131075.883930	zeek	counter	zeek_event_handler_invocations_total	name	mqtt_connack	1.0
1775131075.883930	zeek	counter	zeek_event_handler_invocations_total	name	dns_AAAA_reply	7.0
1775131075.883930	zeek	counter	zeek_event_handler_invocations_total	name	grab_vulnerable_versions	2.0
1775131075.883930	zeek	counter	zeek_event_handler_invocations_total	name	dns_A_reply	1.0
1775131075.883930	zeek	counter	zeek_event_handler_invocations_total	name	connection_flipped	1.0
1775131075.883930	zeek	counter	zeek_event_handler_invocations_total	name	analyzer_confirmation_info	10.0
1775131075.883930	zeek	counter	zeek_event_handler_invocations_total	name	connection_established	1.0
1775131075.883930	zeek	counter	zeek_event_handler_invocations_total	name	Known::host_found	2.0
1775131075.883930	zeek	counter	zeek_event_handler_invocations_total	name	mqtt_subscribe	1.0
1775131075.883930	zeek	counter	zeek_event_handler_invocations_total	name	known_host_add	2.0
1775131075.883930	zeek	counter	zeek_event_handler_invocations_total	name	mqtt_connect	1.0
1775131075.883930	zeek	counter	zeek_total_sessions_total	protocol	icmp	2.0
1775131075.883930	zeek	counter	zeek_total_sessions_total	protocol	udp	6.0
1775131075.883930	zeek	counter	zeek_total_sessions_total	protocol	tcp	4.0
1775131075.883930	zeek	gauge	zeek_version_info	beta,commit,debug,major,minor,patch,version_number,version_string	false,0,false,8,1,1,80101,8.1.1	1.0
1775131075.883930	zeek	gauge	zeek_net_packet_lag_seconds	(empty)	(empty)	0.000889
1775131075.883930	zeek	gauge	zeek_net_timestamp_seconds	(empty)	(empty)	1775131075.88393
1775131075.883930	zeek	gauge	zeek_msgthread_active_threads	(empty)	(empty)	12.0
1775131075.883930	zeek	gauge	zeek_msgthread_pending_in_messages	(empty)	(empty)	0.0
1775131075.883930	zeek	gauge	zeek_msgthread_pending_out_messages	(empty)	(empty)	0.0
1775131075.883930	zeek	gauge	zeek_msgthread_pending_messages_in_buckets	leq	inf	12.0
1775131075.883930	zeek	gauge	zeek_msgthread_pending_messages_in_buckets	leq	10000	12.0
1775131075.883930	zeek	gauge	zeek_msgthread_pending_messages_in_buckets	leq	1000	12.0
1775131075.883930	zeek	gauge	zeek_msgthread_pending_messages_in_buckets	leq	100	12.0
1775131075.883930	zeek	gauge	zeek_msgthread_pending_messages_in_buckets	leq	10	12.0
1775131075.883930	zeek	gauge	zeek_msgthread_pending_messages_in_buckets	leq	1	12.0
1775131075.883930	zeek	gauge	zeek_msgthread_pending_messages_out_buckets	leq	inf	12.0
1775131075.883930	zeek	gauge	zeek_msgthread_pending_messages_out_buckets	leq	10000	12.0
1775131075.883930	zeek	gauge	zeek_msgthread_pending_messages_out_buckets	leq	1000	12.0
1775131075.883930	zeek	gauge	zeek_msgthread_pending_messages_out_buckets	leq	100	12.0
1775131075.883930	zeek	gauge	zeek_msgthread_pending_messages_out_buckets	leq	10	12.0
1775131075.883930	zeek	gauge	zeek_msgthread_pending_messages_out_buckets	leq	1	12.0
1775131075.883930	zeek	gauge	zeek_broker_peers	(empty)	(empty)	0.0
1775131075.883930	zeek	gauge	zeek_broker_stores	(empty)	(empty)	1.0
1775131075.883930	zeek	gauge	zeek_broker_pending_queries	(empty)	(empty)	0.0
1775131075.883930	zeek	gauge	zeek_timers_lag_time_seconds	(empty)	(empty)	0.085979
1775131075.883930	zeek	gauge	zeek_timers_pending	type	LogDelayExpire	0.0
1775131075.883930	zeek	gauge	zeek_timers_pending	type	ThreadHeartbeat	1.0
1775131075.883930	zeek	gauge	zeek_timers_pending	type	TimerMgrExpireTimer	0.0
1775131075.883930	zeek	gauge	zeek_timers_pending	type	ParentProcessIDCheck	0.0
1775131075.883930	zeek	gauge	zeek_timers_pending	type	FragTimer	0.0
1775131075.883930	zeek	gauge	zeek_timers_pending	type	RotateTimer	0.0
1775131075.883930	zeek	gauge	zeek_timers_pending	type	FlowWeirdTimer	0.0
1775131075.883930	zeek	gauge	zeek_timers_pending	type	FileAnalysisInactivityTimer	0.0
1775131075.883930	zeek	gauge	zeek_timers_pending	type	StorageExpire	1.0
1775131075.883930	zeek	gauge	zeek_timers_pending	type	ConnectionInactivityTimer	7.0
1775131075.883930	zeek	gauge	zeek_timers_pending	type	TCPConnectionExpireTimer	4.0
1775131075.883930	zeek	gauge	zeek_timers_pending	type	ConnectionStatusUpdateTimer	0.0
1775131075.883930	zeek	gauge	zeek_timers_pending	type	LogFlushWriteBufferTimer	1.0
1775131075.883930	zeek	gauge	zeek_timers_pending	type	NetWeirdTimer	0.0
1775131075.883930	zeek	gauge	zeek_timers_pending	type	InterconnTimer	0.0
1775131075.883930	zeek	gauge	zeek_timers_pending	type	IPTunnelInactivityTimer	0.0
1775131075.883930	zeek	gauge	zeek_timers_pending	type	DNSExpireTimer	1.0
1775131075.883930	zeek	gauge	zeek_timers_pending	type	UnknownProtocolExpire	0.0
1775131075.883930	zeek	gauge	zeek_timers_pending	type	ProfileTimer	0.0
1775131075.883930	zeek	gauge	zeek_timers_pending	type	ConnectionExpireTimer	0.0
1775131075.883930	zeek	gauge	zeek_timers_pending	type	BreakpointTimer	0.0
1775131075.883930	zeek	gauge	zeek_timers_pending	type	BackdoorTimer	0.0
1775131075.883930	zeek	gauge	zeek_timers_pending	type	NetbiosExpireTimer	0.0
1775131075.883930	zeek	gauge	zeek_timers_pending	type	NetworkTimer	0.0
1775131075.883930	zeek	gauge	zeek_timers_pending	type	RemoveConnection	0.0
1775131075.883930	zeek	gauge	zeek_timers_pending	type	TCPConnectionResetTimer	0.0
1775131075.883930	zeek	gauge	zeek_timers_pending	type	ConnTupleWeirdTimer	0.0
1775131075.883930	zeek	gauge	zeek_timers_pending	type	TCPConnectionDeleteTimer	0.0
1775131075.883930	zeek	gauge	zeek_timers_pending	type	ScheduleTimer	6.0
1775131075.883930	zeek	gauge	zeek_timers_pending	type	NTPExpireTimer	0.0
1775131075.883930	zeek	gauge	zeek_timers_pending	type	RPCExpireTimer	0.0
1775131075.883930	zeek	gauge	zeek_timers_pending	type	ConnectionDeleteTimer	0.0
1775131075.883930	zeek	gauge	zeek_timers_pending	type	TriggerTimer	0.0
1775131075.883930	zeek	gauge	zeek_timers_pending	type	TableValTimer	34.0
1775131075.883930	zeek	gauge	zeek_timers_pending	type	TCPConnectionAttemptTimer	0.0
1775131075.883930	zeek	gauge	zeek_timers_pending	type	TCPConnectionPartialClose	0.0
1775131075.883930	zeek	gauge	zeek_dnsmgr_pending_asyncs_requests	(empty)	(empty)	0.0
1775131075.883930	zeek	gauge	zeek_dnsmgr_cache_entries	type	text	0.0
1775131075.883930	zeek	gauge	zeek_dnsmgr_cache_entries	type	address	0.0
1775131075.883930	zeek	gauge	zeek_dnsmgr_cache_entries	type	host	0.0
1775131075.883930	zeek	gauge	zeek_pending_triggers	(empty)	(empty)	0.0
1775131075.883930	zeek	gauge	zeek_active_sessions	protocol	icmp	2.0
1775131075.883930	zeek	gauge	zeek_active_sessions	protocol	udp	1.0
1775131075.883930	zeek	gauge	zeek_active_sessions	protocol	tcp	4.0
1775131075.883930	zeek	counter	process_cpu_user_seconds_total	(empty)	(empty)	0.55
1775131075.883930	zeek	counter	process_cpu_system_seconds_total	(empty)	(empty)	0.79
1775131075.883930	zeek	gauge	process_resident_memory_bytes	(empty)	(empty)	283631616.0
1775131075.883930	zeek	gauge	process_virtual_memory_bytes	(empty)	(empty)	1920868352.0
1775131075.883930	zeek	gauge	process_open_fds	(empty)	(empty)	57.0
1775131075.883930	zeek	gauge	process_start_time_seconds	(empty)	(empty)	1775131014.997737
1775131135.890947	zeek	counter	zeek_log_stream_writes_total	module,stream	CaptureLoss,CaptureLoss::LOG	1.0
1775131135.890947	zeek	counter	zeek_log_stream_writes_total	module,stream	Conn,Conn::LOG	9.0
1775131135.890947	zeek	counter	zeek_log_stream_writes_total	module,stream	MQTT,MQTT::SUBSCRIBE_LOG	1.0
1775131135.890947	zeek	counter	zeek_log_stream_writes_total	module,stream	Known,Known::HOSTS_LOG	2.0
1775131135.890947	zeek	counter	zeek_log_stream_writes_total	module,stream	Known,Known::SERVICES_LOG	1.0
1775131135.890947	zeek	counter	zeek_log_stream_writes_total	module,stream	DNS,DNS::LOG	19.0
1775131135.890947	zeek	counter	zeek_log_stream_writes_total	module,stream	MQTT,MQTT::PUBLISH_LOG	192.0
1775131135.890947	zeek	counter	zeek_log_stream_writes_total	module,stream	Stats,Stats::LOG	1.0
1775131135.890947	zeek	counter	zeek_log_stream_writes_total	module,stream	Telemetry,Telemetry::LOG	302.0
1775131135.890947	zeek	counter	zeek_log_stream_writes_total	module,stream	LoadedScripts,LoadedScripts::LOG	538.0
1775131135.890947	zeek	counter	zeek_log_stream_writes_total	module,stream	MQTT,MQTT::CONNECT_LOG	1.0
1775131135.890947	zeek	counter	zeek_log_stream_writes_total	module,stream	PacketFilter,PacketFilter::LOG	1.0
1775131135.890947	zeek	counter	zeek_log_writer_writes_total	filter_name,module,path,stream,writer	default,CaptureLoss,capture_loss,CaptureLoss::LOG,Log::WRITER_ASCII	1.0
1775131135.890947	zeek	counter	zeek_log_writer_writes_total	filter_name,module,path,stream,writer	default,Conn,conn,Conn::LOG,Log::WRITER_ASCII	9.0
1775131135.890947	zeek	counter	zeek_log_writer_writes_total	filter_name,module,path,stream,writer	default,MQTT,mqtt_subscribe,MQTT::SUBSCRIBE_LOG,Log::WRITER_ASCII	1.0
1775131135.890947	zeek	counter	zeek_log_writer_writes_total	filter_name,module,path,stream,writer	default,Known,known_hosts,Known::HOSTS_LOG,Log::WRITER_ASCII	2.0
1775131135.890947	zeek	counter	zeek_log_writer_writes_total	filter_name,module,path,stream,writer	default,MQTT,mqtt_publish,MQTT::PUBLISH_LOG,Log::WRITER_ASCII	192.0
1775131135.890947	zeek	counter	zeek_log_writer_writes_total	filter_name,module,path,stream,writer	default,DNS,dns,DNS::LOG,Log::WRITER_ASCII	19.0
1775131135.890947	zeek	counter	zeek_log_writer_writes_total	filter_name,module,path,stream,writer	default,Known,known_services,Known::SERVICES_LOG,Log::WRITER_ASCII	1.0
1775131135.890947	zeek	counter	zeek_log_writer_writes_total	filter_name,module,path,stream,writer	default,Stats,stats,Stats::LOG,Log::WRITER_ASCII	1.0
1775131135.890947	zeek	counter	zeek_log_writer_writes_total	filter_name,module,path,stream,writer	default,Telemetry,telemetry,Telemetry::LOG,Log::WRITER_ASCII	302.0
1775131135.890947	zeek	counter	zeek_log_writer_writes_total	filter_name,module,path,stream,writer	default,MQTT,mqtt_connect,MQTT::CONNECT_LOG,Log::WRITER_ASCII	1.0
1775131135.890947	zeek	counter	zeek_log_writer_writes_total	filter_name,module,path,stream,writer	default,LoadedScripts,loaded_scripts,LoadedScripts::LOG,Log::WRITER_ASCII	538.0
1775131135.890947	zeek	counter	zeek_log_writer_writes_total	filter_name,module,path,stream,writer	default,PacketFilter,packet_filter,PacketFilter::LOG,Log::WRITER_ASCII	1.0
1775131135.890947	zeek	counter	zeek_log_writer_discarded_writes_total	filter_name,module,path,stream,writer	default,CaptureLoss,capture_loss,CaptureLoss::LOG,Log::WRITER_ASCII	0.0
1775131135.890947	zeek	counter	zeek_log_writer_discarded_writes_total	filter_name,module,path,stream,writer	default,Conn,conn,Conn::LOG,Log::WRITER_ASCII	0.0
1775131135.890947	zeek	counter	zeek_log_writer_discarded_writes_total	filter_name,module,path,stream,writer	default,MQTT,mqtt_subscribe,MQTT::SUBSCRIBE_LOG,Log::WRITER_ASCII	0.0
1775131135.890947	zeek	counter	zeek_log_writer_discarded_writes_total	filter_name,module,path,stream,writer	default,Known,known_hosts,Known::HOSTS_LOG,Log::WRITER_ASCII	0.0
1775131135.890947	zeek	counter	zeek_log_writer_discarded_writes_total	filter_name,module,path,stream,writer	default,MQTT,mqtt_publish,MQTT::PUBLISH_LOG,Log::WRITER_ASCII	0.0
1775131135.890947	zeek	counter	zeek_log_writer_discarded_writes_total	filter_name,module,path,stream,writer	default,DNS,dns,DNS::LOG,Log::WRITER_ASCII	0.0
1775131135.890947	zeek	counter	zeek_log_writer_discarded_writes_total	filter_name,module,path,stream,writer	default,Known,known_services,Known::SERVICES_LOG,Log::WRITER_ASCII	0.0
1775131135.890947	zeek	counter	zeek_log_writer_discarded_writes_total	filter_name,module,path,stream,writer	default,Stats,stats,Stats::LOG,Log::WRITER_ASCII	0.0
1775131135.890947	zeek	counter	zeek_log_writer_discarded_writes_total	filter_name,module,path,stream,writer	default,Telemetry,telemetry,Telemetry::LOG,Log::WRITER_ASCII	0.0
1775131135.890947	zeek	counter	zeek_log_writer_discarded_writes_total	filter_name,module,path,stream,writer	default,MQTT,mqtt_connect,MQTT::CONNECT_LOG,Log::WRITER_ASCII	0.0
1775131135.890947	zeek	counter	zeek_log_writer_discarded_writes_total	filter_name,module,path,stream,writer	default,LoadedScripts,loaded_scripts,LoadedScripts::LOG,Log::WRITER_ASCII	0.0
1775131135.890947	zeek	counter	zeek_log_writer_discarded_writes_total	filter_name,module,path,stream,writer	default,PacketFilter,packet_filter,PacketFilter::LOG,Log::WRITER_ASCII	0.0
1775131135.890947	zeek	counter	zeek_log_writer_truncated_string_fields_total	filter_name,module,path,stream,writer	default,CaptureLoss,capture_loss,CaptureLoss::LOG,Log::WRITER_ASCII	0.0
1775131135.890947	zeek	counter	zeek_log_writer_truncated_string_fields_total	filter_name,module,path,stream,writer	default,Conn,conn,Conn::LOG,Log::WRITER_ASCII	0.0
1775131135.890947	zeek	counter	zeek_log_writer_truncated_string_fields_total	filter_name,module,path,stream,writer	default,MQTT,mqtt_subscribe,MQTT::SUBSCRIBE_LOG,Log::WRITER_ASCII	0.0
1775131135.890947	zeek	counter	zeek_log_writer_truncated_string_fields_total	filter_name,module,path,stream,writer	default,Known,known_hosts,Known::HOSTS_LOG,Log::WRITER_ASCII	0.0
1775131135.890947	zeek	counter	zeek_log_writer_truncated_string_fields_total	filter_name,module,path,stream,writer	default,MQTT,mqtt_publish,MQTT::PUBLISH_LOG,Log::WRITER_ASCII	0.0
1775131135.890947	zeek	counter	zeek_log_writer_truncated_string_fields_total	filter_name,module,path,stream,writer	default,DNS,dns,DNS::LOG,Log::WRITER_ASCII	0.0
1775131135.890947	zeek	counter	zeek_log_writer_truncated_string_fields_total	filter_name,module,path,stream,writer	default,Known,known_services,Known::SERVICES_LOG,Log::WRITER_ASCII	0.0
1775131135.890947	zeek	counter	zeek_log_writer_truncated_string_fields_total	filter_name,module,path,stream,writer	default,Stats,stats,Stats::LOG,Log::WRITER_ASCII	0.0
1775131135.890947	zeek	counter	zeek_log_writer_truncated_string_fields_total	filter_name,module,path,stream,writer	default,Telemetry,telemetry,Telemetry::LOG,Log::WRITER_ASCII	0.0
1775131135.890947	zeek	counter	zeek_log_writer_truncated_string_fields_total	filter_name,module,path,stream,writer	default,MQTT,mqtt_connect,MQTT::CONNECT_LOG,Log::WRITER_ASCII	0.0
1775131135.890947	zeek	counter	zeek_log_writer_truncated_string_fields_total	filter_name,module,path,stream,writer	default,LoadedScripts,loaded_scripts,LoadedScripts::LOG,Log::WRITER_ASCII	0.0
1775131135.890947	zeek	counter	zeek_log_writer_truncated_string_fields_total	filter_name,module,path,stream,writer	default,PacketFilter,packet_filter,PacketFilter::LOG,Log::WRITER_ASCII	0.0
1775131135.890947	zeek	counter	zeek_log_writer_truncated_containers_total	filter_name,module,path,stream,writer	default,CaptureLoss,capture_loss,CaptureLoss::LOG,Log::WRITER_ASCII	0.0
1775131135.890947	zeek	counter	zeek_log_writer_truncated_containers_total	filter_name,module,path,stream,writer	default,Conn,conn,Conn::LOG,Log::WRITER_ASCII	0.0
1775131135.890947	zeek	counter	zeek_log_writer_truncated_containers_total	filter_name,module,path,stream,writer	default,MQTT,mqtt_subscribe,MQTT::SUBSCRIBE_LOG,Log::WRITER_ASCII	0.0
1775131135.890947	zeek	counter	zeek_log_writer_truncated_containers_total	filter_name,module,path,stream,writer	default,Known,known_hosts,Known::HOSTS_LOG,Log::WRITER_ASCII	0.0
1775131135.890947	zeek	counter	zeek_log_writer_truncated_containers_total	filter_name,module,path,stream,writer	default,MQTT,mqtt_publish,MQTT::PUBLISH_LOG,Log::WRITER_ASCII	0.0
1775131135.890947	zeek	counter	zeek_log_writer_truncated_containers_total	filter_name,module,path,stream,writer	default,DNS,dns,DNS::LOG,Log::WRITER_ASCII	0.0
1775131135.890947	zeek	counter	zeek_log_writer_truncated_containers_total	filter_name,module,path,stream,writer	default,Known,known_services,Known::SERVICES_LOG,Log::WRITER_ASCII	0.0
1775131135.890947	zeek	counter	zeek_log_writer_truncated_containers_total	filter_name,module,path,stream,writer	default,Stats,stats,Stats::LOG,Log::WRITER_ASCII	0.0
1775131135.890947	zeek	counter	zeek_log_writer_truncated_containers_total	filter_name,module,path,stream,writer	default,Telemetry,telemetry,Telemetry::LOG,Log::WRITER_ASCII	0.0
1775131135.890947	zeek	counter	zeek_log_writer_truncated_containers_total	filter_name,module,path,stream,writer	default,MQTT,mqtt_connect,MQTT::CONNECT_LOG,Log::WRITER_ASCII	0.0
1775131135.890947	zeek	counter	zeek_log_writer_truncated_containers_total	filter_name,module,path,stream,writer	default,LoadedScripts,loaded_scripts,LoadedScripts::LOG,Log::WRITER_ASCII	0.0
1775131135.890947	zeek	counter	zeek_log_writer_truncated_containers_total	filter_name,module,path,stream,writer	default,PacketFilter,packet_filter,PacketFilter::LOG,Log::WRITER_ASCII	0.0
1775131135.890947	zeek	counter	zeek_net_received_bytes_total	(empty)	(empty)	56964.0
1775131135.890947	zeek	counter	zeek_net_received_packets_total	(empty)	(empty)	477.0
1775131135.890947	zeek	counter	zeek_net_dropped_packets_total	(empty)	(empty)	0.0
1775131135.890947	zeek	counter	zeek_net_link_packets_total	(empty)	(empty)	477.0
1775131135.890947	zeek	counter	zeek_msgthread_threads_total	(empty)	(empty)	12.0
1775131135.890947	zeek	counter	zeek_msgthread_in_messages_total	(empty)	(empty)	101.0
1775131135.890947	zeek	counter	zeek_msgthread_out_messages_total	(empty)	(empty)	0.0
1775131135.890947	zeek	counter	zeek_cluster_core_outgoing_events_total	(empty)	(empty)	0.0
1775131135.890947	zeek	counter	zeek_cluster_core_incoming_events_total	(empty)	(empty)	0.0
1775131135.890947	zeek	counter	zeek_broker_incoming_events_total	(empty)	(empty)	0.0
1775131135.890947	zeek	counter	zeek_broker_outgoing_events_total	(empty)	(empty)	0.0
1775131135.890947	zeek	counter	zeek_broker_incoming_logs_total	(empty)	(empty)	0.0
1775131135.890947	zeek	counter	zeek_broker_outgoing_logs_total	(empty)	(empty)	0.0
1775131135.890947	zeek	counter	zeek_broker_incoming_ids_total	(empty)	(empty)	0.0
1775131135.890947	zeek	counter	zeek_broker_outgoing_ids_total	(empty)	(empty)	0.0
1775131135.890947	zeek	counter	zeek_timers_total	(empty)	(empty)	981.0
1775131135.890947	zeek	counter	zeek_dnsmgr_requests_total	(empty)	(empty)	0.0
1775131135.890947	zeek	counter	zeek_dnsmgr_successful_requests_total	(empty)	(empty)	0.0
1775131135.890947	zeek	counter	zeek_dnsmgr_failed_requests_total	(empty)	(empty)	0.0
1775131135.890947	zeek	counter	zeek_triggers_total	(empty)	(empty)	0.0
1775131135.890947	zeek	counter	zeek_ended_sessions_total	reason	inactivity	1.0
1775131135.890947	zeek	counter	zeek_event_handler_invocations_total	name	connection_state_remove	9.0
1775131135.890947	zeek	counter	zeek_event_handler_invocations_total	name	dns_message	26.0
1775131135.890947	zeek	counter	zeek_event_handler_invocations_total	name	service_info_commit	2.0
1775131135.890947	zeek	counter	zeek_event_handler_invocations_total	name	net_stats_update	1.0
1775131135.890947	zeek	counter	zeek_event_handler_invocations_total	name	CaptureLoss::take_measurement	2.0
1775131135.890947	zeek	counter	zeek_event_handler_invocations_total	name	dns_end	26.0
1775131135.890947	zeek	counter	zeek_event_handler_invocations_total	name	dns_PTR_reply	8.0
1775131135.890947	zeek	counter	zeek_event_handler_invocations_total	name	check_stats	1.0
1775131135.890947	zeek	counter	zeek_event_handler_invocations_total	name	new_connection	14.0
1775131135.890947	zeek	counter	zeek_event_handler_invocations_total	name	zeek_script_loaded	538.0
1775131135.890947	zeek	counter	zeek_event_handler_invocations_total	name	known_service_add	1.0
1775131135.890947	zeek	counter	zeek_event_handler_invocations_total	name	Broker::log_flush	119.0
1775131135.890947	zeek	counter	zeek_event_handler_invocations_total	name	SumStats::finish_epoch	3.0
1775131135.890947	zeek	counter	zeek_event_handler_invocations_total	name	mqtt_publish	192.0
1775131135.890947	zeek	counter	zeek_event_handler_invocations_total	name	filter_change_tracking	2.0
1775131135.890947	zeek	counter	zeek_event_handler_invocations_total	name	NetControl::init	1.0
1775131135.890947	zeek	counter	zeek_event_handler_invocations_total	name	Telemetry::log	3.0
1775131135.890947	zeek	counter	zeek_event_handler_invocations_total	name	mqtt_suback	1.0
1775131135.890947	zeek	counter	zeek_event_handler_invocations_total	name	ChecksumOffloading::check	2.0
1775131135.890947	zeek	counter	zeek_event_handler_invocations_total	name	zeek_init	1.0
1775131135.890947	zeek	counter	zeek_event_handler_invocations_total	name	dns_request	36.0
1775131135.890947	zeek	counter	zeek_event_handler_invocations_total	name	mqtt_connack	1.0
1775131135.890947	zeek	counter	zeek_event_handler_invocations_total	name	dns_AAAA_reply	7.0
1775131135.890947	zeek	counter	zeek_event_handler_invocations_total	name	grab_vulnerable_versions	2.0
1775131135.890947	zeek	counter	zeek_event_handler_invocations_total	name	dns_A_reply	1.0
1775131135.890947	zeek	counter	zeek_event_handler_invocations_total	name	connection_flipped	1.0
1775131135.890947	zeek	counter	zeek_event_handler_invocations_total	name	analyzer_confirmation_info	12.0
1775131135.890947	zeek	counter	zeek_event_handler_invocations_total	name	connection_established	1.0
1775131135.890947	zeek	counter	zeek_event_handler_invocations_total	name	Known::host_found	2.0
1775131135.890947	zeek	counter	zeek_event_handler_invocations_total	name	mqtt_subscribe	1.0
1775131135.890947	zeek	counter	zeek_event_handler_invocations_total	name	known_host_add	2.0
1775131135.890947	zeek	counter	zeek_event_handler_invocations_total	name	mqtt_connect	1.0
1775131135.890947	zeek	counter	zeek_total_sessions_total	protocol	icmp	2.0
1775131135.890947	zeek	counter	zeek_total_sessions_total	protocol	udp	8.0
1775131135.890947	zeek	counter	zeek_total_sessions_total	protocol	tcp	4.0
1775131135.890947	zeek	gauge	zeek_version_info	beta,commit,debug,major,minor,patch,version_number,version_string	false,0,false,8,1,1,80101,8.1.1	1.0
1775131135.890947	zeek	gauge	zeek_net_packet_lag_seconds	(empty)	(empty)	0.001112
1775131135.890947	zeek	gauge	zeek_net_timestamp_seconds	(empty)	(empty)	1775131135.890947
1775131135.890947	zeek	gauge	zeek_msgthread_active_threads	(empty)	(empty)	12.0
1775131135.890947	zeek	gauge	zeek_msgthread_pending_in_messages	(empty)	(empty)	0.0
1775131135.890947	zeek	gauge	zeek_msgthread_pending_out_messages	(empty)	(empty)	0.0
1775131135.890947	zeek	gauge	zeek_msgthread_pending_messages_in_buckets	leq	inf	12.0
1775131135.890947	zeek	gauge	zeek_msgthread_pending_messages_in_buckets	leq	10000	12.0
1775131135.890947	zeek	gauge	zeek_msgthread_pending_messages_in_buckets	leq	1000	12.0
1775131135.890947	zeek	gauge	zeek_msgthread_pending_messages_in_buckets	leq	100	12.0
1775131135.890947	zeek	gauge	zeek_msgthread_pending_messages_in_buckets	leq	10	12.0
1775131135.890947	zeek	gauge	zeek_msgthread_pending_messages_in_buckets	leq	1	12.0
1775131135.890947	zeek	gauge	zeek_msgthread_pending_messages_out_buckets	leq	inf	12.0
1775131135.890947	zeek	gauge	zeek_msgthread_pending_messages_out_buckets	leq	10000	12.0
1775131135.890947	zeek	gauge	zeek_msgthread_pending_messages_out_buckets	leq	1000	12.0
1775131135.890947	zeek	gauge	zeek_msgthread_pending_messages_out_buckets	leq	100	12.0
1775131135.890947	zeek	gauge	zeek_msgthread_pending_messages_out_buckets	leq	10	12.0
1775131135.890947	zeek	gauge	zeek_msgthread_pending_messages_out_buckets	leq	1	12.0
1775131135.890947	zeek	gauge	zeek_broker_peers	(empty)	(empty)	0.0
1775131135.890947	zeek	gauge	zeek_broker_stores	(empty)	(empty)	1.0
1775131135.890947	zeek	gauge	zeek_broker_pending_queries	(empty)	(empty)	0.0
1775131135.890947	zeek	gauge	zeek_timers_lag_time_seconds	(empty)	(empty)	0.007017
1775131135.890947	zeek	gauge	zeek_timers_pending	type	LogDelayExpire	0.0
1775131135.890947	zeek	gauge	zeek_timers_pending	type	ThreadHeartbeat	1.0
1775131135.890947	zeek	gauge	zeek_timers_pending	type	TimerMgrExpireTimer	0.0
1775131135.890947	zeek	gauge	zeek_timers_pending	type	ParentProcessIDCheck	0.0
1775131135.890947	zeek	gauge	zeek_timers_pending	type	FragTimer	0.0
1775131135.890947	zeek	gauge	zeek_timers_pending	type	RotateTimer	0.0
1775131135.890947	zeek	gauge	zeek_timers_pending	type	FlowWeirdTimer	0.0
1775131135.890947	zeek	gauge	zeek_timers_pending	type	FileAnalysisInactivityTimer	0.0
1775131135.890947	zeek	gauge	zeek_timers_pending	type	StorageExpire	1.0
1775131135.890947	zeek	gauge	zeek_timers_pending	type	ConnectionInactivityTimer	5.0
1775131135.890947	zeek	gauge	zeek_timers_pending	type	TCPConnectionExpireTimer	4.0
1775131135.890947	zeek	gauge	zeek_timers_pending	type	ConnectionStatusUpdateTimer	0.0
1775131135.890947	zeek	gauge	zeek_timers_pending	type	LogFlushWriteBufferTimer	1.0
1775131135.890947	zeek	gauge	zeek_timers_pending	type	NetWeirdTimer	0.0
1775131135.890947	zeek	gauge	zeek_timers_pending	type	InterconnTimer	0.0
1775131135.890947	zeek	gauge	zeek_timers_pending	type	IPTunnelInactivityTimer	0.0
1775131135.890947	zeek	gauge	zeek_timers_pending	type	DNSExpireTimer	0.0
1775131135.890947	zeek	gauge	zeek_timers_pending	type	UnknownProtocolExpire	0.0
1775131135.890947	zeek	gauge	zeek_timers_pending	type	ProfileTimer	0.0
1775131135.890947	zeek	gauge	zeek_timers_pending	type	ConnectionExpireTimer	0.0
1775131135.890947	zeek	gauge	zeek_timers_pending	type	BreakpointTimer	0.0
1775131135.890947	zeek	gauge	zeek_timers_pending	type	BackdoorTimer	0.0
1775131135.890947	zeek	gauge	zeek_timers_pending	type	NetbiosExpireTimer	0.0
1775131135.890947	zeek	gauge	zeek_timers_pending	type	NetworkTimer	0.0
1775131135.890947	zeek	gauge	zeek_timers_pending	type	RemoveConnection	0.0
1775131135.890947	zeek	gauge	zeek_timers_pending	type	TCPConnectionResetTimer	0.0
1775131135.890947	zeek	gauge	zeek_timers_pending	type	ConnTupleWeirdTimer	0.0
1775131135.890947	zeek	gauge	zeek_timers_pending	type	TCPConnectionDeleteTimer	0.0
1775131135.890947	zeek	gauge	zeek_timers_pending	type	ScheduleTimer	6.0
1775131135.890947	zeek	gauge	zeek_timers_pending	type	NTPExpireTimer	0.0
1775131135.890947	zeek	gauge	zeek_timers_pending	type	RPCExpireTimer	0.0
1775131135.890947	zeek	gauge	zeek_timers_pending	type	ConnectionDeleteTimer	0.0
1775131135.890947	zeek	gauge	zeek_timers_pending	type	TriggerTimer	0.0
1775131135.890947	zeek	gauge	zeek_timers_pending	type	TableValTimer	34.0
1775131135.890947	zeek	gauge	zeek_timers_pending	type	TCPConnectionAttemptTimer	0.0
1775131135.890947	zeek	gauge	zeek_timers_pending	type	TCPConnectionPartialClose	0.0
1775131135.890947	zeek	gauge	zeek_dnsmgr_pending_asyncs_requests	(empty)	(empty)	0.0
1775131135.890947	zeek	gauge	zeek_dnsmgr_cache_entries	type	text	0.0
1775131135.890947	zeek	gauge	zeek_dnsmgr_cache_entries	type	address	0.0
1775131135.890947	zeek	gauge	zeek_dnsmgr_cache_entries	type	host	0.0
1775131135.890947	zeek	gauge	zeek_pending_triggers	(empty)	(empty)	0.0
1775131135.890947	zeek	gauge	zeek_active_sessions	protocol	icmp	1.0
1775131135.890947	zeek	gauge	zeek_active_sessions	protocol	udp	0.0
1775131135.890947	zeek	gauge	zeek_active_sessions	protocol	tcp	4.0
1775131135.890947	zeek	counter	process_cpu_user_seconds_total	(empty)	(empty)	0.81
1775131135.890947	zeek	counter	process_cpu_system_seconds_total	(empty)	(empty)	1.26
1775131135.890947	zeek	gauge	process_resident_memory_bytes	(empty)	(empty)	283631616.0
1775131135.890947	zeek	gauge	process_virtual_memory_bytes	(empty)	(empty)	1920868352.0
1775131135.890947	zeek	gauge	process_open_fds	(empty)	(empty)	58.0
1775131135.890947	zeek	gauge	process_start_time_seconds	(empty)	(empty)	1775131014.997737
1775131195.895094	zeek	counter	zeek_log_stream_writes_total	module,stream	CaptureLoss,CaptureLoss::LOG	1.0
1775131195.895094	zeek	counter	zeek_log_stream_writes_total	module,stream	Conn,Conn::LOG	13.0
1775131195.895094	zeek	counter	zeek_log_stream_writes_total	module,stream	MQTT,MQTT::SUBSCRIBE_LOG	1.0
1775131195.895094	zeek	counter	zeek_log_stream_writes_total	module,stream	Known,Known::HOSTS_LOG	2.0
1775131195.895094	zeek	counter	zeek_log_stream_writes_total	module,stream	Known,Known::SERVICES_LOG	1.0
1775131195.895094	zeek	counter	zeek_log_stream_writes_total	module,stream	DNS,DNS::LOG	22.0
1775131195.895094	zeek	counter	zeek_log_stream_writes_total	module,stream	MQTT,MQTT::PUBLISH_LOG	291.0
1775131195.895094	zeek	counter	zeek_log_stream_writes_total	module,stream	Stats,Stats::LOG	1.0
1775131195.895094	zeek	counter	zeek_log_stream_writes_total	module,stream	Telemetry,Telemetry::LOG	490.0
1775131195.895094	zeek	counter	zeek_log_stream_writes_total	module,stream	LoadedScripts,LoadedScripts::LOG	538.0
1775131195.895094	zeek	counter	zeek_log_stream_writes_total	module,stream	MQTT,MQTT::CONNECT_LOG	1.0
1775131195.895094	zeek	counter	zeek_log_stream_writes_total	module,stream	PacketFilter,PacketFilter::LOG	1.0
1775131195.895094	zeek	counter	zeek_log_writer_writes_total	filter_name,module,path,stream,writer	default,CaptureLoss,capture_loss,CaptureLoss::LOG,Log::WRITER_ASCII	1.0
1775131195.895094	zeek	counter	zeek_log_writer_writes_total	filter_name,module,path,stream,writer	default,Conn,conn,Conn::LOG,Log::WRITER_ASCII	13.0
1775131195.895094	zeek	counter	zeek_log_writer_writes_total	filter_name,module,path,stream,writer	default,MQTT,mqtt_subscribe,MQTT::SUBSCRIBE_LOG,Log::WRITER_ASCII	1.0
1775131195.895094	zeek	counter	zeek_log_writer_writes_total	filter_name,module,path,stream,writer	default,Known,known_hosts,Known::HOSTS_LOG,Log::WRITER_ASCII	2.0
1775131195.895094	zeek	counter	zeek_log_writer_writes_total	filter_name,module,path,stream,writer	default,MQTT,mqtt_publish,MQTT::PUBLISH_LOG,Log::WRITER_ASCII	291.0
1775131195.895094	zeek	counter	zeek_log_writer_writes_total	filter_name,module,path,stream,writer	default,DNS,dns,DNS::LOG,Log::WRITER_ASCII	22.0
1775131195.895094	zeek	counter	zeek_log_writer_writes_total	filter_name,module,path,stream,writer	default,Known,known_services,Known::SERVICES_LOG,Log::WRITER_ASCII	1.0
1775131195.895094	zeek	counter	zeek_log_writer_writes_total	filter_name,module,path,stream,writer	default,Stats,stats,Stats::LOG,Log::WRITER_ASCII	1.0
1775131195.895094	zeek	counter	zeek_log_writer_writes_total	filter_name,module,path,stream,writer	default,Telemetry,telemetry,Telemetry::LOG,Log::WRITER_ASCII	490.0
1775131195.895094	zeek	counter	zeek_log_writer_writes_total	filter_name,module,path,stream,writer	default,MQTT,mqtt_connect,MQTT::CONNECT_LOG,Log::WRITER_ASCII	1.0
1775131195.895094	zeek	counter	zeek_log_writer_writes_total	filter_name,module,path,stream,writer	default,LoadedScripts,loaded_scripts,LoadedScripts::LOG,Log::WRITER_ASCII	538.0
1775131195.895094	zeek	counter	zeek_log_writer_writes_total	filter_name,module,path,stream,writer	default,PacketFilter,packet_filter,PacketFilter::LOG,Log::WRITER_ASCII	1.0
1775131195.895094	zeek	counter	zeek_log_writer_discarded_writes_total	filter_name,module,path,stream,writer	default,CaptureLoss,capture_loss,CaptureLoss::LOG,Log::WRITER_ASCII	0.0
1775131195.895094	zeek	counter	zeek_log_writer_discarded_writes_total	filter_name,module,path,stream,writer	default,Conn,conn,Conn::LOG,Log::WRITER_ASCII	0.0
1775131195.895094	zeek	counter	zeek_log_writer_discarded_writes_total	filter_name,module,path,stream,writer	default,MQTT,mqtt_subscribe,MQTT::SUBSCRIBE_LOG,Log::WRITER_ASCII	0.0
1775131195.895094	zeek	counter	zeek_log_writer_discarded_writes_total	filter_name,module,path,stream,writer	default,Known,known_hosts,Known::HOSTS_LOG,Log::WRITER_ASCII	0.0
1775131195.895094	zeek	counter	zeek_log_writer_discarded_writes_total	filter_name,module,path,stream,writer	default,MQTT,mqtt_publish,MQTT::PUBLISH_LOG,Log::WRITER_ASCII	0.0
1775131195.895094	zeek	counter	zeek_log_writer_discarded_writes_total	filter_name,module,path,stream,writer	default,DNS,dns,DNS::LOG,Log::WRITER_ASCII	0.0
1775131195.895094	zeek	counter	zeek_log_writer_discarded_writes_total	filter_name,module,path,stream,writer	default,Known,known_services,Known::SERVICES_LOG,Log::WRITER_ASCII	0.0
1775131195.895094	zeek	counter	zeek_log_writer_discarded_writes_total	filter_name,module,path,stream,writer	default,Stats,stats,Stats::LOG,Log::WRITER_ASCII	0.0
1775131195.895094	zeek	counter	zeek_log_writer_discarded_writes_total	filter_name,module,path,stream,writer	default,Telemetry,telemetry,Telemetry::LOG,Log::WRITER_ASCII	0.0
1775131195.895094	zeek	counter	zeek_log_writer_discarded_writes_total	filter_name,module,path,stream,writer	default,MQTT,mqtt_connect,MQTT::CONNECT_LOG,Log::WRITER_ASCII	0.0
1775131195.895094	zeek	counter	zeek_log_writer_discarded_writes_total	filter_name,module,path,stream,writer	default,LoadedScripts,loaded_scripts,LoadedScripts::LOG,Log::WRITER_ASCII	0.0
1775131195.895094	zeek	counter	zeek_log_writer_discarded_writes_total	filter_name,module,path,stream,writer	default,PacketFilter,packet_filter,PacketFilter::LOG,Log::WRITER_ASCII	0.0
1775131195.895094	zeek	counter	zeek_log_writer_truncated_string_fields_total	filter_name,module,path,stream,writer	default,CaptureLoss,capture_loss,CaptureLoss::LOG,Log::WRITER_ASCII	0.0
1775131195.895094	zeek	counter	zeek_log_writer_truncated_string_fields_total	filter_name,module,path,stream,writer	default,Conn,conn,Conn::LOG,Log::WRITER_ASCII	0.0
1775131195.895094	zeek	counter	zeek_log_writer_truncated_string_fields_total	filter_name,module,path,stream,writer	default,MQTT,mqtt_subscribe,MQTT::SUBSCRIBE_LOG,Log::WRITER_ASCII	0.0
1775131195.895094	zeek	counter	zeek_log_writer_truncated_string_fields_total	filter_name,module,path,stream,writer	default,Known,known_hosts,Known::HOSTS_LOG,Log::WRITER_ASCII	0.0
1775131195.895094	zeek	counter	zeek_log_writer_truncated_string_fields_total	filter_name,module,path,stream,writer	default,MQTT,mqtt_publish,MQTT::PUBLISH_LOG,Log::WRITER_ASCII	0.0
1775131195.895094	zeek	counter	zeek_log_writer_truncated_string_fields_total	filter_name,module,path,stream,writer	default,DNS,dns,DNS::LOG,Log::WRITER_ASCII	0.0
1775131195.895094	zeek	counter	zeek_log_writer_truncated_string_fields_total	filter_name,module,path,stream,writer	default,Known,known_services,Known::SERVICES_LOG,Log::WRITER_ASCII	0.0
1775131195.895094	zeek	counter	zeek_log_writer_truncated_string_fields_total	filter_name,module,path,stream,writer	default,Stats,stats,Stats::LOG,Log::WRITER_ASCII	0.0
1775131195.895094	zeek	counter	zeek_log_writer_truncated_string_fields_total	filter_name,module,path,stream,writer	default,Telemetry,telemetry,Telemetry::LOG,Log::WRITER_ASCII	0.0
1775131195.895094	zeek	counter	zeek_log_writer_truncated_string_fields_total	filter_name,module,path,stream,writer	default,MQTT,mqtt_connect,MQTT::CONNECT_LOG,Log::WRITER_ASCII	0.0
1775131195.895094	zeek	counter	zeek_log_writer_truncated_string_fields_total	filter_name,module,path,stream,writer	default,LoadedScripts,loaded_scripts,LoadedScripts::LOG,Log::WRITER_ASCII	0.0
1775131195.895094	zeek	counter	zeek_log_writer_truncated_string_fields_total	filter_name,module,path,stream,writer	default,PacketFilter,packet_filter,PacketFilter::LOG,Log::WRITER_ASCII	0.0
1775131195.895094	zeek	counter	zeek_log_writer_truncated_containers_total	filter_name,module,path,stream,writer	default,CaptureLoss,capture_loss,CaptureLoss::LOG,Log::WRITER_ASCII	0.0
1775131195.895094	zeek	counter	zeek_log_writer_truncated_containers_total	filter_name,module,path,stream,writer	default,Conn,conn,Conn::LOG,Log::WRITER_ASCII	0.0
1775131195.895094	zeek	counter	zeek_log_writer_truncated_containers_total	filter_name,module,path,stream,writer	default,MQTT,mqtt_subscribe,MQTT::SUBSCRIBE_LOG,Log::WRITER_ASCII	0.0
1775131195.895094	zeek	counter	zeek_log_writer_truncated_containers_total	filter_name,module,path,stream,writer	default,Known,known_hosts,Known::HOSTS_LOG,Log::WRITER_ASCII	0.0
1775131195.895094	zeek	counter	zeek_log_writer_truncated_containers_total	filter_name,module,path,stream,writer	default,MQTT,mqtt_publish,MQTT::PUBLISH_LOG,Log::WRITER_ASCII	0.0
1775131195.895094	zeek	counter	zeek_log_writer_truncated_containers_total	filter_name,module,path,stream,writer	default,DNS,dns,DNS::LOG,Log::WRITER_ASCII	0.0
1775131195.895094	zeek	counter	zeek_log_writer_truncated_containers_total	filter_name,module,path,stream,writer	default,Known,known_services,Known::SERVICES_LOG,Log::WRITER_ASCII	0.0
1775131195.895094	zeek	counter	zeek_log_writer_truncated_containers_total	filter_name,module,path,stream,writer	default,Stats,stats,Stats::LOG,Log::WRITER_ASCII	0.0
1775131195.895094	zeek	counter	zeek_log_writer_truncated_containers_total	filter_name,module,path,stream,writer	default,Telemetry,telemetry,Telemetry::LOG,Log::WRITER_ASCII	0.0
1775131195.895094	zeek	counter	zeek_log_writer_truncated_containers_total	filter_name,module,path,stream,writer	default,MQTT,mqtt_connect,MQTT::CONNECT_LOG,Log::WRITER_ASCII	0.0
1775131195.895094	zeek	counter	zeek_log_writer_truncated_containers_total	filter_name,module,path,stream,writer	default,LoadedScripts,loaded_scripts,LoadedScripts::LOG,Log::WRITER_ASCII	0.0
1775131195.895094	zeek	counter	zeek_log_writer_truncated_containers_total	filter_name,module,path,stream,writer	default,PacketFilter,packet_filter,PacketFilter::LOG,Log::WRITER_ASCII	0.0
1775131195.895094	zeek	counter	zeek_net_received_bytes_total	(empty)	(empty)	84363.0
1775131195.895094	zeek	counter	zeek_net_received_packets_total	(empty)	(empty)	705.0
1775131195.895094	zeek	counter	zeek_net_dropped_packets_total	(empty)	(empty)	0.0
1775131195.895094	zeek	counter	zeek_net_link_packets_total	(empty)	(empty)	705.0
1775131195.895094	zeek	counter	zeek_msgthread_threads_total	(empty)	(empty)	12.0
1775131195.895094	zeek	counter	zeek_msgthread_in_messages_total	(empty)	(empty)	139.0
1775131195.895094	zeek	counter	zeek_msgthread_out_messages_total	(empty)	(empty)	0.0
1775131195.895094	zeek	counter	zeek_cluster_core_outgoing_events_total	(empty)	(empty)	0.0
1775131195.895094	zeek	counter	zeek_cluster_core_incoming_events_total	(empty)	(empty)	0.0
1775131195.895094	zeek	counter	zeek_broker_incoming_events_total	(empty)	(empty)	0.0
1775131195.895094	zeek	counter	zeek_broker_outgoing_events_total	(empty)	(empty)	0.0
1775131195.895094	zeek	counter	zeek_broker_incoming_logs_total	(empty)	(empty)	0.0
1775131195.895094	zeek	counter	zeek_broker_outgoing_logs_total	(empty)	(empty)	0.0
1775131195.895094	zeek	counter	zeek_broker_incoming_ids_total	(empty)	(empty)	0.0
1775131195.895094	zeek	counter	zeek_broker_outgoing_ids_total	(empty)	(empty)	0.0
1775131195.895094	zeek	counter	zeek_timers_total	(empty)	(empty)	1414.0
1775131195.895094	zeek	counter	zeek_dnsmgr_requests_total	(empty)	(empty)	0.0
1775131195.895094	zeek	counter	zeek_dnsmgr_successful_requests_total	(empty)	(empty)	0.0
1775131195.895094	zeek	counter	zeek_dnsmgr_failed_requests_total	(empty)	(empty)	0.0
1775131195.895094	zeek	counter	zeek_triggers_total	(empty)	(empty)	0.0
1775131195.895094	zeek	counter	zeek_ended_sessions_total	reason	inactivity	2.0
1775131195.895094	zeek	counter	zeek_event_handler_invocations_total	name	connection_state_remove	13.0
1775131195.895094	zeek	counter	zeek_event_handler_invocations_total	name	dns_message	29.0
1775131195.895094	zeek	counter	zeek_event_handler_invocations_total	name	service_info_commit	2.0
1775131195.895094	zeek	counter	zeek_event_handler_invocations_total	name	net_stats_update	1.0
1775131195.895094	zeek	counter	zeek_event_handler_invocations_total	name	CaptureLoss::take_measurement	2.0
1775131195.895094	zeek	counter	zeek_event_handler_invocations_total	name	dns_end	29.0
1775131195.895094	zeek	counter	zeek_event_handler_invocations_total	name	dns_PTR_reply	8.0
1775131195.895094	zeek	counter	zeek_event_handler_invocations_total	name	check_stats	1.0
1775131195.895094	zeek	counter	zeek_event_handler_invocations_total	name	new_connection	18.0
1775131195.895094	zeek	counter	zeek_event_handler_invocations_total	name	zeek_script_loaded	538.0
1775131195.895094	zeek	counter	zeek_event_handler_invocations_total	name	known_service_add	1.0
1775131195.895094	zeek	counter	zeek_event_handler_invocations_total	name	Broker::log_flush	178.0
1775131195.895094	zeek	counter	zeek_event_handler_invocations_total	name	SumStats::finish_epoch	3.0
1775131195.895094	zeek	counter	zeek_event_handler_invocations_total	name	mqtt_publish	291.0
1775131195.895094	zeek	counter	zeek_event_handler_invocations_total	name	filter_change_tracking	2.0
1775131195.895094	zeek	counter	zeek_event_handler_invocations_total	name	NetControl::init	1.0
1775131195.895094	zeek	counter	zeek_event_handler_invocations_total	name	Telemetry::log	4.0
1775131195.895094	zeek	counter	zeek_event_handler_invocations_total	name	mqtt_suback	1.0
1775131195.895094	zeek	counter	zeek_event_handler_invocations_total	name	ChecksumOffloading::check	2.0
1775131195.895094	zeek	counter	zeek_event_handler_invocations_total	name	zeek_init	1.0
1775131195.895094	zeek	counter	zeek_event_handler_invocations_total	name	dns_request	42.0
1775131195.895094	zeek	counter	zeek_event_handler_invocations_total	name	mqtt_connack	1.0
1775131195.895094	zeek	counter	zeek_event_handler_invocations_total	name	dns_AAAA_reply	7.0
1775131195.895094	zeek	counter	zeek_event_handler_invocations_total	name	grab_vulnerable_versions	2.0
1775131195.895094	zeek	counter	zeek_event_handler_invocations_total	name	dns_A_reply	1.0
1775131195.895094	zeek	counter	zeek_event_handler_invocations_total	name	connection_flipped	1.0
1775131195.895094	zeek	counter	zeek_event_handler_invocations_total	name	analyzer_confirmation_info	15.0
1775131195.895094	zeek	counter	zeek_event_handler_invocations_total	name	connection_established	1.0
1775131195.895094	zeek	counter	zeek_event_handler_invocations_total	name	Known::host_found	2.0
1775131195.895094	zeek	counter	zeek_event_handler_invocations_total	name	mqtt_subscribe	1.0
1775131195.895094	zeek	counter	zeek_event_handler_invocations_total	name	known_host_add	2.0
1775131195.895094	zeek	counter	zeek_event_handler_invocations_total	name	mqtt_connect	1.0
1775131195.895094	zeek	counter	zeek_total_sessions_total	protocol	icmp	3.0
1775131195.895094	zeek	counter	zeek_total_sessions_total	protocol	udp	11.0
1775131195.895094	zeek	counter	zeek_total_sessions_total	protocol	tcp	4.0
1775131195.895094	zeek	gauge	zeek_version_info	beta,commit,debug,major,minor,patch,version_number,version_string	false,0,false,8,1,1,80101,8.1.1	1.0
1775131195.895094	zeek	gauge	zeek_net_packet_lag_seconds	(empty)	(empty)	0.000297
1775131195.895094	zeek	gauge	zeek_net_timestamp_seconds	(empty)	(empty)	1775131195.895094
1775131195.895094	zeek	gauge	zeek_msgthread_active_threads	(empty)	(empty)	12.0
1775131195.895094	zeek	gauge	zeek_msgthread_pending_in_messages	(empty)	(empty)	0.0
1775131195.895094	zeek	gauge	zeek_msgthread_pending_out_messages	(empty)	(empty)	0.0
1775131195.895094	zeek	gauge	zeek_msgthread_pending_messages_in_buckets	leq	inf	12.0
1775131195.895094	zeek	gauge	zeek_msgthread_pending_messages_in_buckets	leq	10000	12.0
1775131195.895094	zeek	gauge	zeek_msgthread_pending_messages_in_buckets	leq	1000	12.0
1775131195.895094	zeek	gauge	zeek_msgthread_pending_messages_in_buckets	leq	100	12.0
1775131195.895094	zeek	gauge	zeek_msgthread_pending_messages_in_buckets	leq	10	12.0
1775131195.895094	zeek	gauge	zeek_msgthread_pending_messages_in_buckets	leq	1	12.0
1775131195.895094	zeek	gauge	zeek_msgthread_pending_messages_out_buckets	leq	inf	12.0
1775131195.895094	zeek	gauge	zeek_msgthread_pending_messages_out_buckets	leq	10000	12.0
1775131195.895094	zeek	gauge	zeek_msgthread_pending_messages_out_buckets	leq	1000	12.0
1775131195.895094	zeek	gauge	zeek_msgthread_pending_messages_out_buckets	leq	100	12.0
1775131195.895094	zeek	gauge	zeek_msgthread_pending_messages_out_buckets	leq	10	12.0
1775131195.895094	zeek	gauge	zeek_msgthread_pending_messages_out_buckets	leq	1	12.0
1775131195.895094	zeek	gauge	zeek_broker_peers	(empty)	(empty)	0.0
1775131195.895094	zeek	gauge	zeek_broker_stores	(empty)	(empty)	1.0
1775131195.895094	zeek	gauge	zeek_broker_pending_queries	(empty)	(empty)	0.0
1775131195.895094	zeek	gauge	zeek_timers_lag_time_seconds	(empty)	(empty)	0.004147
1775131195.895094	zeek	gauge	zeek_timers_pending	type	LogDelayExpire	0.0
1775131195.895094	zeek	gauge	zeek_timers_pending	type	ThreadHeartbeat	1.0
1775131195.895094	zeek	gauge	zeek_timers_pending	type	TimerMgrExpireTimer	0.0
1775131195.895094	zeek	gauge	zeek_timers_pending	type	ParentProcessIDCheck	0.0
1775131195.895094	zeek	gauge	zeek_timers_pending	type	FragTimer	0.0
1775131195.895094	zeek	gauge	zeek_timers_pending	type	RotateTimer	0.0
1775131195.895094	zeek	gauge	zeek_timers_pending	type	FlowWeirdTimer	0.0
1775131195.895094	zeek	gauge	zeek_timers_pending	type	FileAnalysisInactivityTimer	0.0
1775131195.895094	zeek	gauge	zeek_timers_pending	type	StorageExpire	1.0
1775131195.895094	zeek	gauge	zeek_timers_pending	type	ConnectionInactivityTimer	5.0
1775131195.895094	zeek	gauge	zeek_timers_pending	type	TCPConnectionExpireTimer	4.0
1775131195.895094	zeek	gauge	zeek_timers_pending	type	ConnectionStatusUpdateTimer	0.0
1775131195.895094	zeek	gauge	zeek_timers_pending	type	LogFlushWriteBufferTimer	1.0
1775131195.895094	zeek	gauge	zeek_timers_pending	type	NetWeirdTimer	0.0
1775131195.895094	zeek	gauge	zeek_timers_pending	type	InterconnTimer	0.0
1775131195.895094	zeek	gauge	zeek_timers_pending	type	IPTunnelInactivityTimer	0.0
1775131195.895094	zeek	gauge	zeek_timers_pending	type	DNSExpireTimer	0.0
1775131195.895094	zeek	gauge	zeek_timers_pending	type	UnknownProtocolExpire	0.0
1775131195.895094	zeek	gauge	zeek_timers_pending	type	ProfileTimer	0.0
1775131195.895094	zeek	gauge	zeek_timers_pending	type	ConnectionExpireTimer	0.0
1775131195.895094	zeek	gauge	zeek_timers_pending	type	BreakpointTimer	0.0
1775131195.895094	zeek	gauge	zeek_timers_pending	type	BackdoorTimer	0.0
1775131195.895094	zeek	gauge	zeek_timers_pending	type	NetbiosExpireTimer	0.0
1775131195.895094	zeek	gauge	zeek_timers_pending	type	NetworkTimer	0.0
1775131195.895094	zeek	gauge	zeek_timers_pending	type	RemoveConnection	0.0
1775131195.895094	zeek	gauge	zeek_timers_pending	type	TCPConnectionResetTimer	0.0
1775131195.895094	zeek	gauge	zeek_timers_pending	type	ConnTupleWeirdTimer	0.0
1775131195.895094	zeek	gauge	zeek_timers_pending	type	TCPConnectionDeleteTimer	0.0
1775131195.895094	zeek	gauge	zeek_timers_pending	type	ScheduleTimer	6.0
1775131195.895094	zeek	gauge	zeek_timers_pending	type	NTPExpireTimer	0.0
1775131195.895094	zeek	gauge	zeek_timers_pending	type	RPCExpireTimer	0.0
1775131195.895094	zeek	gauge	zeek_timers_pending	type	ConnectionDeleteTimer	0.0
1775131195.895094	zeek	gauge	zeek_timers_pending	type	TriggerTimer	0.0
1775131195.895094	zeek	gauge	zeek_timers_pending	type	TableValTimer	34.0
1775131195.895094	zeek	gauge	zeek_timers_pending	type	TCPConnectionAttemptTimer	0.0
1775131195.895094	zeek	gauge	zeek_timers_pending	type	TCPConnectionPartialClose	0.0
1775131195.895094	zeek	gauge	zeek_dnsmgr_pending_asyncs_requests	(empty)	(empty)	0.0
1775131195.895094	zeek	gauge	zeek_dnsmgr_cache_entries	type	text	0.0
1775131195.895094	zeek	gauge	zeek_dnsmgr_cache_entries	type	address	0.0
1775131195.895094	zeek	gauge	zeek_dnsmgr_cache_entries	type	host	0.0
1775131195.895094	zeek	gauge	zeek_pending_triggers	(empty)	(empty)	0.0
1775131195.895094	zeek	gauge	zeek_active_sessions	protocol	icmp	1.0
1775131195.895094	zeek	gauge	zeek_active_sessions	protocol	udp	0.0
1775131195.895094	zeek	gauge	zeek_active_sessions	protocol	tcp	4.0
1775131195.895094	zeek	counter	process_cpu_user_seconds_total	(empty)	(empty)	1.07
1775131195.895094	zeek	counter	process_cpu_system_seconds_total	(empty)	(empty)	1.59
1775131195.895094	zeek	gauge	process_resident_memory_bytes	(empty)	(empty)	283631616.0
1775131195.895094	zeek	gauge	process_virtual_memory_bytes	(empty)	(empty)	1920868352.0
1775131195.895094	zeek	gauge	process_open_fds	(empty)	(empty)	58.0
1775131195.895094	zeek	gauge	process_start_time_seconds	(empty)	(empty)	1775131014.997737
1775131255.901964	zeek	counter	zeek_log_stream_writes_total	module,stream	CaptureLoss,CaptureLoss::LOG	1.0
1775131255.901964	zeek	counter	zeek_log_stream_writes_total	module,stream	Conn,Conn::LOG	14.0
1775131255.901964	zeek	counter	zeek_log_stream_writes_total	module,stream	MQTT,MQTT::SUBSCRIBE_LOG	1.0
1775131255.901964	zeek	counter	zeek_log_stream_writes_total	module,stream	Known,Known::HOSTS_LOG	3.0
1775131255.901964	zeek	counter	zeek_log_stream_writes_total	module,stream	Known,Known::SERVICES_LOG	1.0
1775131255.901964	zeek	counter	zeek_log_stream_writes_total	module,stream	DNS,DNS::LOG	22.0
1775131255.901964	zeek	counter	zeek_log_stream_writes_total	module,stream	MQTT,MQTT::PUBLISH_LOG	4847.0
1775131255.901964	zeek	counter	zeek_log_stream_writes_total	module,stream	Stats,Stats::LOG	1.0
1775131255.901964	zeek	counter	zeek_log_stream_writes_total	module,stream	Telemetry,Telemetry::LOG	678.0
1775131255.901964	zeek	counter	zeek_log_stream_writes_total	module,stream	LoadedScripts,LoadedScripts::LOG	538.0
1775131255.901964	zeek	counter	zeek_log_stream_writes_total	module,stream	MQTT,MQTT::CONNECT_LOG	2.0
1775131255.901964	zeek	counter	zeek_log_stream_writes_total	module,stream	PacketFilter,PacketFilter::LOG	1.0
1775131255.901964	zeek	counter	zeek_log_writer_writes_total	filter_name,module,path,stream,writer	default,CaptureLoss,capture_loss,CaptureLoss::LOG,Log::WRITER_ASCII	1.0
1775131255.901964	zeek	counter	zeek_log_writer_writes_total	filter_name,module,path,stream,writer	default,Conn,conn,Conn::LOG,Log::WRITER_ASCII	14.0
1775131255.901964	zeek	counter	zeek_log_writer_writes_total	filter_name,module,path,stream,writer	default,MQTT,mqtt_subscribe,MQTT::SUBSCRIBE_LOG,Log::WRITER_ASCII	1.0
1775131255.901964	zeek	counter	zeek_log_writer_writes_total	filter_name,module,path,stream,writer	default,Known,known_hosts,Known::HOSTS_LOG,Log::WRITER_ASCII	3.0
1775131255.901964	zeek	counter	zeek_log_writer_writes_total	filter_name,module,path,stream,writer	default,MQTT,mqtt_publish,MQTT::PUBLISH_LOG,Log::WRITER_ASCII	4847.0
1775131255.901964	zeek	counter	zeek_log_writer_writes_total	filter_name,module,path,stream,writer	default,DNS,dns,DNS::LOG,Log::WRITER_ASCII	22.0
1775131255.901964	zeek	counter	zeek_log_writer_writes_total	filter_name,module,path,stream,writer	default,Known,known_services,Known::SERVICES_LOG,Log::WRITER_ASCII	1.0
1775131255.901964	zeek	counter	zeek_log_writer_writes_total	filter_name,module,path,stream,writer	default,Stats,stats,Stats::LOG,Log::WRITER_ASCII	1.0
1775131255.901964	zeek	counter	zeek_log_writer_writes_total	filter_name,module,path,stream,writer	default,Telemetry,telemetry,Telemetry::LOG,Log::WRITER_ASCII	678.0
1775131255.901964	zeek	counter	zeek_log_writer_writes_total	filter_name,module,path,stream,writer	default,MQTT,mqtt_connect,MQTT::CONNECT_LOG,Log::WRITER_ASCII	2.0
1775131255.901964	zeek	counter	zeek_log_writer_writes_total	filter_name,module,path,stream,writer	default,LoadedScripts,loaded_scripts,LoadedScripts::LOG,Log::WRITER_ASCII	538.0
1775131255.901964	zeek	counter	zeek_log_writer_writes_total	filter_name,module,path,stream,writer	default,PacketFilter,packet_filter,PacketFilter::LOG,Log::WRITER_ASCII	1.0
1775131255.901964	zeek	counter	zeek_log_writer_discarded_writes_total	filter_name,module,path,stream,writer	default,CaptureLoss,capture_loss,CaptureLoss::LOG,Log::WRITER_ASCII	0.0
1775131255.901964	zeek	counter	zeek_log_writer_discarded_writes_total	filter_name,module,path,stream,writer	default,Conn,conn,Conn::LOG,Log::WRITER_ASCII	0.0
1775131255.901964	zeek	counter	zeek_log_writer_discarded_writes_total	filter_name,module,path,stream,writer	default,MQTT,mqtt_subscribe,MQTT::SUBSCRIBE_LOG,Log::WRITER_ASCII	0.0
1775131255.901964	zeek	counter	zeek_log_writer_discarded_writes_total	filter_name,module,path,stream,writer	default,Known,known_hosts,Known::HOSTS_LOG,Log::WRITER_ASCII	0.0
1775131255.901964	zeek	counter	zeek_log_writer_discarded_writes_total	filter_name,module,path,stream,writer	default,MQTT,mqtt_publish,MQTT::PUBLISH_LOG,Log::WRITER_ASCII	0.0
1775131255.901964	zeek	counter	zeek_log_writer_discarded_writes_total	filter_name,module,path,stream,writer	default,DNS,dns,DNS::LOG,Log::WRITER_ASCII	0.0
1775131255.901964	zeek	counter	zeek_log_writer_discarded_writes_total	filter_name,module,path,stream,writer	default,Known,known_services,Known::SERVICES_LOG,Log::WRITER_ASCII	0.0
1775131255.901964	zeek	counter	zeek_log_writer_discarded_writes_total	filter_name,module,path,stream,writer	default,Stats,stats,Stats::LOG,Log::WRITER_ASCII	0.0
1775131255.901964	zeek	counter	zeek_log_writer_discarded_writes_total	filter_name,module,path,stream,writer	default,Telemetry,telemetry,Telemetry::LOG,Log::WRITER_ASCII	0.0
1775131255.901964	zeek	counter	zeek_log_writer_discarded_writes_total	filter_name,module,path,stream,writer	default,MQTT,mqtt_connect,MQTT::CONNECT_LOG,Log::WRITER_ASCII	0.0
1775131255.901964	zeek	counter	zeek_log_writer_discarded_writes_total	filter_name,module,path,stream,writer	default,LoadedScripts,loaded_scripts,LoadedScripts::LOG,Log::WRITER_ASCII	0.0
1775131255.901964	zeek	counter	zeek_log_writer_discarded_writes_total	filter_name,module,path,stream,writer	default,PacketFilter,packet_filter,PacketFilter::LOG,Log::WRITER_ASCII	0.0
1775131255.901964	zeek	counter	zeek_log_writer_truncated_string_fields_total	filter_name,module,path,stream,writer	default,CaptureLoss,capture_loss,CaptureLoss::LOG,Log::WRITER_ASCII	0.0
1775131255.901964	zeek	counter	zeek_log_writer_truncated_string_fields_total	filter_name,module,path,stream,writer	default,Conn,conn,Conn::LOG,Log::WRITER_ASCII	0.0
1775131255.901964	zeek	counter	zeek_log_writer_truncated_string_fields_total	filter_name,module,path,stream,writer	default,MQTT,mqtt_subscribe,MQTT::SUBSCRIBE_LOG,Log::WRITER_ASCII	0.0
1775131255.901964	zeek	counter	zeek_log_writer_truncated_string_fields_total	filter_name,module,path,stream,writer	default,Known,known_hosts,Known::HOSTS_LOG,Log::WRITER_ASCII	0.0
1775131255.901964	zeek	counter	zeek_log_writer_truncated_string_fields_total	filter_name,module,path,stream,writer	default,MQTT,mqtt_publish,MQTT::PUBLISH_LOG,Log::WRITER_ASCII	0.0
1775131255.901964	zeek	counter	zeek_log_writer_truncated_string_fields_total	filter_name,module,path,stream,writer	default,DNS,dns,DNS::LOG,Log::WRITER_ASCII	0.0
1775131255.901964	zeek	counter	zeek_log_writer_truncated_string_fields_total	filter_name,module,path,stream,writer	default,Known,known_services,Known::SERVICES_LOG,Log::WRITER_ASCII	0.0
1775131255.901964	zeek	counter	zeek_log_writer_truncated_string_fields_total	filter_name,module,path,stream,writer	default,Stats,stats,Stats::LOG,Log::WRITER_ASCII	0.0
1775131255.901964	zeek	counter	zeek_log_writer_truncated_string_fields_total	filter_name,module,path,stream,writer	default,Telemetry,telemetry,Telemetry::LOG,Log::WRITER_ASCII	0.0
1775131255.901964	zeek	counter	zeek_log_writer_truncated_string_fields_total	filter_name,module,path,stream,writer	default,MQTT,mqtt_connect,MQTT::CONNECT_LOG,Log::WRITER_ASCII	0.0
1775131255.901964	zeek	counter	zeek_log_writer_truncated_string_fields_total	filter_name,module,path,stream,writer	default,LoadedScripts,loaded_scripts,LoadedScripts::LOG,Log::WRITER_ASCII	0.0
1775131255.901964	zeek	counter	zeek_log_writer_truncated_string_fields_total	filter_name,module,path,stream,writer	default,PacketFilter,packet_filter,PacketFilter::LOG,Log::WRITER_ASCII	0.0
1775131255.901964	zeek	counter	zeek_log_writer_truncated_containers_total	filter_name,module,path,stream,writer	default,CaptureLoss,capture_loss,CaptureLoss::LOG,Log::WRITER_ASCII	0.0
1775131255.901964	zeek	counter	zeek_log_writer_truncated_containers_total	filter_name,module,path,stream,writer	default,Conn,conn,Conn::LOG,Log::WRITER_ASCII	0.0
1775131255.901964	zeek	counter	zeek_log_writer_truncated_containers_total	filter_name,module,path,stream,writer	default,MQTT,mqtt_subscribe,MQTT::SUBSCRIBE_LOG,Log::WRITER_ASCII	0.0
1775131255.901964	zeek	counter	zeek_log_writer_truncated_containers_total	filter_name,module,path,stream,writer	default,Known,known_hosts,Known::HOSTS_LOG,Log::WRITER_ASCII	0.0
1775131255.901964	zeek	counter	zeek_log_writer_truncated_containers_total	filter_name,module,path,stream,writer	default,MQTT,mqtt_publish,MQTT::PUBLISH_LOG,Log::WRITER_ASCII	0.0
1775131255.901964	zeek	counter	zeek_log_writer_truncated_containers_total	filter_name,module,path,stream,writer	default,DNS,dns,DNS::LOG,Log::WRITER_ASCII	0.0
1775131255.901964	zeek	counter	zeek_log_writer_truncated_containers_total	filter_name,module,path,stream,writer	default,Known,known_services,Known::SERVICES_LOG,Log::WRITER_ASCII	0.0
1775131255.901964	zeek	counter	zeek_log_writer_truncated_containers_total	filter_name,module,path,stream,writer	default,Stats,stats,Stats::LOG,Log::WRITER_ASCII	0.0
1775131255.901964	zeek	counter	zeek_log_writer_truncated_containers_total	filter_name,module,path,stream,writer	default,Telemetry,telemetry,Telemetry::LOG,Log::WRITER_ASCII	0.0
1775131255.901964	zeek	counter	zeek_log_writer_truncated_containers_total	filter_name,module,path,stream,writer	default,MQTT,mqtt_connect,MQTT::CONNECT_LOG,Log::WRITER_ASCII	0.0
1775131255.901964	zeek	counter	zeek_log_writer_truncated_containers_total	filter_name,module,path,stream,writer	default,LoadedScripts,loaded_scripts,LoadedScripts::LOG,Log::WRITER_ASCII	0.0
1775131255.901964	zeek	counter	zeek_log_writer_truncated_containers_total	filter_name,module,path,stream,writer	default,PacketFilter,packet_filter,PacketFilter::LOG,Log::WRITER_ASCII	0.0
1775131255.901964	zeek	counter	zeek_net_received_bytes_total	(empty)	(empty)	1286822.0
1775131255.901964	zeek	counter	zeek_net_received_packets_total	(empty)	(empty)	9860.0
1775131255.901964	zeek	counter	zeek_net_dropped_packets_total	(empty)	(empty)	0.0
1775131255.901964	zeek	counter	zeek_net_link_packets_total	(empty)	(empty)	9865.0
1775131255.901964	zeek	counter	zeek_msgthread_threads_total	(empty)	(empty)	12.0
1775131255.901964	zeek	counter	zeek_msgthread_in_messages_total	(empty)	(empty)	186.0
1775131255.901964	zeek	counter	zeek_msgthread_out_messages_total	(empty)	(empty)	0.0
1775131255.901964	zeek	counter	zeek_cluster_core_outgoing_events_total	(empty)	(empty)	0.0
1775131255.901964	zeek	counter	zeek_cluster_core_incoming_events_total	(empty)	(empty)	0.0
1775131255.901964	zeek	counter	zeek_broker_incoming_events_total	(empty)	(empty)	0.0
1775131255.901964	zeek	counter	zeek_broker_outgoing_events_total	(empty)	(empty)	0.0
1775131255.901964	zeek	counter	zeek_broker_incoming_logs_total	(empty)	(empty)	0.0
1775131255.901964	zeek	counter	zeek_broker_outgoing_logs_total	(empty)	(empty)	0.0
1775131255.901964	zeek	counter	zeek_broker_incoming_ids_total	(empty)	(empty)	0.0
1775131255.901964	zeek	counter	zeek_broker_outgoing_ids_total	(empty)	(empty)	0.0
1775131255.901964	zeek	counter	zeek_timers_total	(empty)	(empty)	1852.0
1775131255.901964	zeek	counter	zeek_dnsmgr_requests_total	(empty)	(empty)	0.0
1775131255.901964	zeek	counter	zeek_dnsmgr_successful_requests_total	(empty)	(empty)	0.0
1775131255.901964	zeek	counter	zeek_dnsmgr_failed_requests_total	(empty)	(empty)	0.0
1775131255.901964	zeek	counter	zeek_triggers_total	(empty)	(empty)	0.0
1775131255.901964	zeek	counter	zeek_ended_sessions_total	reason	inactivity	3.0
1775131255.901964	zeek	counter	zeek_event_handler_invocations_total	name	connection_state_remove	14.0
1775131255.901964	zeek	counter	zeek_event_handler_invocations_total	name	dns_message	29.0
1775131255.901964	zeek	counter	zeek_event_handler_invocations_total	name	service_info_commit	3.0
1775131255.901964	zeek	counter	zeek_event_handler_invocations_total	name	net_stats_update	1.0
1775131255.901964	zeek	counter	zeek_event_handler_invocations_total	name	CaptureLoss::take_measurement	2.0
1775131255.901964	zeek	counter	zeek_event_handler_invocations_total	name	dns_end	29.0
1775131255.901964	zeek	counter	zeek_event_handler_invocations_total	name	dns_PTR_reply	8.0
1775131255.901964	zeek	counter	zeek_event_handler_invocations_total	name	check_stats	1.0
1775131255.901964	zeek	counter	zeek_event_handler_invocations_total	name	new_connection	19.0
1775131255.901964	zeek	counter	zeek_event_handler_invocations_total	name	zeek_script_loaded	538.0
1775131255.901964	zeek	counter	zeek_event_handler_invocations_total	name	known_service_add	1.0
1775131255.901964	zeek	counter	zeek_event_handler_invocations_total	name	Broker::log_flush	238.0
1775131255.901964	zeek	counter	zeek_event_handler_invocations_total	name	SumStats::finish_epoch	3.0
1775131255.901964	zeek	counter	zeek_event_handler_invocations_total	name	mqtt_publish	4847.0
1775131255.901964	zeek	counter	zeek_event_handler_invocations_total	name	filter_change_tracking	2.0
1775131255.901964	zeek	counter	zeek_event_handler_invocations_total	name	NetControl::init	1.0
1775131255.901964	zeek	counter	zeek_event_handler_invocations_total	name	Telemetry::log	5.0
1775131255.901964	zeek	counter	zeek_event_handler_invocations_total	name	mqtt_suback	1.0
1775131255.901964	zeek	counter	zeek_event_handler_invocations_total	name	ChecksumOffloading::check	2.0
1775131255.901964	zeek	counter	zeek_event_handler_invocations_total	name	zeek_init	1.0
1775131255.901964	zeek	counter	zeek_event_handler_invocations_total	name	dns_request	42.0
1775131255.901964	zeek	counter	zeek_event_handler_invocations_total	name	mqtt_connack	2.0
1775131255.901964	zeek	counter	zeek_event_handler_invocations_total	name	dns_AAAA_reply	7.0
1775131255.901964	zeek	counter	zeek_event_handler_invocations_total	name	grab_vulnerable_versions	2.0
1775131255.901964	zeek	counter	zeek_event_handler_invocations_total	name	dns_A_reply	1.0
1775131255.901964	zeek	counter	zeek_event_handler_invocations_total	name	connection_flipped	1.0
1775131255.901964	zeek	counter	zeek_event_handler_invocations_total	name	analyzer_confirmation_info	16.0
1775131255.901964	zeek	counter	zeek_event_handler_invocations_total	name	connection_established	2.0
1775131255.901964	zeek	counter	zeek_event_handler_invocations_total	name	Known::host_found	4.0
1775131255.901964	zeek	counter	zeek_event_handler_invocations_total	name	mqtt_subscribe	1.0
1775131255.901964	zeek	counter	zeek_event_handler_invocations_total	name	known_host_add	3.0
1775131255.901964	zeek	counter	zeek_event_handler_invocations_total	name	mqtt_connect	2.0
1775131255.901964	zeek	counter	zeek_total_sessions_total	protocol	icmp	3.0
1775131255.901964	zeek	counter	zeek_total_sessions_total	protocol	udp	11.0
1775131255.901964	zeek	counter	zeek_total_sessions_total	protocol	tcp	5.0
1775131255.901964	zeek	gauge	zeek_version_info	beta,commit,debug,major,minor,patch,version_number,version_string	false,0,false,8,1,1,80101,8.1.1	1.0
1775131255.901964	zeek	gauge	zeek_net_packet_lag_seconds	(empty)	(empty)	0.002462
1775131255.901964	zeek	gauge	zeek_net_timestamp_seconds	(empty)	(empty)	1775131255.901964
1775131255.901964	zeek	gauge	zeek_msgthread_active_threads	(empty)	(empty)	12.0
1775131255.901964	zeek	gauge	zeek_msgthread_pending_in_messages	(empty)	(empty)	0.0
1775131255.901964	zeek	gauge	zeek_msgthread_pending_out_messages	(empty)	(empty)	0.0
1775131255.901964	zeek	gauge	zeek_msgthread_pending_messages_in_buckets	leq	inf	12.0
1775131255.901964	zeek	gauge	zeek_msgthread_pending_messages_in_buckets	leq	10000	12.0
1775131255.901964	zeek	gauge	zeek_msgthread_pending_messages_in_buckets	leq	1000	12.0
1775131255.901964	zeek	gauge	zeek_msgthread_pending_messages_in_buckets	leq	100	12.0
1775131255.901964	zeek	gauge	zeek_msgthread_pending_messages_in_buckets	leq	10	12.0
1775131255.901964	zeek	gauge	zeek_msgthread_pending_messages_in_buckets	leq	1	12.0
1775131255.901964	zeek	gauge	zeek_msgthread_pending_messages_out_buckets	leq	inf	12.0
1775131255.901964	zeek	gauge	zeek_msgthread_pending_messages_out_buckets	leq	10000	12.0
1775131255.901964	zeek	gauge	zeek_msgthread_pending_messages_out_buckets	leq	1000	12.0
1775131255.901964	zeek	gauge	zeek_msgthread_pending_messages_out_buckets	leq	100	12.0
1775131255.901964	zeek	gauge	zeek_msgthread_pending_messages_out_buckets	leq	10	12.0
1775131255.901964	zeek	gauge	zeek_msgthread_pending_messages_out_buckets	leq	1	12.0
1775131255.901964	zeek	gauge	zeek_broker_peers	(empty)	(empty)	0.0
1775131255.901964	zeek	gauge	zeek_broker_stores	(empty)	(empty)	1.0
1775131255.901964	zeek	gauge	zeek_broker_pending_queries	(empty)	(empty)	0.0
1775131255.901964	zeek	gauge	zeek_timers_lag_time_seconds	(empty)	(empty)	0.00687
1775131255.901964	zeek	gauge	zeek_timers_pending	type	LogDelayExpire	0.0
1775131255.901964	zeek	gauge	zeek_timers_pending	type	ThreadHeartbeat	1.0
1775131255.901964	zeek	gauge	zeek_timers_pending	type	TimerMgrExpireTimer	0.0
1775131255.901964	zeek	gauge	zeek_timers_pending	type	ParentProcessIDCheck	0.0
1775131255.901964	zeek	gauge	zeek_timers_pending	type	FragTimer	0.0
1775131255.901964	zeek	gauge	zeek_timers_pending	type	RotateTimer	0.0
1775131255.901964	zeek	gauge	zeek_timers_pending	type	FlowWeirdTimer	0.0
1775131255.901964	zeek	gauge	zeek_timers_pending	type	FileAnalysisInactivityTimer	0.0
1775131255.901964	zeek	gauge	zeek_timers_pending	type	StorageExpire	1.0
1775131255.901964	zeek	gauge	zeek_timers_pending	type	ConnectionInactivityTimer	5.0
1775131255.901964	zeek	gauge	zeek_timers_pending	type	TCPConnectionExpireTimer	5.0
1775131255.901964	zeek	gauge	zeek_timers_pending	type	ConnectionStatusUpdateTimer	0.0
1775131255.901964	zeek	gauge	zeek_timers_pending	type	LogFlushWriteBufferTimer	1.0
1775131255.901964	zeek	gauge	zeek_timers_pending	type	NetWeirdTimer	0.0
1775131255.901964	zeek	gauge	zeek_timers_pending	type	InterconnTimer	0.0
1775131255.901964	zeek	gauge	zeek_timers_pending	type	IPTunnelInactivityTimer	0.0
1775131255.901964	zeek	gauge	zeek_timers_pending	type	DNSExpireTimer	0.0
1775131255.901964	zeek	gauge	zeek_timers_pending	type	UnknownProtocolExpire	0.0
1775131255.901964	zeek	gauge	zeek_timers_pending	type	ProfileTimer	0.0
1775131255.901964	zeek	gauge	zeek_timers_pending	type	ConnectionExpireTimer	0.0
1775131255.901964	zeek	gauge	zeek_timers_pending	type	BreakpointTimer	0.0
1775131255.901964	zeek	gauge	zeek_timers_pending	type	BackdoorTimer	0.0
1775131255.901964	zeek	gauge	zeek_timers_pending	type	NetbiosExpireTimer	0.0
1775131255.901964	zeek	gauge	zeek_timers_pending	type	NetworkTimer	0.0
1775131255.901964	zeek	gauge	zeek_timers_pending	type	RemoveConnection	0.0
1775131255.901964	zeek	gauge	zeek_timers_pending	type	TCPConnectionResetTimer	0.0
1775131255.901964	zeek	gauge	zeek_timers_pending	type	ConnTupleWeirdTimer	0.0
1775131255.901964	zeek	gauge	zeek_timers_pending	type	TCPConnectionDeleteTimer	0.0
1775131255.901964	zeek	gauge	zeek_timers_pending	type	ScheduleTimer	6.0
1775131255.901964	zeek	gauge	zeek_timers_pending	type	NTPExpireTimer	0.0
1775131255.901964	zeek	gauge	zeek_timers_pending	type	RPCExpireTimer	0.0
1775131255.901964	zeek	gauge	zeek_timers_pending	type	ConnectionDeleteTimer	0.0
1775131255.901964	zeek	gauge	zeek_timers_pending	type	TriggerTimer	0.0
1775131255.901964	zeek	gauge	zeek_timers_pending	type	TableValTimer	34.0
1775131255.901964	zeek	gauge	zeek_timers_pending	type	TCPConnectionAttemptTimer	0.0
1775131255.901964	zeek	gauge	zeek_timers_pending	type	TCPConnectionPartialClose	0.0
1775131255.901964	zeek	gauge	zeek_dnsmgr_pending_asyncs_requests	(empty)	(empty)	0.0
1775131255.901964	zeek	gauge	zeek_dnsmgr_cache_entries	type	text	0.0
1775131255.901964	zeek	gauge	zeek_dnsmgr_cache_entries	type	address	0.0
1775131255.901964	zeek	gauge	zeek_dnsmgr_cache_entries	type	host	0.0
1775131255.901964	zeek	gauge	zeek_pending_triggers	(empty)	(empty)	0.0
1775131255.901964	zeek	gauge	zeek_active_sessions	protocol	icmp	0.0
1775131255.901964	zeek	gauge	zeek_active_sessions	protocol	udp	0.0
1775131255.901964	zeek	gauge	zeek_active_sessions	protocol	tcp	5.0
1775131255.901964	zeek	counter	process_cpu_user_seconds_total	(empty)	(empty)	2.16
1775131255.901964	zeek	counter	process_cpu_system_seconds_total	(empty)	(empty)	2.18
1775131255.901964	zeek	gauge	process_resident_memory_bytes	(empty)	(empty)	283762688.0
1775131255.901964	zeek	gauge	process_virtual_memory_bytes	(empty)	(empty)	1920868352.0
1775131255.901964	zeek	gauge	process_open_fds	(empty)	(empty)	58.0
1775131255.901964	zeek	gauge	process_start_time_seconds	(empty)	(empty)	1775131014.997737
1775131315.907807	zeek	counter	zeek_log_stream_writes_total	module,stream	CaptureLoss,CaptureLoss::LOG	1.0
1775131315.907807	zeek	counter	zeek_log_stream_writes_total	module,stream	Conn,Conn::LOG	17.0
1775131315.907807	zeek	counter	zeek_log_stream_writes_total	module,stream	MQTT,MQTT::SUBSCRIBE_LOG	1.0
1775131315.907807	zeek	counter	zeek_log_stream_writes_total	module,stream	Known,Known::HOSTS_LOG	3.0
1775131315.907807	zeek	counter	zeek_log_stream_writes_total	module,stream	Known,Known::SERVICES_LOG	1.0
1775131315.907807	zeek	counter	zeek_log_stream_writes_total	module,stream	DNS,DNS::LOG	25.0
1775131315.907807	zeek	counter	zeek_log_stream_writes_total	module,stream	MQTT,MQTT::PUBLISH_LOG	13830.0
1775131315.907807	zeek	counter	zeek_log_stream_writes_total	module,stream	Stats,Stats::LOG	2.0
1775131315.907807	zeek	counter	zeek_log_stream_writes_total	module,stream	Telemetry,Telemetry::LOG	866.0
1775131315.907807	zeek	counter	zeek_log_stream_writes_total	module,stream	LoadedScripts,LoadedScripts::LOG	538.0
1775131315.907807	zeek	counter	zeek_log_stream_writes_total	module,stream	MQTT,MQTT::CONNECT_LOG	2.0
1775131315.907807	zeek	counter	zeek_log_stream_writes_total	module,stream	PacketFilter,PacketFilter::LOG	1.0
1775131315.907807	zeek	counter	zeek_log_writer_writes_total	filter_name,module,path,stream,writer	default,CaptureLoss,capture_loss,CaptureLoss::LOG,Log::WRITER_ASCII	1.0
1775131315.907807	zeek	counter	zeek_log_writer_writes_total	filter_name,module,path,stream,writer	default,Conn,conn,Conn::LOG,Log::WRITER_ASCII	17.0
1775131315.907807	zeek	counter	zeek_log_writer_writes_total	filter_name,module,path,stream,writer	default,MQTT,mqtt_subscribe,MQTT::SUBSCRIBE_LOG,Log::WRITER_ASCII	1.0
1775131315.907807	zeek	counter	zeek_log_writer_writes_total	filter_name,module,path,stream,writer	default,Known,known_hosts,Known::HOSTS_LOG,Log::WRITER_ASCII	3.0
1775131315.907807	zeek	counter	zeek_log_writer_writes_total	filter_name,module,path,stream,writer	default,MQTT,mqtt_publish,MQTT::PUBLISH_LOG,Log::WRITER_ASCII	13830.0
1775131315.907807	zeek	counter	zeek_log_writer_writes_total	filter_name,module,path,stream,writer	default,DNS,dns,DNS::LOG,Log::WRITER_ASCII	25.0
1775131315.907807	zeek	counter	zeek_log_writer_writes_total	filter_name,module,path,stream,writer	default,Known,known_services,Known::SERVICES_LOG,Log::WRITER_ASCII	1.0
1775131315.907807	zeek	counter	zeek_log_writer_writes_total	filter_name,module,path,stream,writer	default,Stats,stats,Stats::LOG,Log::WRITER_ASCII	2.0
1775131315.907807	zeek	counter	zeek_log_writer_writes_total	filter_name,module,path,stream,writer	default,Telemetry,telemetry,Telemetry::LOG,Log::WRITER_ASCII	866.0
1775131315.907807	zeek	counter	zeek_log_writer_writes_total	filter_name,module,path,stream,writer	default,MQTT,mqtt_connect,MQTT::CONNECT_LOG,Log::WRITER_ASCII	2.0
1775131315.907807	zeek	counter	zeek_log_writer_writes_total	filter_name,module,path,stream,writer	default,LoadedScripts,loaded_scripts,LoadedScripts::LOG,Log::WRITER_ASCII	538.0
1775131315.907807	zeek	counter	zeek_log_writer_writes_total	filter_name,module,path,stream,writer	default,PacketFilter,packet_filter,PacketFilter::LOG,Log::WRITER_ASCII	1.0
1775131315.907807	zeek	counter	zeek_log_writer_discarded_writes_total	filter_name,module,path,stream,writer	default,CaptureLoss,capture_loss,CaptureLoss::LOG,Log::WRITER_ASCII	0.0
1775131315.907807	zeek	counter	zeek_log_writer_discarded_writes_total	filter_name,module,path,stream,writer	default,Conn,conn,Conn::LOG,Log::WRITER_ASCII	0.0
1775131315.907807	zeek	counter	zeek_log_writer_discarded_writes_total	filter_name,module,path,stream,writer	default,MQTT,mqtt_subscribe,MQTT::SUBSCRIBE_LOG,Log::WRITER_ASCII	0.0
1775131315.907807	zeek	counter	zeek_log_writer_discarded_writes_total	filter_name,module,path,stream,writer	default,Known,known_hosts,Known::HOSTS_LOG,Log::WRITER_ASCII	0.0
1775131315.907807	zeek	counter	zeek_log_writer_discarded_writes_total	filter_name,module,path,stream,writer	default,MQTT,mqtt_publish,MQTT::PUBLISH_LOG,Log::WRITER_ASCII	0.0
1775131315.907807	zeek	counter	zeek_log_writer_discarded_writes_total	filter_name,module,path,stream,writer	default,DNS,dns,DNS::LOG,Log::WRITER_ASCII	0.0
1775131315.907807	zeek	counter	zeek_log_writer_discarded_writes_total	filter_name,module,path,stream,writer	default,Known,known_services,Known::SERVICES_LOG,Log::WRITER_ASCII	0.0
1775131315.907807	zeek	counter	zeek_log_writer_discarded_writes_total	filter_name,module,path,stream,writer	default,Stats,stats,Stats::LOG,Log::WRITER_ASCII	0.0
1775131315.907807	zeek	counter	zeek_log_writer_discarded_writes_total	filter_name,module,path,stream,writer	default,Telemetry,telemetry,Telemetry::LOG,Log::WRITER_ASCII	0.0
1775131315.907807	zeek	counter	zeek_log_writer_discarded_writes_total	filter_name,module,path,stream,writer	default,MQTT,mqtt_connect,MQTT::CONNECT_LOG,Log::WRITER_ASCII	0.0
1775131315.907807	zeek	counter	zeek_log_writer_discarded_writes_total	filter_name,module,path,stream,writer	default,LoadedScripts,loaded_scripts,LoadedScripts::LOG,Log::WRITER_ASCII	0.0
1775131315.907807	zeek	counter	zeek_log_writer_discarded_writes_total	filter_name,module,path,stream,writer	default,PacketFilter,packet_filter,PacketFilter::LOG,Log::WRITER_ASCII	0.0
1775131315.907807	zeek	counter	zeek_log_writer_truncated_string_fields_total	filter_name,module,path,stream,writer	default,CaptureLoss,capture_loss,CaptureLoss::LOG,Log::WRITER_ASCII	0.0
1775131315.907807	zeek	counter	zeek_log_writer_truncated_string_fields_total	filter_name,module,path,stream,writer	default,Conn,conn,Conn::LOG,Log::WRITER_ASCII	0.0
1775131315.907807	zeek	counter	zeek_log_writer_truncated_string_fields_total	filter_name,module,path,stream,writer	default,MQTT,mqtt_subscribe,MQTT::SUBSCRIBE_LOG,Log::WRITER_ASCII	0.0
1775131315.907807	zeek	counter	zeek_log_writer_truncated_string_fields_total	filter_name,module,path,stream,writer	default,Known,known_hosts,Known::HOSTS_LOG,Log::WRITER_ASCII	0.0
1775131315.907807	zeek	counter	zeek_log_writer_truncated_string_fields_total	filter_name,module,path,stream,writer	default,MQTT,mqtt_publish,MQTT::PUBLISH_LOG,Log::WRITER_ASCII	0.0
1775131315.907807	zeek	counter	zeek_log_writer_truncated_string_fields_total	filter_name,module,path,stream,writer	default,DNS,dns,DNS::LOG,Log::WRITER_ASCII	0.0
1775131315.907807	zeek	counter	zeek_log_writer_truncated_string_fields_total	filter_name,module,path,stream,writer	default,Known,known_services,Known::SERVICES_LOG,Log::WRITER_ASCII	0.0
1775131315.907807	zeek	counter	zeek_log_writer_truncated_string_fields_total	filter_name,module,path,stream,writer	default,Stats,stats,Stats::LOG,Log::WRITER_ASCII	0.0
1775131315.907807	zeek	counter	zeek_log_writer_truncated_string_fields_total	filter_name,module,path,stream,writer	default,Telemetry,telemetry,Telemetry::LOG,Log::WRITER_ASCII	0.0
1775131315.907807	zeek	counter	zeek_log_writer_truncated_string_fields_total	filter_name,module,path,stream,writer	default,MQTT,mqtt_connect,MQTT::CONNECT_LOG,Log::WRITER_ASCII	0.0
1775131315.907807	zeek	counter	zeek_log_writer_truncated_string_fields_total	filter_name,module,path,stream,writer	default,LoadedScripts,loaded_scripts,LoadedScripts::LOG,Log::WRITER_ASCII	0.0
1775131315.907807	zeek	counter	zeek_log_writer_truncated_string_fields_total	filter_name,module,path,stream,writer	default,PacketFilter,packet_filter,PacketFilter::LOG,Log::WRITER_ASCII	0.0
1775131315.907807	zeek	counter	zeek_log_writer_truncated_containers_total	filter_name,module,path,stream,writer	default,CaptureLoss,capture_loss,CaptureLoss::LOG,Log::WRITER_ASCII	0.0
1775131315.907807	zeek	counter	zeek_log_writer_truncated_containers_total	filter_name,module,path,stream,writer	default,Conn,conn,Conn::LOG,Log::WRITER_ASCII	0.0
1775131315.907807	zeek	counter	zeek_log_writer_truncated_containers_total	filter_name,module,path,stream,writer	default,MQTT,mqtt_subscribe,MQTT::SUBSCRIBE_LOG,Log::WRITER_ASCII	0.0
1775131315.907807	zeek	counter	zeek_log_writer_truncated_containers_total	filter_name,module,path,stream,writer	default,Known,known_hosts,Known::HOSTS_LOG,Log::WRITER_ASCII	0.0
1775131315.907807	zeek	counter	zeek_log_writer_truncated_containers_total	filter_name,module,path,stream,writer	default,MQTT,mqtt_publish,MQTT::PUBLISH_LOG,Log::WRITER_ASCII	0.0
1775131315.907807	zeek	counter	zeek_log_writer_truncated_containers_total	filter_name,module,path,stream,writer	default,DNS,dns,DNS::LOG,Log::WRITER_ASCII	0.0
1775131315.907807	zeek	counter	zeek_log_writer_truncated_containers_total	filter_name,module,path,stream,writer	default,Known,known_services,Known::SERVICES_LOG,Log::WRITER_ASCII	0.0
1775131315.907807	zeek	counter	zeek_log_writer_truncated_containers_total	filter_name,module,path,stream,writer	default,Stats,stats,Stats::LOG,Log::WRITER_ASCII	0.0
1775131315.907807	zeek	counter	zeek_log_writer_truncated_containers_total	filter_name,module,path,stream,writer	default,Telemetry,telemetry,Telemetry::LOG,Log::WRITER_ASCII	0.0
1775131315.907807	zeek	counter	zeek_log_writer_truncated_containers_total	filter_name,module,path,stream,writer	default,MQTT,mqtt_connect,MQTT::CONNECT_LOG,Log::WRITER_ASCII	0.0
1775131315.907807	zeek	counter	zeek_log_writer_truncated_containers_total	filter_name,module,path,stream,writer	default,LoadedScripts,loaded_scripts,LoadedScripts::LOG,Log::WRITER_ASCII	0.0
1775131315.907807	zeek	counter	zeek_log_writer_truncated_containers_total	filter_name,module,path,stream,writer	default,PacketFilter,packet_filter,PacketFilter::LOG,Log::WRITER_ASCII	0.0
1775131315.907807	zeek	counter	zeek_net_received_bytes_total	(empty)	(empty)	3655636.0
1775131315.907807	zeek	counter	zeek_net_received_packets_total	(empty)	(empty)	27861.0
1775131315.907807	zeek	counter	zeek_net_dropped_packets_total	(empty)	(empty)	0.0
1775131315.907807	zeek	counter	zeek_net_link_packets_total	(empty)	(empty)	27866.0
1775131315.907807	zeek	counter	zeek_msgthread_threads_total	(empty)	(empty)	12.0
1775131315.907807	zeek	counter	zeek_msgthread_in_messages_total	(empty)	(empty)	252.0
1775131315.907807	zeek	counter	zeek_msgthread_out_messages_total	(empty)	(empty)	0.0
1775131315.907807	zeek	counter	zeek_cluster_core_outgoing_events_total	(empty)	(empty)	0.0
1775131315.907807	zeek	counter	zeek_cluster_core_incoming_events_total	(empty)	(empty)	0.0
1775131315.907807	zeek	counter	zeek_broker_incoming_events_total	(empty)	(empty)	0.0
1775131315.907807	zeek	counter	zeek_broker_outgoing_events_total	(empty)	(empty)	0.0
1775131315.907807	zeek	counter	zeek_broker_incoming_logs_total	(empty)	(empty)	0.0
1775131315.907807	zeek	counter	zeek_broker_outgoing_logs_total	(empty)	(empty)	0.0
1775131315.907807	zeek	counter	zeek_broker_incoming_ids_total	(empty)	(empty)	0.0
1775131315.907807	zeek	counter	zeek_broker_outgoing_ids_total	(empty)	(empty)	0.0
1775131315.907807	zeek	counter	zeek_timers_total	(empty)	(empty)	2298.0
1775131315.907807	zeek	counter	zeek_dnsmgr_requests_total	(empty)	(empty)	0.0
1775131315.907807	zeek	counter	zeek_dnsmgr_successful_requests_total	(empty)	(empty)	0.0
1775131315.907807	zeek	counter	zeek_dnsmgr_failed_requests_total	(empty)	(empty)	0.0
1775131315.907807	zeek	counter	zeek_triggers_total	(empty)	(empty)	0.0
1775131315.907807	zeek	counter	zeek_ended_sessions_total	reason	inactivity	3.0
1775131315.907807	zeek	counter	zeek_event_handler_invocations_total	name	connection_state_remove	17.0
1775131315.907807	zeek	counter	zeek_event_handler_invocations_total	name	dns_message	32.0
1775131315.907807	zeek	counter	zeek_event_handler_invocations_total	name	service_info_commit	3.0
1775131315.907807	zeek	counter	zeek_event_handler_invocations_total	name	net_stats_update	2.0
1775131315.907807	zeek	counter	zeek_event_handler_invocations_total	name	CaptureLoss::take_measurement	2.0
1775131315.907807	zeek	counter	zeek_event_handler_invocations_total	name	dns_end	32.0
1775131315.907807	zeek	counter	zeek_event_handler_invocations_total	name	dns_PTR_reply	8.0
1775131315.907807	zeek	counter	zeek_event_handler_invocations_total	name	check_stats	2.0
1775131315.907807	zeek	counter	zeek_event_handler_invocations_total	name	new_connection	23.0
1775131315.907807	zeek	counter	zeek_event_handler_invocations_total	name	zeek_script_loaded	538.0
1775131315.907807	zeek	counter	zeek_event_handler_invocations_total	name	known_service_add	1.0
1775131315.907807	zeek	counter	zeek_event_handler_invocations_total	name	Broker::log_flush	297.0
1775131315.907807	zeek	counter	zeek_event_handler_invocations_total	name	SumStats::finish_epoch	3.0
1775131315.907807	zeek	counter	zeek_event_handler_invocations_total	name	mqtt_publish	13830.0
1775131315.907807	zeek	counter	zeek_event_handler_invocations_total	name	filter_change_tracking	3.0
1775131315.907807	zeek	counter	zeek_event_handler_invocations_total	name	NetControl::init	1.0
1775131315.907807	zeek	counter	zeek_event_handler_invocations_total	name	Telemetry::log	6.0
1775131315.907807	zeek	counter	zeek_event_handler_invocations_total	name	mqtt_suback	1.0
1775131315.907807	zeek	counter	zeek_event_handler_invocations_total	name	ChecksumOffloading::check	2.0
1775131315.907807	zeek	counter	zeek_event_handler_invocations_total	name	zeek_init	1.0
1775131315.907807	zeek	counter	zeek_event_handler_invocations_total	name	dns_request	48.0
1775131315.907807	zeek	counter	zeek_event_handler_invocations_total	name	mqtt_connack	2.0
1775131315.907807	zeek	counter	zeek_event_handler_invocations_total	name	dns_AAAA_reply	7.0
1775131315.907807	zeek	counter	zeek_event_handler_invocations_total	name	grab_vulnerable_versions	2.0
1775131315.907807	zeek	counter	zeek_event_handler_invocations_total	name	dns_A_reply	1.0
1775131315.907807	zeek	counter	zeek_event_handler_invocations_total	name	connection_flipped	1.0
1775131315.907807	zeek	counter	zeek_event_handler_invocations_total	name	analyzer_confirmation_info	19.0
1775131315.907807	zeek	counter	zeek_event_handler_invocations_total	name	connection_established	2.0
1775131315.907807	zeek	counter	zeek_event_handler_invocations_total	name	Known::host_found	4.0
1775131315.907807	zeek	counter	zeek_event_handler_invocations_total	name	mqtt_subscribe	1.0
1775131315.907807	zeek	counter	zeek_event_handler_invocations_total	name	known_host_add	3.0
1775131315.907807	zeek	counter	zeek_event_handler_invocations_total	name	mqtt_connect	2.0
1775131315.907807	zeek	counter	zeek_total_sessions_total	protocol	icmp	4.0
1775131315.907807	zeek	counter	zeek_total_sessions_total	protocol	udp	14.0
1775131315.907807	zeek	counter	zeek_total_sessions_total	protocol	tcp	5.0
1775131315.907807	zeek	gauge	zeek_version_info	beta,commit,debug,major,minor,patch,version_number,version_string	false,0,false,8,1,1,80101,8.1.1	1.0
1775131315.907807	zeek	gauge	zeek_net_packet_lag_seconds	(empty)	(empty)	0.001373
1775131315.907807	zeek	gauge	zeek_net_timestamp_seconds	(empty)	(empty)	1775131315.907807
1775131315.907807	zeek	gauge	zeek_msgthread_active_threads	(empty)	(empty)	12.0
1775131315.907807	zeek	gauge	zeek_msgthread_pending_in_messages	(empty)	(empty)	0.0
1775131315.907807	zeek	gauge	zeek_msgthread_pending_out_messages	(empty)	(empty)	0.0
1775131315.907807	zeek	gauge	zeek_msgthread_pending_messages_in_buckets	leq	inf	12.0
1775131315.907807	zeek	gauge	zeek_msgthread_pending_messages_in_buckets	leq	10000	12.0
1775131315.907807	zeek	gauge	zeek_msgthread_pending_messages_in_buckets	leq	1000	12.0
1775131315.907807	zeek	gauge	zeek_msgthread_pending_messages_in_buckets	leq	100	12.0
1775131315.907807	zeek	gauge	zeek_msgthread_pending_messages_in_buckets	leq	10	12.0
1775131315.907807	zeek	gauge	zeek_msgthread_pending_messages_in_buckets	leq	1	12.0
1775131315.907807	zeek	gauge	zeek_msgthread_pending_messages_out_buckets	leq	inf	12.0
1775131315.907807	zeek	gauge	zeek_msgthread_pending_messages_out_buckets	leq	10000	12.0
1775131315.907807	zeek	gauge	zeek_msgthread_pending_messages_out_buckets	leq	1000	12.0
1775131315.907807	zeek	gauge	zeek_msgthread_pending_messages_out_buckets	leq	100	12.0
1775131315.907807	zeek	gauge	zeek_msgthread_pending_messages_out_buckets	leq	10	12.0
1775131315.907807	zeek	gauge	zeek_msgthread_pending_messages_out_buckets	leq	1	12.0
1775131315.907807	zeek	gauge	zeek_broker_peers	(empty)	(empty)	0.0
1775131315.907807	zeek	gauge	zeek_broker_stores	(empty)	(empty)	1.0
1775131315.907807	zeek	gauge	zeek_broker_pending_queries	(empty)	(empty)	0.0
1775131315.907807	zeek	gauge	zeek_timers_lag_time_seconds	(empty)	(empty)	0.005843
1775131315.907807	zeek	gauge	zeek_timers_pending	type	LogDelayExpire	0.0
1775131315.907807	zeek	gauge	zeek_timers_pending	type	ThreadHeartbeat	1.0
1775131315.907807	zeek	gauge	zeek_timers_pending	type	TimerMgrExpireTimer	0.0
1775131315.907807	zeek	gauge	zeek_timers_pending	type	ParentProcessIDCheck	0.0
1775131315.907807	zeek	gauge	zeek_timers_pending	type	FragTimer	0.0
1775131315.907807	zeek	gauge	zeek_timers_pending	type	RotateTimer	0.0
1775131315.907807	zeek	gauge	zeek_timers_pending	type	FlowWeirdTimer	0.0
1775131315.907807	zeek	gauge	zeek_timers_pending	type	FileAnalysisInactivityTimer	0.0
1775131315.907807	zeek	gauge	zeek_timers_pending	type	StorageExpire	1.0
1775131315.907807	zeek	gauge	zeek_timers_pending	type	ConnectionInactivityTimer	6.0
1775131315.907807	zeek	gauge	zeek_timers_pending	type	TCPConnectionExpireTimer	5.0
1775131315.907807	zeek	gauge	zeek_timers_pending	type	ConnectionStatusUpdateTimer	0.0
1775131315.907807	zeek	gauge	zeek_timers_pending	type	LogFlushWriteBufferTimer	1.0
1775131315.907807	zeek	gauge	zeek_timers_pending	type	NetWeirdTimer	0.0
1775131315.907807	zeek	gauge	zeek_timers_pending	type	InterconnTimer	0.0
1775131315.907807	zeek	gauge	zeek_timers_pending	type	IPTunnelInactivityTimer	0.0
1775131315.907807	zeek	gauge	zeek_timers_pending	type	DNSExpireTimer	0.0
1775131315.907807	zeek	gauge	zeek_timers_pending	type	UnknownProtocolExpire	0.0
1775131315.907807	zeek	gauge	zeek_timers_pending	type	ProfileTimer	0.0
1775131315.907807	zeek	gauge	zeek_timers_pending	type	ConnectionExpireTimer	0.0
1775131315.907807	zeek	gauge	zeek_timers_pending	type	BreakpointTimer	0.0
1775131315.907807	zeek	gauge	zeek_timers_pending	type	BackdoorTimer	0.0
1775131315.907807	zeek	gauge	zeek_timers_pending	type	NetbiosExpireTimer	0.0
1775131315.907807	zeek	gauge	zeek_timers_pending	type	NetworkTimer	0.0
1775131315.907807	zeek	gauge	zeek_timers_pending	type	RemoveConnection	0.0
1775131315.907807	zeek	gauge	zeek_timers_pending	type	TCPConnectionResetTimer	0.0
1775131315.907807	zeek	gauge	zeek_timers_pending	type	ConnTupleWeirdTimer	0.0
1775131315.907807	zeek	gauge	zeek_timers_pending	type	TCPConnectionDeleteTimer	0.0
1775131315.907807	zeek	gauge	zeek_timers_pending	type	ScheduleTimer	6.0
1775131315.907807	zeek	gauge	zeek_timers_pending	type	NTPExpireTimer	0.0
1775131315.907807	zeek	gauge	zeek_timers_pending	type	RPCExpireTimer	0.0
1775131315.907807	zeek	gauge	zeek_timers_pending	type	ConnectionDeleteTimer	0.0
1775131315.907807	zeek	gauge	zeek_timers_pending	type	TriggerTimer	0.0
1775131315.907807	zeek	gauge	zeek_timers_pending	type	TableValTimer	34.0
1775131315.907807	zeek	gauge	zeek_timers_pending	type	TCPConnectionAttemptTimer	0.0
1775131315.907807	zeek	gauge	zeek_timers_pending	type	TCPConnectionPartialClose	0.0
1775131315.907807	zeek	gauge	zeek_dnsmgr_pending_asyncs_requests	(empty)	(empty)	0.0
1775131315.907807	zeek	gauge	zeek_dnsmgr_cache_entries	type	text	0.0
1775131315.907807	zeek	gauge	zeek_dnsmgr_cache_entries	type	address	0.0
1775131315.907807	zeek	gauge	zeek_dnsmgr_cache_entries	type	host	0.0
1775131315.907807	zeek	gauge	zeek_pending_triggers	(empty)	(empty)	0.0
1775131315.907807	zeek	gauge	zeek_active_sessions	protocol	icmp	1.0
1775131315.907807	zeek	gauge	zeek_active_sessions	protocol	udp	0.0
1775131315.907807	zeek	gauge	zeek_active_sessions	protocol	tcp	5.0
1775131315.907807	zeek	counter	process_cpu_user_seconds_total	(empty)	(empty)	4.23
1775131315.907807	zeek	counter	process_cpu_system_seconds_total	(empty)	(empty)	2.95
1775131315.907807	zeek	gauge	process_resident_memory_bytes	(empty)	(empty)	283762688.0
1775131315.907807	zeek	gauge	process_virtual_memory_bytes	(empty)	(empty)	1920868352.0
1775131315.907807	zeek	gauge	process_open_fds	(empty)	(empty)	58.0
1775131315.907807	zeek	gauge	process_start_time_seconds	(empty)	(empty)	1775131014.997737
1775131375.916370	zeek	counter	zeek_log_stream_writes_total	module,stream	CaptureLoss,CaptureLoss::LOG	1.0
1775131375.916370	zeek	counter	zeek_log_stream_writes_total	module,stream	Conn,Conn::LOG	18.0
1775131375.916370	zeek	counter	zeek_log_stream_writes_total	module,stream	MQTT,MQTT::SUBSCRIBE_LOG	1.0
1775131375.916370	zeek	counter	zeek_log_stream_writes_total	module,stream	Known,Known::HOSTS_LOG	3.0
1775131375.916370	zeek	counter	zeek_log_stream_writes_total	module,stream	Known,Known::SERVICES_LOG	1.0
1775131375.916370	zeek	counter	zeek_log_stream_writes_total	module,stream	DNS,DNS::LOG	25.0
1775131375.916370	zeek	counter	zeek_log_stream_writes_total	module,stream	MQTT,MQTT::PUBLISH_LOG	22597.0
1775131375.916370	zeek	counter	zeek_log_stream_writes_total	module,stream	Stats,Stats::LOG	2.0
1775131375.916370	zeek	counter	zeek_log_stream_writes_total	module,stream	Telemetry,Telemetry::LOG	1054.0
1775131375.916370	zeek	counter	zeek_log_stream_writes_total	module,stream	LoadedScripts,LoadedScripts::LOG	538.0
1775131375.916370	zeek	counter	zeek_log_stream_writes_total	module,stream	MQTT,MQTT::CONNECT_LOG	2.0
1775131375.916370	zeek	counter	zeek_log_stream_writes_total	module,stream	PacketFilter,PacketFilter::LOG	1.0
1775131375.916370	zeek	counter	zeek_log_writer_writes_total	filter_name,module,path,stream,writer	default,CaptureLoss,capture_loss,CaptureLoss::LOG,Log::WRITER_ASCII	1.0
1775131375.916370	zeek	counter	zeek_log_writer_writes_total	filter_name,module,path,stream,writer	default,Conn,conn,Conn::LOG,Log::WRITER_ASCII	18.0
1775131375.916370	zeek	counter	zeek_log_writer_writes_total	filter_name,module,path,stream,writer	default,MQTT,mqtt_subscribe,MQTT::SUBSCRIBE_LOG,Log::WRITER_ASCII	1.0
1775131375.916370	zeek	counter	zeek_log_writer_writes_total	filter_name,module,path,stream,writer	default,Known,known_hosts,Known::HOSTS_LOG,Log::WRITER_ASCII	3.0
1775131375.916370	zeek	counter	zeek_log_writer_writes_total	filter_name,module,path,stream,writer	default,MQTT,mqtt_publish,MQTT::PUBLISH_LOG,Log::WRITER_ASCII	22597.0
1775131375.916370	zeek	counter	zeek_log_writer_writes_total	filter_name,module,path,stream,writer	default,DNS,dns,DNS::LOG,Log::WRITER_ASCII	25.0
1775131375.916370	zeek	counter	zeek_log_writer_writes_total	filter_name,module,path,stream,writer	default,Known,known_services,Known::SERVICES_LOG,Log::WRITER_ASCII	1.0
1775131375.916370	zeek	counter	zeek_log_writer_writes_total	filter_name,module,path,stream,writer	default,Stats,stats,Stats::LOG,Log::WRITER_ASCII	2.0
1775131375.916370	zeek	counter	zeek_log_writer_writes_total	filter_name,module,path,stream,writer	default,Telemetry,telemetry,Telemetry::LOG,Log::WRITER_ASCII	1054.0
1775131375.916370	zeek	counter	zeek_log_writer_writes_total	filter_name,module,path,stream,writer	default,MQTT,mqtt_connect,MQTT::CONNECT_LOG,Log::WRITER_ASCII	2.0
1775131375.916370	zeek	counter	zeek_log_writer_writes_total	filter_name,module,path,stream,writer	default,LoadedScripts,loaded_scripts,LoadedScripts::LOG,Log::WRITER_ASCII	538.0
1775131375.916370	zeek	counter	zeek_log_writer_writes_total	filter_name,module,path,stream,writer	default,PacketFilter,packet_filter,PacketFilter::LOG,Log::WRITER_ASCII	1.0
1775131375.916370	zeek	counter	zeek_log_writer_discarded_writes_total	filter_name,module,path,stream,writer	default,CaptureLoss,capture_loss,CaptureLoss::LOG,Log::WRITER_ASCII	0.0
1775131375.916370	zeek	counter	zeek_log_writer_discarded_writes_total	filter_name,module,path,stream,writer	default,Conn,conn,Conn::LOG,Log::WRITER_ASCII	0.0
1775131375.916370	zeek	counter	zeek_log_writer_discarded_writes_total	filter_name,module,path,stream,writer	default,MQTT,mqtt_subscribe,MQTT::SUBSCRIBE_LOG,Log::WRITER_ASCII	0.0
1775131375.916370	zeek	counter	zeek_log_writer_discarded_writes_total	filter_name,module,path,stream,writer	default,Known,known_hosts,Known::HOSTS_LOG,Log::WRITER_ASCII	0.0
1775131375.916370	zeek	counter	zeek_log_writer_discarded_writes_total	filter_name,module,path,stream,writer	default,MQTT,mqtt_publish,MQTT::PUBLISH_LOG,Log::WRITER_ASCII	0.0
1775131375.916370	zeek	counter	zeek_log_writer_discarded_writes_total	filter_name,module,path,stream,writer	default,DNS,dns,DNS::LOG,Log::WRITER_ASCII	0.0
1775131375.916370	zeek	counter	zeek_log_writer_discarded_writes_total	filter_name,module,path,stream,writer	default,Known,known_services,Known::SERVICES_LOG,Log::WRITER_ASCII	0.0
1775131375.916370	zeek	counter	zeek_log_writer_discarded_writes_total	filter_name,module,path,stream,writer	default,Stats,stats,Stats::LOG,Log::WRITER_ASCII	0.0
1775131375.916370	zeek	counter	zeek_log_writer_discarded_writes_total	filter_name,module,path,stream,writer	default,Telemetry,telemetry,Telemetry::LOG,Log::WRITER_ASCII	0.0
1775131375.916370	zeek	counter	zeek_log_writer_discarded_writes_total	filter_name,module,path,stream,writer	default,MQTT,mqtt_connect,MQTT::CONNECT_LOG,Log::WRITER_ASCII	0.0
1775131375.916370	zeek	counter	zeek_log_writer_discarded_writes_total	filter_name,module,path,stream,writer	default,LoadedScripts,loaded_scripts,LoadedScripts::LOG,Log::WRITER_ASCII	0.0
1775131375.916370	zeek	counter	zeek_log_writer_discarded_writes_total	filter_name,module,path,stream,writer	default,PacketFilter,packet_filter,PacketFilter::LOG,Log::WRITER_ASCII	0.0
1775131375.916370	zeek	counter	zeek_log_writer_truncated_string_fields_total	filter_name,module,path,stream,writer	default,CaptureLoss,capture_loss,CaptureLoss::LOG,Log::WRITER_ASCII	0.0
1775131375.916370	zeek	counter	zeek_log_writer_truncated_string_fields_total	filter_name,module,path,stream,writer	default,Conn,conn,Conn::LOG,Log::WRITER_ASCII	0.0
1775131375.916370	zeek	counter	zeek_log_writer_truncated_string_fields_total	filter_name,module,path,stream,writer	default,MQTT,mqtt_subscribe,MQTT::SUBSCRIBE_LOG,Log::WRITER_ASCII	0.0
1775131375.916370	zeek	counter	zeek_log_writer_truncated_string_fields_total	filter_name,module,path,stream,writer	default,Known,known_hosts,Known::HOSTS_LOG,Log::WRITER_ASCII	0.0
1775131375.916370	zeek	counter	zeek_log_writer_truncated_string_fields_total	filter_name,module,path,stream,writer	default,MQTT,mqtt_publish,MQTT::PUBLISH_LOG,Log::WRITER_ASCII	0.0
1775131375.916370	zeek	counter	zeek_log_writer_truncated_string_fields_total	filter_name,module,path,stream,writer	default,DNS,dns,DNS::LOG,Log::WRITER_ASCII	0.0
1775131375.916370	zeek	counter	zeek_log_writer_truncated_string_fields_total	filter_name,module,path,stream,writer	default,Known,known_services,Known::SERVICES_LOG,Log::WRITER_ASCII	0.0
1775131375.916370	zeek	counter	zeek_log_writer_truncated_string_fields_total	filter_name,module,path,stream,writer	default,Stats,stats,Stats::LOG,Log::WRITER_ASCII	0.0
1775131375.916370	zeek	counter	zeek_log_writer_truncated_string_fields_total	filter_name,module,path,stream,writer	default,Telemetry,telemetry,Telemetry::LOG,Log::WRITER_ASCII	0.0
1775131375.916370	zeek	counter	zeek_log_writer_truncated_string_fields_total	filter_name,module,path,stream,writer	default,MQTT,mqtt_connect,MQTT::CONNECT_LOG,Log::WRITER_ASCII	0.0
1775131375.916370	zeek	counter	zeek_log_writer_truncated_string_fields_total	filter_name,module,path,stream,writer	default,LoadedScripts,loaded_scripts,LoadedScripts::LOG,Log::WRITER_ASCII	0.0
1775131375.916370	zeek	counter	zeek_log_writer_truncated_string_fields_total	filter_name,module,path,stream,writer	default,PacketFilter,packet_filter,PacketFilter::LOG,Log::WRITER_ASCII	0.0
1775131375.916370	zeek	counter	zeek_log_writer_truncated_containers_total	filter_name,module,path,stream,writer	default,CaptureLoss,capture_loss,CaptureLoss::LOG,Log::WRITER_ASCII	0.0
1775131375.916370	zeek	counter	zeek_log_writer_truncated_containers_total	filter_name,module,path,stream,writer	default,Conn,conn,Conn::LOG,Log::WRITER_ASCII	0.0
1775131375.916370	zeek	counter	zeek_log_writer_truncated_containers_total	filter_name,module,path,stream,writer	default,MQTT,mqtt_subscribe,MQTT::SUBSCRIBE_LOG,Log::WRITER_ASCII	0.0
1775131375.916370	zeek	counter	zeek_log_writer_truncated_containers_total	filter_name,module,path,stream,writer	default,Known,known_hosts,Known::HOSTS_LOG,Log::WRITER_ASCII	0.0
1775131375.916370	zeek	counter	zeek_log_writer_truncated_containers_total	filter_name,module,path,stream,writer	default,MQTT,mqtt_publish,MQTT::PUBLISH_LOG,Log::WRITER_ASCII	0.0
1775131375.916370	zeek	counter	zeek_log_writer_truncated_containers_total	filter_name,module,path,stream,writer	default,DNS,dns,DNS::LOG,Log::WRITER_ASCII	0.0
1775131375.916370	zeek	counter	zeek_log_writer_truncated_containers_total	filter_name,module,path,stream,writer	default,Known,known_services,Known::SERVICES_LOG,Log::WRITER_ASCII	0.0
1775131375.916370	zeek	counter	zeek_log_writer_truncated_containers_total	filter_name,module,path,stream,writer	default,Stats,stats,Stats::LOG,Log::WRITER_ASCII	0.0
1775131375.916370	zeek	counter	zeek_log_writer_truncated_containers_total	filter_name,module,path,stream,writer	default,Telemetry,telemetry,Telemetry::LOG,Log::WRITER_ASCII	0.0
1775131375.916370	zeek	counter	zeek_log_writer_truncated_containers_total	filter_name,module,path,stream,writer	default,MQTT,mqtt_connect,MQTT::CONNECT_LOG,Log::WRITER_ASCII	0.0
1775131375.916370	zeek	counter	zeek_log_writer_truncated_containers_total	filter_name,module,path,stream,writer	default,LoadedScripts,loaded_scripts,LoadedScripts::LOG,Log::WRITER_ASCII	0.0
1775131375.916370	zeek	counter	zeek_log_writer_truncated_containers_total	filter_name,module,path,stream,writer	default,PacketFilter,packet_filter,PacketFilter::LOG,Log::WRITER_ASCII	0.0
1775131375.916370	zeek	counter	zeek_net_received_bytes_total	(empty)	(empty)	5967356.0
1775131375.916370	zeek	counter	zeek_net_received_packets_total	(empty)	(empty)	45430.0
1775131375.916370	zeek	counter	zeek_net_dropped_packets_total	(empty)	(empty)	0.0
1775131375.916370	zeek	counter	zeek_net_link_packets_total	(empty)	(empty)	45435.0
1775131375.916370	zeek	counter	zeek_msgthread_threads_total	(empty)	(empty)	12.0
1775131375.916370	zeek	counter	zeek_msgthread_in_messages_total	(empty)	(empty)	315.0
1775131375.916370	zeek	counter	zeek_msgthread_out_messages_total	(empty)	(empty)	0.0
1775131375.916370	zeek	counter	zeek_cluster_core_outgoing_events_total	(empty)	(empty)	0.0
1775131375.916370	zeek	counter	zeek_cluster_core_incoming_events_total	(empty)	(empty)	0.0
1775131375.916370	zeek	counter	zeek_broker_incoming_events_total	(empty)	(empty)	0.0
1775131375.916370	zeek	counter	zeek_broker_outgoing_events_total	(empty)	(empty)	0.0
1775131375.916370	zeek	counter	zeek_broker_incoming_logs_total	(empty)	(empty)	0.0
1775131375.916370	zeek	counter	zeek_broker_outgoing_logs_total	(empty)	(empty)	0.0
1775131375.916370	zeek	counter	zeek_broker_incoming_ids_total	(empty)	(empty)	0.0
1775131375.916370	zeek	counter	zeek_broker_outgoing_ids_total	(empty)	(empty)	0.0
1775131375.916370	zeek	counter	zeek_timers_total	(empty)	(empty)	2741.0
1775131375.916370	zeek	counter	zeek_dnsmgr_requests_total	(empty)	(empty)	0.0
1775131375.916370	zeek	counter	zeek_dnsmgr_successful_requests_total	(empty)	(empty)	0.0
1775131375.916370	zeek	counter	zeek_dnsmgr_failed_requests_total	(empty)	(empty)	0.0
1775131375.916370	zeek	counter	zeek_triggers_total	(empty)	(empty)	0.0
1775131375.916370	zeek	counter	zeek_ended_sessions_total	reason	inactivity	4.0
1775131375.916370	zeek	counter	zeek_event_handler_invocations_total	name	connection_state_remove	18.0
1775131375.916370	zeek	counter	zeek_event_handler_invocations_total	name	dns_message	32.0
1775131375.916370	zeek	counter	zeek_event_handler_invocations_total	name	service_info_commit	3.0
1775131375.916370	zeek	counter	zeek_event_handler_invocations_total	name	net_stats_update	2.0
1775131375.916370	zeek	counter	zeek_event_handler_invocations_total	name	CaptureLoss::take_measurement	2.0
1775131375.916370	zeek	counter	zeek_event_handler_invocations_total	name	dns_end	32.0
1775131375.916370	zeek	counter	zeek_event_handler_invocations_total	name	dns_PTR_reply	8.0
1775131375.916370	zeek	counter	zeek_event_handler_invocations_total	name	check_stats	2.0
1775131375.916370	zeek	counter	zeek_event_handler_invocations_total	name	new_connection	23.0
1775131375.916370	zeek	counter	zeek_event_handler_invocations_total	name	zeek_script_loaded	538.0
1775131375.916370	zeek	counter	zeek_event_handler_invocations_total	name	known_service_add	1.0
1775131375.916370	zeek	counter	zeek_event_handler_invocations_total	name	Broker::log_flush	357.0
1775131375.916370	zeek	counter	zeek_event_handler_invocations_total	name	SumStats::finish_epoch	3.0
1775131375.916370	zeek	counter	zeek_event_handler_invocations_total	name	mqtt_publish	22597.0
1775131375.916370	zeek	counter	zeek_event_handler_invocations_total	name	filter_change_tracking	3.0
1775131375.916370	zeek	counter	zeek_event_handler_invocations_total	name	NetControl::init	1.0
1775131375.916370	zeek	counter	zeek_event_handler_invocations_total	name	Telemetry::log	7.0
1775131375.916370	zeek	counter	zeek_event_handler_invocations_total	name	mqtt_suback	1.0
1775131375.916370	zeek	counter	zeek_event_handler_invocations_total	name	ChecksumOffloading::check	2.0
1775131375.916370	zeek	counter	zeek_event_handler_invocations_total	name	zeek_init	1.0
1775131375.916370	zeek	counter	zeek_event_handler_invocations_total	name	dns_request	48.0
1775131375.916370	zeek	counter	zeek_event_handler_invocations_total	name	mqtt_connack	2.0
1775131375.916370	zeek	counter	zeek_event_handler_invocations_total	name	dns_AAAA_reply	7.0
1775131375.916370	zeek	counter	zeek_event_handler_invocations_total	name	grab_vulnerable_versions	2.0
1775131375.916370	zeek	counter	zeek_event_handler_invocations_total	name	dns_A_reply	1.0
1775131375.916370	zeek	counter	zeek_event_handler_invocations_total	name	connection_flipped	1.0
1775131375.916370	zeek	counter	zeek_event_handler_invocations_total	name	analyzer_confirmation_info	19.0
1775131375.916370	zeek	counter	zeek_event_handler_invocations_total	name	connection_established	2.0
1775131375.916370	zeek	counter	zeek_event_handler_invocations_total	name	Known::host_found	4.0
1775131375.916370	zeek	counter	zeek_event_handler_invocations_total	name	mqtt_subscribe	1.0
1775131375.916370	zeek	counter	zeek_event_handler_invocations_total	name	known_host_add	3.0
1775131375.916370	zeek	counter	zeek_event_handler_invocations_total	name	mqtt_connect	2.0
1775131375.916370	zeek	counter	zeek_total_sessions_total	protocol	icmp	4.0
1775131375.916370	zeek	counter	zeek_total_sessions_total	protocol	udp	14.0
1775131375.916370	zeek	counter	zeek_total_sessions_total	protocol	tcp	5.0
1775131375.916370	zeek	gauge	zeek_version_info	beta,commit,debug,major,minor,patch,version_number,version_string	false,0,false,8,1,1,80101,8.1.1	1.0
1775131375.916370	zeek	gauge	zeek_net_packet_lag_seconds	(empty)	(empty)	0.003798
1775131375.916370	zeek	gauge	zeek_net_timestamp_seconds	(empty)	(empty)	1775131375.91637
1775131375.916370	zeek	gauge	zeek_msgthread_active_threads	(empty)	(empty)	12.0
1775131375.916370	zeek	gauge	zeek_msgthread_pending_in_messages	(empty)	(empty)	0.0
1775131375.916370	zeek	gauge	zeek_msgthread_pending_out_messages	(empty)	(empty)	0.0
1775131375.916370	zeek	gauge	zeek_msgthread_pending_messages_in_buckets	leq	inf	12.0
1775131375.916370	zeek	gauge	zeek_msgthread_pending_messages_in_buckets	leq	10000	12.0
1775131375.916370	zeek	gauge	zeek_msgthread_pending_messages_in_buckets	leq	1000	12.0
1775131375.916370	zeek	gauge	zeek_msgthread_pending_messages_in_buckets	leq	100	12.0
1775131375.916370	zeek	gauge	zeek_msgthread_pending_messages_in_buckets	leq	10	12.0
1775131375.916370	zeek	gauge	zeek_msgthread_pending_messages_in_buckets	leq	1	12.0
1775131375.916370	zeek	gauge	zeek_msgthread_pending_messages_out_buckets	leq	inf	12.0
1775131375.916370	zeek	gauge	zeek_msgthread_pending_messages_out_buckets	leq	10000	12.0
1775131375.916370	zeek	gauge	zeek_msgthread_pending_messages_out_buckets	leq	1000	12.0
1775131375.916370	zeek	gauge	zeek_msgthread_pending_messages_out_buckets	leq	100	12.0
1775131375.916370	zeek	gauge	zeek_msgthread_pending_messages_out_buckets	leq	10	12.0
1775131375.916370	zeek	gauge	zeek_msgthread_pending_messages_out_buckets	leq	1	12.0
1775131375.916370	zeek	gauge	zeek_broker_peers	(empty)	(empty)	0.0
1775131375.916370	zeek	gauge	zeek_broker_stores	(empty)	(empty)	1.0
1775131375.916370	zeek	gauge	zeek_broker_pending_queries	(empty)	(empty)	0.0
1775131375.916370	zeek	gauge	zeek_timers_lag_time_seconds	(empty)	(empty)	0.008563
1775131375.916370	zeek	gauge	zeek_timers_pending	type	LogDelayExpire	0.0
1775131375.916370	zeek	gauge	zeek_timers_pending	type	ThreadHeartbeat	1.0
1775131375.916370	zeek	gauge	zeek_timers_pending	type	TimerMgrExpireTimer	0.0
1775131375.916370	zeek	gauge	zeek_timers_pending	type	ParentProcessIDCheck	0.0
1775131375.916370	zeek	gauge	zeek_timers_pending	type	FragTimer	0.0
1775131375.916370	zeek	gauge	zeek_timers_pending	type	RotateTimer	0.0
1775131375.916370	zeek	gauge	zeek_timers_pending	type	FlowWeirdTimer	0.0
1775131375.916370	zeek	gauge	zeek_timers_pending	type	FileAnalysisInactivityTimer	0.0
1775131375.916370	zeek	gauge	zeek_timers_pending	type	StorageExpire	1.0
1775131375.916370	zeek	gauge	zeek_timers_pending	type	ConnectionInactivityTimer	5.0
1775131375.916370	zeek	gauge	zeek_timers_pending	type	TCPConnectionExpireTimer	5.0
1775131375.916370	zeek	gauge	zeek_timers_pending	type	ConnectionStatusUpdateTimer	0.0
1775131375.916370	zeek	gauge	zeek_timers_pending	type	LogFlushWriteBufferTimer	1.0
1775131375.916370	zeek	gauge	zeek_timers_pending	type	NetWeirdTimer	0.0
1775131375.916370	zeek	gauge	zeek_timers_pending	type	InterconnTimer	0.0
1775131375.916370	zeek	gauge	zeek_timers_pending	type	IPTunnelInactivityTimer	0.0
1775131375.916370	zeek	gauge	zeek_timers_pending	type	DNSExpireTimer	0.0
1775131375.916370	zeek	gauge	zeek_timers_pending	type	UnknownProtocolExpire	0.0
1775131375.916370	zeek	gauge	zeek_timers_pending	type	ProfileTimer	0.0
1775131375.916370	zeek	gauge	zeek_timers_pending	type	ConnectionExpireTimer	0.0
1775131375.916370	zeek	gauge	zeek_timers_pending	type	BreakpointTimer	0.0
1775131375.916370	zeek	gauge	zeek_timers_pending	type	BackdoorTimer	0.0
1775131375.916370	zeek	gauge	zeek_timers_pending	type	NetbiosExpireTimer	0.0
1775131375.916370	zeek	gauge	zeek_timers_pending	type	NetworkTimer	0.0
1775131375.916370	zeek	gauge	zeek_timers_pending	type	RemoveConnection	0.0
1775131375.916370	zeek	gauge	zeek_timers_pending	type	TCPConnectionResetTimer	0.0
1775131375.916370	zeek	gauge	zeek_timers_pending	type	ConnTupleWeirdTimer	0.0
1775131375.916370	zeek	gauge	zeek_timers_pending	type	TCPConnectionDeleteTimer	0.0
1775131375.916370	zeek	gauge	zeek_timers_pending	type	ScheduleTimer	6.0
1775131375.916370	zeek	gauge	zeek_timers_pending	type	NTPExpireTimer	0.0
1775131375.916370	zeek	gauge	zeek_timers_pending	type	RPCExpireTimer	0.0
1775131375.916370	zeek	gauge	zeek_timers_pending	type	ConnectionDeleteTimer	0.0
1775131375.916370	zeek	gauge	zeek_timers_pending	type	TriggerTimer	0.0
1775131375.916370	zeek	gauge	zeek_timers_pending	type	TableValTimer	34.0
1775131375.916370	zeek	gauge	zeek_timers_pending	type	TCPConnectionAttemptTimer	0.0
1775131375.916370	zeek	gauge	zeek_timers_pending	type	TCPConnectionPartialClose	0.0
1775131375.916370	zeek	gauge	zeek_dnsmgr_pending_asyncs_requests	(empty)	(empty)	0.0
1775131375.916370	zeek	gauge	zeek_dnsmgr_cache_entries	type	text	0.0
1775131375.916370	zeek	gauge	zeek_dnsmgr_cache_entries	type	address	0.0
1775131375.916370	zeek	gauge	zeek_dnsmgr_cache_entries	type	host	0.0
1775131375.916370	zeek	gauge	zeek_pending_triggers	(empty)	(empty)	0.0
1775131375.916370	zeek	gauge	zeek_active_sessions	protocol	icmp	0.0
1775131375.916370	zeek	gauge	zeek_active_sessions	protocol	udp	0.0
1775131375.916370	zeek	gauge	zeek_active_sessions	protocol	tcp	5.0
1775131375.916370	zeek	counter	process_cpu_user_seconds_total	(empty)	(empty)	6.17
1775131375.916370	zeek	counter	process_cpu_system_seconds_total	(empty)	(empty)	3.72
1775131375.916370	zeek	gauge	process_resident_memory_bytes	(empty)	(empty)	283762688.0
1775131375.916370	zeek	gauge	process_virtual_memory_bytes	(empty)	(empty)	1920868352.0
1775131375.916370	zeek	gauge	process_open_fds	(empty)	(empty)	58.0
1775131375.916370	zeek	gauge	process_start_time_seconds	(empty)	(empty)	1775131014.997737
1775131435.931996	zeek	counter	zeek_log_stream_writes_total	module,stream	CaptureLoss,CaptureLoss::LOG	1.0
1775131435.931996	zeek	counter	zeek_log_stream_writes_total	module,stream	Conn,Conn::LOG	18.0
1775131435.931996	zeek	counter	zeek_log_stream_writes_total	module,stream	MQTT,MQTT::SUBSCRIBE_LOG	1.0
1775131435.931996	zeek	counter	zeek_log_stream_writes_total	module,stream	Known,Known::HOSTS_LOG	3.0
1775131435.931996	zeek	counter	zeek_log_stream_writes_total	module,stream	Known,Known::SERVICES_LOG	1.0
1775131435.931996	zeek	counter	zeek_log_stream_writes_total	module,stream	DNS,DNS::LOG	25.0
1775131435.931996	zeek	counter	zeek_log_stream_writes_total	module,stream	MQTT,MQTT::PUBLISH_LOG	31588.0
1775131435.931996	zeek	counter	zeek_log_stream_writes_total	module,stream	Stats,Stats::LOG	2.0
1775131435.931996	zeek	counter	zeek_log_stream_writes_total	module,stream	Telemetry,Telemetry::LOG	1242.0
1775131435.931996	zeek	counter	zeek_log_stream_writes_total	module,stream	LoadedScripts,LoadedScripts::LOG	538.0
1775131435.931996	zeek	counter	zeek_log_stream_writes_total	module,stream	MQTT,MQTT::CONNECT_LOG	2.0
1775131435.931996	zeek	counter	zeek_log_stream_writes_total	module,stream	PacketFilter,PacketFilter::LOG	1.0
1775131435.931996	zeek	counter	zeek_log_writer_writes_total	filter_name,module,path,stream,writer	default,CaptureLoss,capture_loss,CaptureLoss::LOG,Log::WRITER_ASCII	1.0
1775131435.931996	zeek	counter	zeek_log_writer_writes_total	filter_name,module,path,stream,writer	default,Conn,conn,Conn::LOG,Log::WRITER_ASCII	18.0
1775131435.931996	zeek	counter	zeek_log_writer_writes_total	filter_name,module,path,stream,writer	default,MQTT,mqtt_subscribe,MQTT::SUBSCRIBE_LOG,Log::WRITER_ASCII	1.0
1775131435.931996	zeek	counter	zeek_log_writer_writes_total	filter_name,module,path,stream,writer	default,Known,known_hosts,Known::HOSTS_LOG,Log::WRITER_ASCII	3.0
1775131435.931996	zeek	counter	zeek_log_writer_writes_total	filter_name,module,path,stream,writer	default,MQTT,mqtt_publish,MQTT::PUBLISH_LOG,Log::WRITER_ASCII	31588.0
1775131435.931996	zeek	counter	zeek_log_writer_writes_total	filter_name,module,path,stream,writer	default,DNS,dns,DNS::LOG,Log::WRITER_ASCII	25.0
1775131435.931996	zeek	counter	zeek_log_writer_writes_total	filter_name,module,path,stream,writer	default,Known,known_services,Known::SERVICES_LOG,Log::WRITER_ASCII	1.0
1775131435.931996	zeek	counter	zeek_log_writer_writes_total	filter_name,module,path,stream,writer	default,Stats,stats,Stats::LOG,Log::WRITER_ASCII	2.0
1775131435.931996	zeek	counter	zeek_log_writer_writes_total	filter_name,module,path,stream,writer	default,Telemetry,telemetry,Telemetry::LOG,Log::WRITER_ASCII	1242.0
1775131435.931996	zeek	counter	zeek_log_writer_writes_total	filter_name,module,path,stream,writer	default,MQTT,mqtt_connect,MQTT::CONNECT_LOG,Log::WRITER_ASCII	2.0
1775131435.931996	zeek	counter	zeek_log_writer_writes_total	filter_name,module,path,stream,writer	default,LoadedScripts,loaded_scripts,LoadedScripts::LOG,Log::WRITER_ASCII	538.0
1775131435.931996	zeek	counter	zeek_log_writer_writes_total	filter_name,module,path,stream,writer	default,PacketFilter,packet_filter,PacketFilter::LOG,Log::WRITER_ASCII	1.0
1775131435.931996	zeek	counter	zeek_log_writer_discarded_writes_total	filter_name,module,path,stream,writer	default,CaptureLoss,capture_loss,CaptureLoss::LOG,Log::WRITER_ASCII	0.0
1775131435.931996	zeek	counter	zeek_log_writer_discarded_writes_total	filter_name,module,path,stream,writer	default,Conn,conn,Conn::LOG,Log::WRITER_ASCII	0.0
1775131435.931996	zeek	counter	zeek_log_writer_discarded_writes_total	filter_name,module,path,stream,writer	default,MQTT,mqtt_subscribe,MQTT::SUBSCRIBE_LOG,Log::WRITER_ASCII	0.0
1775131435.931996	zeek	counter	zeek_log_writer_discarded_writes_total	filter_name,module,path,stream,writer	default,Known,known_hosts,Known::HOSTS_LOG,Log::WRITER_ASCII	0.0
1775131435.931996	zeek	counter	zeek_log_writer_discarded_writes_total	filter_name,module,path,stream,writer	default,MQTT,mqtt_publish,MQTT::PUBLISH_LOG,Log::WRITER_ASCII	0.0
1775131435.931996	zeek	counter	zeek_log_writer_discarded_writes_total	filter_name,module,path,stream,writer	default,DNS,dns,DNS::LOG,Log::WRITER_ASCII	0.0
1775131435.931996	zeek	counter	zeek_log_writer_discarded_writes_total	filter_name,module,path,stream,writer	default,Known,known_services,Known::SERVICES_LOG,Log::WRITER_ASCII	0.0
1775131435.931996	zeek	counter	zeek_log_writer_discarded_writes_total	filter_name,module,path,stream,writer	default,Stats,stats,Stats::LOG,Log::WRITER_ASCII	0.0
1775131435.931996	zeek	counter	zeek_log_writer_discarded_writes_total	filter_name,module,path,stream,writer	default,Telemetry,telemetry,Telemetry::LOG,Log::WRITER_ASCII	0.0
1775131435.931996	zeek	counter	zeek_log_writer_discarded_writes_total	filter_name,module,path,stream,writer	default,MQTT,mqtt_connect,MQTT::CONNECT_LOG,Log::WRITER_ASCII	0.0
1775131435.931996	zeek	counter	zeek_log_writer_discarded_writes_total	filter_name,module,path,stream,writer	default,LoadedScripts,loaded_scripts,LoadedScripts::LOG,Log::WRITER_ASCII	0.0
1775131435.931996	zeek	counter	zeek_log_writer_discarded_writes_total	filter_name,module,path,stream,writer	default,PacketFilter,packet_filter,PacketFilter::LOG,Log::WRITER_ASCII	0.0
1775131435.931996	zeek	counter	zeek_log_writer_truncated_string_fields_total	filter_name,module,path,stream,writer	default,CaptureLoss,capture_loss,CaptureLoss::LOG,Log::WRITER_ASCII	0.0
1775131435.931996	zeek	counter	zeek_log_writer_truncated_string_fields_total	filter_name,module,path,stream,writer	default,Conn,conn,Conn::LOG,Log::WRITER_ASCII	0.0
1775131435.931996	zeek	counter	zeek_log_writer_truncated_string_fields_total	filter_name,module,path,stream,writer	default,MQTT,mqtt_subscribe,MQTT::SUBSCRIBE_LOG,Log::WRITER_ASCII	0.0
1775131435.931996	zeek	counter	zeek_log_writer_truncated_string_fields_total	filter_name,module,path,stream,writer	default,Known,known_hosts,Known::HOSTS_LOG,Log::WRITER_ASCII	0.0
1775131435.931996	zeek	counter	zeek_log_writer_truncated_string_fields_total	filter_name,module,path,stream,writer	default,MQTT,mqtt_publish,MQTT::PUBLISH_LOG,Log::WRITER_ASCII	0.0
1775131435.931996	zeek	counter	zeek_log_writer_truncated_string_fields_total	filter_name,module,path,stream,writer	default,DNS,dns,DNS::LOG,Log::WRITER_ASCII	0.0
1775131435.931996	zeek	counter	zeek_log_writer_truncated_string_fields_total	filter_name,module,path,stream,writer	default,Known,known_services,Known::SERVICES_LOG,Log::WRITER_ASCII	0.0
1775131435.931996	zeek	counter	zeek_log_writer_truncated_string_fields_total	filter_name,module,path,stream,writer	default,Stats,stats,Stats::LOG,Log::WRITER_ASCII	0.0
1775131435.931996	zeek	counter	zeek_log_writer_truncated_string_fields_total	filter_name,module,path,stream,writer	default,Telemetry,telemetry,Telemetry::LOG,Log::WRITER_ASCII	0.0
1775131435.931996	zeek	counter	zeek_log_writer_truncated_string_fields_total	filter_name,module,path,stream,writer	default,MQTT,mqtt_connect,MQTT::CONNECT_LOG,Log::WRITER_ASCII	0.0
1775131435.931996	zeek	counter	zeek_log_writer_truncated_string_fields_total	filter_name,module,path,stream,writer	default,LoadedScripts,loaded_scripts,LoadedScripts::LOG,Log::WRITER_ASCII	0.0
1775131435.931996	zeek	counter	zeek_log_writer_truncated_string_fields_total	filter_name,module,path,stream,writer	default,PacketFilter,packet_filter,PacketFilter::LOG,Log::WRITER_ASCII	0.0
1775131435.931996	zeek	counter	zeek_log_writer_truncated_containers_total	filter_name,module,path,stream,writer	default,CaptureLoss,capture_loss,CaptureLoss::LOG,Log::WRITER_ASCII	0.0
1775131435.931996	zeek	counter	zeek_log_writer_truncated_containers_total	filter_name,module,path,stream,writer	default,Conn,conn,Conn::LOG,Log::WRITER_ASCII	0.0
1775131435.931996	zeek	counter	zeek_log_writer_truncated_containers_total	filter_name,module,path,stream,writer	default,MQTT,mqtt_subscribe,MQTT::SUBSCRIBE_LOG,Log::WRITER_ASCII	0.0
1775131435.931996	zeek	counter	zeek_log_writer_truncated_containers_total	filter_name,module,path,stream,writer	default,Known,known_hosts,Known::HOSTS_LOG,Log::WRITER_ASCII	0.0
1775131435.931996	zeek	counter	zeek_log_writer_truncated_containers_total	filter_name,module,path,stream,writer	default,MQTT,mqtt_publish,MQTT::PUBLISH_LOG,Log::WRITER_ASCII	0.0
1775131435.931996	zeek	counter	zeek_log_writer_truncated_containers_total	filter_name,module,path,stream,writer	default,DNS,dns,DNS::LOG,Log::WRITER_ASCII	0.0
1775131435.931996	zeek	counter	zeek_log_writer_truncated_containers_total	filter_name,module,path,stream,writer	default,Known,known_services,Known::SERVICES_LOG,Log::WRITER_ASCII	0.0
1775131435.931996	zeek	counter	zeek_log_writer_truncated_containers_total	filter_name,module,path,stream,writer	default,Stats,stats,Stats::LOG,Log::WRITER_ASCII	0.0
1775131435.931996	zeek	counter	zeek_log_writer_truncated_containers_total	filter_name,module,path,stream,writer	default,Telemetry,telemetry,Telemetry::LOG,Log::WRITER_ASCII	0.0
1775131435.931996	zeek	counter	zeek_log_writer_truncated_containers_total	filter_name,module,path,stream,writer	default,MQTT,mqtt_connect,MQTT::CONNECT_LOG,Log::WRITER_ASCII	0.0
1775131435.931996	zeek	counter	zeek_log_writer_truncated_containers_total	filter_name,module,path,stream,writer	default,LoadedScripts,loaded_scripts,LoadedScripts::LOG,Log::WRITER_ASCII	0.0
1775131435.931996	zeek	counter	zeek_log_writer_truncated_containers_total	filter_name,module,path,stream,writer	default,PacketFilter,packet_filter,PacketFilter::LOG,Log::WRITER_ASCII	0.0
1775131435.931996	zeek	counter	zeek_net_received_bytes_total	(empty)	(empty)	8337853.0
1775131435.931996	zeek	counter	zeek_net_received_packets_total	(empty)	(empty)	63443.0
1775131435.931996	zeek	counter	zeek_net_dropped_packets_total	(empty)	(empty)	0.0
1775131435.931996	zeek	counter	zeek_net_link_packets_total	(empty)	(empty)	63448.0
1775131435.931996	zeek	counter	zeek_msgthread_threads_total	(empty)	(empty)	12.0
1775131435.931996	zeek	counter	zeek_msgthread_in_messages_total	(empty)	(empty)	375.0
1775131435.931996	zeek	counter	zeek_msgthread_out_messages_total	(empty)	(empty)	0.0
1775131435.931996	zeek	counter	zeek_cluster_core_outgoing_events_total	(empty)	(empty)	0.0
1775131435.931996	zeek	counter	zeek_cluster_core_incoming_events_total	(empty)	(empty)	0.0
1775131435.931996	zeek	counter	zeek_broker_incoming_events_total	(empty)	(empty)	0.0
1775131435.931996	zeek	counter	zeek_broker_outgoing_events_total	(empty)	(empty)	0.0
1775131435.931996	zeek	counter	zeek_broker_incoming_logs_total	(empty)	(empty)	0.0
1775131435.931996	zeek	counter	zeek_broker_outgoing_logs_total	(empty)	(empty)	0.0
1775131435.931996	zeek	counter	zeek_broker_incoming_ids_total	(empty)	(empty)	0.0
1775131435.931996	zeek	counter	zeek_broker_outgoing_ids_total	(empty)	(empty)	0.0
1775131435.931996	zeek	counter	zeek_timers_total	(empty)	(empty)	3177.0
1775131435.931996	zeek	counter	zeek_dnsmgr_requests_total	(empty)	(empty)	0.0
1775131435.931996	zeek	counter	zeek_dnsmgr_successful_requests_total	(empty)	(empty)	0.0
1775131435.931996	zeek	counter	zeek_dnsmgr_failed_requests_total	(empty)	(empty)	0.0
1775131435.931996	zeek	counter	zeek_triggers_total	(empty)	(empty)	0.0
1775131435.931996	zeek	counter	zeek_ended_sessions_total	reason	inactivity	4.0
1775131435.931996	zeek	counter	zeek_event_handler_invocations_total	name	connection_state_remove	18.0
1775131435.931996	zeek	counter	zeek_event_handler_invocations_total	name	dns_message	32.0
1775131435.931996	zeek	counter	zeek_event_handler_invocations_total	name	service_info_commit	3.0
1775131435.931996	zeek	counter	zeek_event_handler_invocations_total	name	net_stats_update	2.0
1775131435.931996	zeek	counter	zeek_event_handler_invocations_total	name	CaptureLoss::take_measurement	2.0
1775131435.931996	zeek	counter	zeek_event_handler_invocations_total	name	dns_end	32.0
1775131435.931996	zeek	counter	zeek_event_handler_invocations_total	name	dns_PTR_reply	8.0
1775131435.931996	zeek	counter	zeek_event_handler_invocations_total	name	check_stats	2.0
1775131435.931996	zeek	counter	zeek_event_handler_invocations_total	name	new_connection	23.0
1775131435.931996	zeek	counter	zeek_event_handler_invocations_total	name	zeek_script_loaded	538.0
1775131435.931996	zeek	counter	zeek_event_handler_invocations_total	name	known_service_add	1.0
1775131435.931996	zeek	counter	zeek_event_handler_invocations_total	name	Broker::log_flush	416.0
1775131435.931996	zeek	counter	zeek_event_handler_invocations_total	name	SumStats::finish_epoch	3.0
1775131435.931996	zeek	counter	zeek_event_handler_invocations_total	name	mqtt_publish	31588.0
1775131435.931996	zeek	counter	zeek_event_handler_invocations_total	name	filter_change_tracking	3.0
1775131435.931996	zeek	counter	zeek_event_handler_invocations_total	name	NetControl::init	1.0
1775131435.931996	zeek	counter	zeek_event_handler_invocations_total	name	Telemetry::log	8.0
1775131435.931996	zeek	counter	zeek_event_handler_invocations_total	name	mqtt_suback	1.0
1775131435.931996	zeek	counter	zeek_event_handler_invocations_total	name	ChecksumOffloading::check	2.0
1775131435.931996	zeek	counter	zeek_event_handler_invocations_total	name	zeek_init	1.0
1775131435.931996	zeek	counter	zeek_event_handler_invocations_total	name	dns_request	48.0
1775131435.931996	zeek	counter	zeek_event_handler_invocations_total	name	mqtt_connack	2.0
1775131435.931996	zeek	counter	zeek_event_handler_invocations_total	name	dns_AAAA_reply	7.0
1775131435.931996	zeek	counter	zeek_event_handler_invocations_total	name	grab_vulnerable_versions	2.0
1775131435.931996	zeek	counter	zeek_event_handler_invocations_total	name	dns_A_reply	1.0
1775131435.931996	zeek	counter	zeek_event_handler_invocations_total	name	connection_flipped	1.0
1775131435.931996	zeek	counter	zeek_event_handler_invocations_total	name	analyzer_confirmation_info	19.0
1775131435.931996	zeek	counter	zeek_event_handler_invocations_total	name	connection_established	2.0
1775131435.931996	zeek	counter	zeek_event_handler_invocations_total	name	Known::host_found	4.0
1775131435.931996	zeek	counter	zeek_event_handler_invocations_total	name	mqtt_subscribe	1.0
1775131435.931996	zeek	counter	zeek_event_handler_invocations_total	name	known_host_add	3.0
1775131435.931996	zeek	counter	zeek_event_handler_invocations_total	name	mqtt_connect	2.0
1775131435.931996	zeek	counter	zeek_total_sessions_total	protocol	icmp	4.0
1775131435.931996	zeek	counter	zeek_total_sessions_total	protocol	udp	14.0
1775131435.931996	zeek	counter	zeek_total_sessions_total	protocol	tcp	5.0
1775131435.931996	zeek	gauge	zeek_version_info	beta,commit,debug,major,minor,patch,version_number,version_string	false,0,false,8,1,1,80101,8.1.1	1.0
1775131435.931996	zeek	gauge	zeek_net_packet_lag_seconds	(empty)	(empty)	0.001043
1775131435.931996	zeek	gauge	zeek_net_timestamp_seconds	(empty)	(empty)	1775131435.931996
1775131435.931996	zeek	gauge	zeek_msgthread_active_threads	(empty)	(empty)	12.0
1775131435.931996	zeek	gauge	zeek_msgthread_pending_in_messages	(empty)	(empty)	0.0
1775131435.931996	zeek	gauge	zeek_msgthread_pending_out_messages	(empty)	(empty)	0.0
1775131435.931996	zeek	gauge	zeek_msgthread_pending_messages_in_buckets	leq	inf	12.0
1775131435.931996	zeek	gauge	zeek_msgthread_pending_messages_in_buckets	leq	10000	12.0
1775131435.931996	zeek	gauge	zeek_msgthread_pending_messages_in_buckets	leq	1000	12.0
1775131435.931996	zeek	gauge	zeek_msgthread_pending_messages_in_buckets	leq	100	12.0
1775131435.931996	zeek	gauge	zeek_msgthread_pending_messages_in_buckets	leq	10	12.0
1775131435.931996	zeek	gauge	zeek_msgthread_pending_messages_in_buckets	leq	1	12.0
1775131435.931996	zeek	gauge	zeek_msgthread_pending_messages_out_buckets	leq	inf	12.0
1775131435.931996	zeek	gauge	zeek_msgthread_pending_messages_out_buckets	leq	10000	12.0
1775131435.931996	zeek	gauge	zeek_msgthread_pending_messages_out_buckets	leq	1000	12.0
1775131435.931996	zeek	gauge	zeek_msgthread_pending_messages_out_buckets	leq	100	12.0
1775131435.931996	zeek	gauge	zeek_msgthread_pending_messages_out_buckets	leq	10	12.0
1775131435.931996	zeek	gauge	zeek_msgthread_pending_messages_out_buckets	leq	1	12.0
1775131435.931996	zeek	gauge	zeek_broker_peers	(empty)	(empty)	0.0
1775131435.931996	zeek	gauge	zeek_broker_stores	(empty)	(empty)	1.0
1775131435.931996	zeek	gauge	zeek_broker_pending_queries	(empty)	(empty)	0.0
1775131435.931996	zeek	gauge	zeek_timers_lag_time_seconds	(empty)	(empty)	0.015626
1775131435.931996	zeek	gauge	zeek_timers_pending	type	LogDelayExpire	0.0
1775131435.931996	zeek	gauge	zeek_timers_pending	type	ThreadHeartbeat	1.0
1775131435.931996	zeek	gauge	zeek_timers_pending	type	TimerMgrExpireTimer	0.0
1775131435.931996	zeek	gauge	zeek_timers_pending	type	ParentProcessIDCheck	0.0
1775131435.931996	zeek	gauge	zeek_timers_pending	type	FragTimer	0.0
1775131435.931996	zeek	gauge	zeek_timers_pending	type	RotateTimer	0.0
1775131435.931996	zeek	gauge	zeek_timers_pending	type	FlowWeirdTimer	0.0
1775131435.931996	zeek	gauge	zeek_timers_pending	type	FileAnalysisInactivityTimer	0.0
1775131435.931996	zeek	gauge	zeek_timers_pending	type	StorageExpire	1.0
1775131435.931996	zeek	gauge	zeek_timers_pending	type	ConnectionInactivityTimer	5.0
1775131435.931996	zeek	gauge	zeek_timers_pending	type	TCPConnectionExpireTimer	5.0
1775131435.931996	zeek	gauge	zeek_timers_pending	type	ConnectionStatusUpdateTimer	0.0
1775131435.931996	zeek	gauge	zeek_timers_pending	type	LogFlushWriteBufferTimer	1.0
1775131435.931996	zeek	gauge	zeek_timers_pending	type	NetWeirdTimer	0.0
1775131435.931996	zeek	gauge	zeek_timers_pending	type	InterconnTimer	0.0
1775131435.931996	zeek	gauge	zeek_timers_pending	type	IPTunnelInactivityTimer	0.0
1775131435.931996	zeek	gauge	zeek_timers_pending	type	DNSExpireTimer	0.0
1775131435.931996	zeek	gauge	zeek_timers_pending	type	UnknownProtocolExpire	0.0
1775131435.931996	zeek	gauge	zeek_timers_pending	type	ProfileTimer	0.0
1775131435.931996	zeek	gauge	zeek_timers_pending	type	ConnectionExpireTimer	0.0
1775131435.931996	zeek	gauge	zeek_timers_pending	type	BreakpointTimer	0.0
1775131435.931996	zeek	gauge	zeek_timers_pending	type	BackdoorTimer	0.0
1775131435.931996	zeek	gauge	zeek_timers_pending	type	NetbiosExpireTimer	0.0
1775131435.931996	zeek	gauge	zeek_timers_pending	type	NetworkTimer	0.0
1775131435.931996	zeek	gauge	zeek_timers_pending	type	RemoveConnection	0.0
1775131435.931996	zeek	gauge	zeek_timers_pending	type	TCPConnectionResetTimer	0.0
1775131435.931996	zeek	gauge	zeek_timers_pending	type	ConnTupleWeirdTimer	0.0
1775131435.931996	zeek	gauge	zeek_timers_pending	type	TCPConnectionDeleteTimer	0.0
1775131435.931996	zeek	gauge	zeek_timers_pending	type	ScheduleTimer	6.0
1775131435.931996	zeek	gauge	zeek_timers_pending	type	NTPExpireTimer	0.0
1775131435.931996	zeek	gauge	zeek_timers_pending	type	RPCExpireTimer	0.0
1775131435.931996	zeek	gauge	zeek_timers_pending	type	ConnectionDeleteTimer	0.0
1775131435.931996	zeek	gauge	zeek_timers_pending	type	TriggerTimer	0.0
1775131435.931996	zeek	gauge	zeek_timers_pending	type	TableValTimer	34.0
1775131435.931996	zeek	gauge	zeek_timers_pending	type	TCPConnectionAttemptTimer	0.0
1775131435.931996	zeek	gauge	zeek_timers_pending	type	TCPConnectionPartialClose	0.0
1775131435.931996	zeek	gauge	zeek_dnsmgr_pending_asyncs_requests	(empty)	(empty)	0.0
1775131435.931996	zeek	gauge	zeek_dnsmgr_cache_entries	type	text	0.0
1775131435.931996	zeek	gauge	zeek_dnsmgr_cache_entries	type	address	0.0
1775131435.931996	zeek	gauge	zeek_dnsmgr_cache_entries	type	host	0.0
1775131435.931996	zeek	gauge	zeek_pending_triggers	(empty)	(empty)	0.0
1775131435.931996	zeek	gauge	zeek_active_sessions	protocol	icmp	0.0
1775131435.931996	zeek	gauge	zeek_active_sessions	protocol	udp	0.0
1775131435.931996	zeek	gauge	zeek_active_sessions	protocol	tcp	5.0
1775131435.931996	zeek	counter	process_cpu_user_seconds_total	(empty)	(empty)	8.27
1775131435.931996	zeek	counter	process_cpu_system_seconds_total	(empty)	(empty)	4.52
1775131435.931996	zeek	gauge	process_resident_memory_bytes	(empty)	(empty)	283762688.0
1775131435.931996	zeek	gauge	process_virtual_memory_bytes	(empty)	(empty)	1920868352.0
1775131435.931996	zeek	gauge	process_open_fds	(empty)	(empty)	58.0
1775131435.931996	zeek	gauge	process_start_time_seconds	(empty)	(empty)	1775131014.997737
1775131495.935357	zeek	counter	zeek_log_stream_writes_total	module,stream	CaptureLoss,CaptureLoss::LOG	1.0
1775131495.935357	zeek	counter	zeek_log_stream_writes_total	module,stream	Conn,Conn::LOG	18.0
1775131495.935357	zeek	counter	zeek_log_stream_writes_total	module,stream	MQTT,MQTT::SUBSCRIBE_LOG	1.0
1775131495.935357	zeek	counter	zeek_log_stream_writes_total	module,stream	Known,Known::HOSTS_LOG	3.0
1775131495.935357	zeek	counter	zeek_log_stream_writes_total	module,stream	Known,Known::SERVICES_LOG	1.0
1775131495.935357	zeek	counter	zeek_log_stream_writes_total	module,stream	DNS,DNS::LOG	25.0
1775131495.935357	zeek	counter	zeek_log_stream_writes_total	module,stream	MQTT,MQTT::PUBLISH_LOG	40582.0
1775131495.935357	zeek	counter	zeek_log_stream_writes_total	module,stream	Stats,Stats::LOG	2.0
1775131495.935357	zeek	counter	zeek_log_stream_writes_total	module,stream	Telemetry,Telemetry::LOG	1430.0
1775131495.935357	zeek	counter	zeek_log_stream_writes_total	module,stream	LoadedScripts,LoadedScripts::LOG	538.0
1775131495.935357	zeek	counter	zeek_log_stream_writes_total	module,stream	MQTT,MQTT::CONNECT_LOG	2.0
1775131495.935357	zeek	counter	zeek_log_stream_writes_total	module,stream	PacketFilter,PacketFilter::LOG	1.0
1775131495.935357	zeek	counter	zeek_log_writer_writes_total	filter_name,module,path,stream,writer	default,CaptureLoss,capture_loss,CaptureLoss::LOG,Log::WRITER_ASCII	1.0
1775131495.935357	zeek	counter	zeek_log_writer_writes_total	filter_name,module,path,stream,writer	default,Conn,conn,Conn::LOG,Log::WRITER_ASCII	18.0
1775131495.935357	zeek	counter	zeek_log_writer_writes_total	filter_name,module,path,stream,writer	default,MQTT,mqtt_subscribe,MQTT::SUBSCRIBE_LOG,Log::WRITER_ASCII	1.0
1775131495.935357	zeek	counter	zeek_log_writer_writes_total	filter_name,module,path,stream,writer	default,Known,known_hosts,Known::HOSTS_LOG,Log::WRITER_ASCII	3.0
1775131495.935357	zeek	counter	zeek_log_writer_writes_total	filter_name,module,path,stream,writer	default,MQTT,mqtt_publish,MQTT::PUBLISH_LOG,Log::WRITER_ASCII	40582.0
1775131495.935357	zeek	counter	zeek_log_writer_writes_total	filter_name,module,path,stream,writer	default,DNS,dns,DNS::LOG,Log::WRITER_ASCII	25.0
1775131495.935357	zeek	counter	zeek_log_writer_writes_total	filter_name,module,path,stream,writer	default,Known,known_services,Known::SERVICES_LOG,Log::WRITER_ASCII	1.0
1775131495.935357	zeek	counter	zeek_log_writer_writes_total	filter_name,module,path,stream,writer	default,Stats,stats,Stats::LOG,Log::WRITER_ASCII	2.0
1775131495.935357	zeek	counter	zeek_log_writer_writes_total	filter_name,module,path,stream,writer	default,Telemetry,telemetry,Telemetry::LOG,Log::WRITER_ASCII	1430.0
1775131495.935357	zeek	counter	zeek_log_writer_writes_total	filter_name,module,path,stream,writer	default,MQTT,mqtt_connect,MQTT::CONNECT_LOG,Log::WRITER_ASCII	2.0
1775131495.935357	zeek	counter	zeek_log_writer_writes_total	filter_name,module,path,stream,writer	default,LoadedScripts,loaded_scripts,LoadedScripts::LOG,Log::WRITER_ASCII	538.0
1775131495.935357	zeek	counter	zeek_log_writer_writes_total	filter_name,module,path,stream,writer	default,PacketFilter,packet_filter,PacketFilter::LOG,Log::WRITER_ASCII	1.0
1775131495.935357	zeek	counter	zeek_log_writer_discarded_writes_total	filter_name,module,path,stream,writer	default,CaptureLoss,capture_loss,CaptureLoss::LOG,Log::WRITER_ASCII	0.0
1775131495.935357	zeek	counter	zeek_log_writer_discarded_writes_total	filter_name,module,path,stream,writer	default,Conn,conn,Conn::LOG,Log::WRITER_ASCII	0.0
1775131495.935357	zeek	counter	zeek_log_writer_discarded_writes_total	filter_name,module,path,stream,writer	default,MQTT,mqtt_subscribe,MQTT::SUBSCRIBE_LOG,Log::WRITER_ASCII	0.0
1775131495.935357	zeek	counter	zeek_log_writer_discarded_writes_total	filter_name,module,path,stream,writer	default,Known,known_hosts,Known::HOSTS_LOG,Log::WRITER_ASCII	0.0
1775131495.935357	zeek	counter	zeek_log_writer_discarded_writes_total	filter_name,module,path,stream,writer	default,MQTT,mqtt_publish,MQTT::PUBLISH_LOG,Log::WRITER_ASCII	0.0
1775131495.935357	zeek	counter	zeek_log_writer_discarded_writes_total	filter_name,module,path,stream,writer	default,DNS,dns,DNS::LOG,Log::WRITER_ASCII	0.0
1775131495.935357	zeek	counter	zeek_log_writer_discarded_writes_total	filter_name,module,path,stream,writer	default,Known,known_services,Known::SERVICES_LOG,Log::WRITER_ASCII	0.0
1775131495.935357	zeek	counter	zeek_log_writer_discarded_writes_total	filter_name,module,path,stream,writer	default,Stats,stats,Stats::LOG,Log::WRITER_ASCII	0.0
1775131495.935357	zeek	counter	zeek_log_writer_discarded_writes_total	filter_name,module,path,stream,writer	default,Telemetry,telemetry,Telemetry::LOG,Log::WRITER_ASCII	0.0
1775131495.935357	zeek	counter	zeek_log_writer_discarded_writes_total	filter_name,module,path,stream,writer	default,MQTT,mqtt_connect,MQTT::CONNECT_LOG,Log::WRITER_ASCII	0.0
1775131495.935357	zeek	counter	zeek_log_writer_discarded_writes_total	filter_name,module,path,stream,writer	default,LoadedScripts,loaded_scripts,LoadedScripts::LOG,Log::WRITER_ASCII	0.0
1775131495.935357	zeek	counter	zeek_log_writer_discarded_writes_total	filter_name,module,path,stream,writer	default,PacketFilter,packet_filter,PacketFilter::LOG,Log::WRITER_ASCII	0.0
1775131495.935357	zeek	counter	zeek_log_writer_truncated_string_fields_total	filter_name,module,path,stream,writer	default,CaptureLoss,capture_loss,CaptureLoss::LOG,Log::WRITER_ASCII	0.0
1775131495.935357	zeek	counter	zeek_log_writer_truncated_string_fields_total	filter_name,module,path,stream,writer	default,Conn,conn,Conn::LOG,Log::WRITER_ASCII	0.0
1775131495.935357	zeek	counter	zeek_log_writer_truncated_string_fields_total	filter_name,module,path,stream,writer	default,MQTT,mqtt_subscribe,MQTT::SUBSCRIBE_LOG,Log::WRITER_ASCII	0.0
1775131495.935357	zeek	counter	zeek_log_writer_truncated_string_fields_total	filter_name,module,path,stream,writer	default,Known,known_hosts,Known::HOSTS_LOG,Log::WRITER_ASCII	0.0
1775131495.935357	zeek	counter	zeek_log_writer_truncated_string_fields_total	filter_name,module,path,stream,writer	default,MQTT,mqtt_publish,MQTT::PUBLISH_LOG,Log::WRITER_ASCII	0.0
1775131495.935357	zeek	counter	zeek_log_writer_truncated_string_fields_total	filter_name,module,path,stream,writer	default,DNS,dns,DNS::LOG,Log::WRITER_ASCII	0.0
1775131495.935357	zeek	counter	zeek_log_writer_truncated_string_fields_total	filter_name,module,path,stream,writer	default,Known,known_services,Known::SERVICES_LOG,Log::WRITER_ASCII	0.0
1775131495.935357	zeek	counter	zeek_log_writer_truncated_string_fields_total	filter_name,module,path,stream,writer	default,Stats,stats,Stats::LOG,Log::WRITER_ASCII	0.0
1775131495.935357	zeek	counter	zeek_log_writer_truncated_string_fields_total	filter_name,module,path,stream,writer	default,Telemetry,telemetry,Telemetry::LOG,Log::WRITER_ASCII	0.0
1775131495.935357	zeek	counter	zeek_log_writer_truncated_string_fields_total	filter_name,module,path,stream,writer	default,MQTT,mqtt_connect,MQTT::CONNECT_LOG,Log::WRITER_ASCII	0.0
1775131495.935357	zeek	counter	zeek_log_writer_truncated_string_fields_total	filter_name,module,path,stream,writer	default,LoadedScripts,loaded_scripts,LoadedScripts::LOG,Log::WRITER_ASCII	0.0
1775131495.935357	zeek	counter	zeek_log_writer_truncated_string_fields_total	filter_name,module,path,stream,writer	default,PacketFilter,packet_filter,PacketFilter::LOG,Log::WRITER_ASCII	0.0
1775131495.935357	zeek	counter	zeek_log_writer_truncated_containers_total	filter_name,module,path,stream,writer	default,CaptureLoss,capture_loss,CaptureLoss::LOG,Log::WRITER_ASCII	0.0
1775131495.935357	zeek	counter	zeek_log_writer_truncated_containers_total	filter_name,module,path,stream,writer	default,Conn,conn,Conn::LOG,Log::WRITER_ASCII	0.0
1775131495.935357	zeek	counter	zeek_log_writer_truncated_containers_total	filter_name,module,path,stream,writer	default,MQTT,mqtt_subscribe,MQTT::SUBSCRIBE_LOG,Log::WRITER_ASCII	0.0
1775131495.935357	zeek	counter	zeek_log_writer_truncated_containers_total	filter_name,module,path,stream,writer	default,Known,known_hosts,Known::HOSTS_LOG,Log::WRITER_ASCII	0.0
1775131495.935357	zeek	counter	zeek_log_writer_truncated_containers_total	filter_name,module,path,stream,writer	default,MQTT,mqtt_publish,MQTT::PUBLISH_LOG,Log::WRITER_ASCII	0.0
1775131495.935357	zeek	counter	zeek_log_writer_truncated_containers_total	filter_name,module,path,stream,writer	default,DNS,dns,DNS::LOG,Log::WRITER_ASCII	0.0
1775131495.935357	zeek	counter	zeek_log_writer_truncated_containers_total	filter_name,module,path,stream,writer	default,Known,known_services,Known::SERVICES_LOG,Log::WRITER_ASCII	0.0
1775131495.935357	zeek	counter	zeek_log_writer_truncated_containers_total	filter_name,module,path,stream,writer	default,Stats,stats,Stats::LOG,Log::WRITER_ASCII	0.0
1775131495.935357	zeek	counter	zeek_log_writer_truncated_containers_total	filter_name,module,path,stream,writer	default,Telemetry,telemetry,Telemetry::LOG,Log::WRITER_ASCII	0.0
1775131495.935357	zeek	counter	zeek_log_writer_truncated_containers_total	filter_name,module,path,stream,writer	default,MQTT,mqtt_connect,MQTT::CONNECT_LOG,Log::WRITER_ASCII	0.0
1775131495.935357	zeek	counter	zeek_log_writer_truncated_containers_total	filter_name,module,path,stream,writer	default,LoadedScripts,loaded_scripts,LoadedScripts::LOG,Log::WRITER_ASCII	0.0
1775131495.935357	zeek	counter	zeek_log_writer_truncated_containers_total	filter_name,module,path,stream,writer	default,PacketFilter,packet_filter,PacketFilter::LOG,Log::WRITER_ASCII	0.0
1775131495.935357	zeek	counter	zeek_net_received_bytes_total	(empty)	(empty)	10709362.0
1775131495.935357	zeek	counter	zeek_net_received_packets_total	(empty)	(empty)	81464.0
1775131495.935357	zeek	counter	zeek_net_dropped_packets_total	(empty)	(empty)	0.0
1775131495.935357	zeek	counter	zeek_net_link_packets_total	(empty)	(empty)	81469.0
1775131495.935357	zeek	counter	zeek_msgthread_threads_total	(empty)	(empty)	12.0
1775131495.935357	zeek	counter	zeek_msgthread_in_messages_total	(empty)	(empty)	436.0
1775131495.935357	zeek	counter	zeek_msgthread_out_messages_total	(empty)	(empty)	0.0
1775131495.935357	zeek	counter	zeek_cluster_core_outgoing_events_total	(empty)	(empty)	0.0
1775131495.935357	zeek	counter	zeek_cluster_core_incoming_events_total	(empty)	(empty)	0.0
1775131495.935357	zeek	counter	zeek_broker_incoming_events_total	(empty)	(empty)	0.0
1775131495.935357	zeek	counter	zeek_broker_outgoing_events_total	(empty)	(empty)	0.0
1775131495.935357	zeek	counter	zeek_broker_incoming_logs_total	(empty)	(empty)	0.0
1775131495.935357	zeek	counter	zeek_broker_outgoing_logs_total	(empty)	(empty)	0.0
1775131495.935357	zeek	counter	zeek_broker_incoming_ids_total	(empty)	(empty)	0.0
1775131495.935357	zeek	counter	zeek_broker_outgoing_ids_total	(empty)	(empty)	0.0
1775131495.935357	zeek	counter	zeek_timers_total	(empty)	(empty)	3616.0
1775131495.935357	zeek	counter	zeek_dnsmgr_requests_total	(empty)	(empty)	0.0
1775131495.935357	zeek	counter	zeek_dnsmgr_successful_requests_total	(empty)	(empty)	0.0
1775131495.935357	zeek	counter	zeek_dnsmgr_failed_requests_total	(empty)	(empty)	0.0
1775131495.935357	zeek	counter	zeek_triggers_total	(empty)	(empty)	0.0
1775131495.935357	zeek	counter	zeek_ended_sessions_total	reason	inactivity	4.0
1775131495.935357	zeek	counter	zeek_event_handler_invocations_total	name	connection_state_remove	18.0
1775131495.935357	zeek	counter	zeek_event_handler_invocations_total	name	dns_message	32.0
1775131495.935357	zeek	counter	zeek_event_handler_invocations_total	name	service_info_commit	3.0
1775131495.935357	zeek	counter	zeek_event_handler_invocations_total	name	net_stats_update	2.0
1775131495.935357	zeek	counter	zeek_event_handler_invocations_total	name	CaptureLoss::take_measurement	2.0
1775131495.935357	zeek	counter	zeek_event_handler_invocations_total	name	dns_end	32.0
1775131495.935357	zeek	counter	zeek_event_handler_invocations_total	name	dns_PTR_reply	8.0
1775131495.935357	zeek	counter	zeek_event_handler_invocations_total	name	check_stats	2.0
1775131495.935357	zeek	counter	zeek_event_handler_invocations_total	name	new_connection	23.0
1775131495.935357	zeek	counter	zeek_event_handler_invocations_total	name	zeek_script_loaded	538.0
1775131495.935357	zeek	counter	zeek_event_handler_invocations_total	name	known_service_add	1.0
1775131495.935357	zeek	counter	zeek_event_handler_invocations_total	name	Broker::log_flush	476.0
1775131495.935357	zeek	counter	zeek_event_handler_invocations_total	name	SumStats::finish_epoch	3.0
1775131495.935357	zeek	counter	zeek_event_handler_invocations_total	name	mqtt_publish	40582.0
1775131495.935357	zeek	counter	zeek_event_handler_invocations_total	name	filter_change_tracking	3.0
1775131495.935357	zeek	counter	zeek_event_handler_invocations_total	name	NetControl::init	1.0
1775131495.935357	zeek	counter	zeek_event_handler_invocations_total	name	Telemetry::log	9.0
1775131495.935357	zeek	counter	zeek_event_handler_invocations_total	name	mqtt_suback	1.0
1775131495.935357	zeek	counter	zeek_event_handler_invocations_total	name	ChecksumOffloading::check	2.0
1775131495.935357	zeek	counter	zeek_event_handler_invocations_total	name	zeek_init	1.0
1775131495.935357	zeek	counter	zeek_event_handler_invocations_total	name	dns_request	48.0
1775131495.935357	zeek	counter	zeek_event_handler_invocations_total	name	mqtt_connack	2.0
1775131495.935357	zeek	counter	zeek_event_handler_invocations_total	name	dns_AAAA_reply	7.0
1775131495.935357	zeek	counter	zeek_event_handler_invocations_total	name	grab_vulnerable_versions	2.0
1775131495.935357	zeek	counter	zeek_event_handler_invocations_total	name	dns_A_reply	1.0
1775131495.935357	zeek	counter	zeek_event_handler_invocations_total	name	connection_flipped	1.0
1775131495.935357	zeek	counter	zeek_event_handler_invocations_total	name	analyzer_confirmation_info	19.0
1775131495.935357	zeek	counter	zeek_event_handler_invocations_total	name	connection_established	2.0
1775131495.935357	zeek	counter	zeek_event_handler_invocations_total	name	Known::host_found	4.0
1775131495.935357	zeek	counter	zeek_event_handler_invocations_total	name	mqtt_subscribe	1.0
1775131495.935357	zeek	counter	zeek_event_handler_invocations_total	name	known_host_add	3.0
1775131495.935357	zeek	counter	zeek_event_handler_invocations_total	name	mqtt_connect	2.0
1775131495.935357	zeek	counter	zeek_total_sessions_total	protocol	icmp	4.0
1775131495.935357	zeek	counter	zeek_total_sessions_total	protocol	udp	14.0
1775131495.935357	zeek	counter	zeek_total_sessions_total	protocol	tcp	5.0
1775131495.935357	zeek	gauge	zeek_version_info	beta,commit,debug,major,minor,patch,version_number,version_string	false,0,false,8,1,1,80101,8.1.1	1.0
1775131495.935357	zeek	gauge	zeek_net_packet_lag_seconds	(empty)	(empty)	0.002295
1775131495.935357	zeek	gauge	zeek_net_timestamp_seconds	(empty)	(empty)	1775131495.935357
1775131495.935357	zeek	gauge	zeek_msgthread_active_threads	(empty)	(empty)	12.0
1775131495.935357	zeek	gauge	zeek_msgthread_pending_in_messages	(empty)	(empty)	0.0
1775131495.935357	zeek	gauge	zeek_msgthread_pending_out_messages	(empty)	(empty)	0.0
1775131495.935357	zeek	gauge	zeek_msgthread_pending_messages_in_buckets	leq	inf	12.0
1775131495.935357	zeek	gauge	zeek_msgthread_pending_messages_in_buckets	leq	10000	12.0
1775131495.935357	zeek	gauge	zeek_msgthread_pending_messages_in_buckets	leq	1000	12.0
1775131495.935357	zeek	gauge	zeek_msgthread_pending_messages_in_buckets	leq	100	12.0
1775131495.935357	zeek	gauge	zeek_msgthread_pending_messages_in_buckets	leq	10	12.0
1775131495.935357	zeek	gauge	zeek_msgthread_pending_messages_in_buckets	leq	1	12.0
1775131495.935357	zeek	gauge	zeek_msgthread_pending_messages_out_buckets	leq	inf	12.0
1775131495.935357	zeek	gauge	zeek_msgthread_pending_messages_out_buckets	leq	10000	12.0
1775131495.935357	zeek	gauge	zeek_msgthread_pending_messages_out_buckets	leq	1000	12.0
1775131495.935357	zeek	gauge	zeek_msgthread_pending_messages_out_buckets	leq	100	12.0
1775131495.935357	zeek	gauge	zeek_msgthread_pending_messages_out_buckets	leq	10	12.0
1775131495.935357	zeek	gauge	zeek_msgthread_pending_messages_out_buckets	leq	1	12.0
1775131495.935357	zeek	gauge	zeek_broker_peers	(empty)	(empty)	0.0
1775131495.935357	zeek	gauge	zeek_broker_stores	(empty)	(empty)	1.0
1775131495.935357	zeek	gauge	zeek_broker_pending_queries	(empty)	(empty)	0.0
1775131495.935357	zeek	gauge	zeek_timers_lag_time_seconds	(empty)	(empty)	0.003361
1775131495.935357	zeek	gauge	zeek_timers_pending	type	LogDelayExpire	0.0
1775131495.935357	zeek	gauge	zeek_timers_pending	type	ThreadHeartbeat	1.0
1775131495.935357	zeek	gauge	zeek_timers_pending	type	TimerMgrExpireTimer	0.0
1775131495.935357	zeek	gauge	zeek_timers_pending	type	ParentProcessIDCheck	0.0
1775131495.935357	zeek	gauge	zeek_timers_pending	type	FragTimer	0.0
1775131495.935357	zeek	gauge	zeek_timers_pending	type	RotateTimer	0.0
1775131495.935357	zeek	gauge	zeek_timers_pending	type	FlowWeirdTimer	0.0
1775131495.935357	zeek	gauge	zeek_timers_pending	type	FileAnalysisInactivityTimer	0.0
1775131495.935357	zeek	gauge	zeek_timers_pending	type	StorageExpire	1.0
1775131495.935357	zeek	gauge	zeek_timers_pending	type	ConnectionInactivityTimer	5.0
1775131495.935357	zeek	gauge	zeek_timers_pending	type	TCPConnectionExpireTimer	5.0
1775131495.935357	zeek	gauge	zeek_timers_pending	type	ConnectionStatusUpdateTimer	0.0
1775131495.935357	zeek	gauge	zeek_timers_pending	type	LogFlushWriteBufferTimer	1.0
1775131495.935357	zeek	gauge	zeek_timers_pending	type	NetWeirdTimer	0.0
1775131495.935357	zeek	gauge	zeek_timers_pending	type	InterconnTimer	0.0
1775131495.935357	zeek	gauge	zeek_timers_pending	type	IPTunnelInactivityTimer	0.0
1775131495.935357	zeek	gauge	zeek_timers_pending	type	DNSExpireTimer	0.0
1775131495.935357	zeek	gauge	zeek_timers_pending	type	UnknownProtocolExpire	0.0
1775131495.935357	zeek	gauge	zeek_timers_pending	type	ProfileTimer	0.0
1775131495.935357	zeek	gauge	zeek_timers_pending	type	ConnectionExpireTimer	0.0
1775131495.935357	zeek	gauge	zeek_timers_pending	type	BreakpointTimer	0.0
1775131495.935357	zeek	gauge	zeek_timers_pending	type	BackdoorTimer	0.0
1775131495.935357	zeek	gauge	zeek_timers_pending	type	NetbiosExpireTimer	0.0
1775131495.935357	zeek	gauge	zeek_timers_pending	type	NetworkTimer	0.0
1775131495.935357	zeek	gauge	zeek_timers_pending	type	RemoveConnection	0.0
1775131495.935357	zeek	gauge	zeek_timers_pending	type	TCPConnectionResetTimer	0.0
1775131495.935357	zeek	gauge	zeek_timers_pending	type	ConnTupleWeirdTimer	0.0
1775131495.935357	zeek	gauge	zeek_timers_pending	type	TCPConnectionDeleteTimer	0.0
1775131495.935357	zeek	gauge	zeek_timers_pending	type	ScheduleTimer	6.0
1775131495.935357	zeek	gauge	zeek_timers_pending	type	NTPExpireTimer	0.0
1775131495.935357	zeek	gauge	zeek_timers_pending	type	RPCExpireTimer	0.0
1775131495.935357	zeek	gauge	zeek_timers_pending	type	ConnectionDeleteTimer	0.0
1775131495.935357	zeek	gauge	zeek_timers_pending	type	TriggerTimer	0.0
1775131495.935357	zeek	gauge	zeek_timers_pending	type	TableValTimer	34.0
1775131495.935357	zeek	gauge	zeek_timers_pending	type	TCPConnectionAttemptTimer	0.0
1775131495.935357	zeek	gauge	zeek_timers_pending	type	TCPConnectionPartialClose	0.0
1775131495.935357	zeek	gauge	zeek_dnsmgr_pending_asyncs_requests	(empty)	(empty)	0.0
1775131495.935357	zeek	gauge	zeek_dnsmgr_cache_entries	type	text	0.0
1775131495.935357	zeek	gauge	zeek_dnsmgr_cache_entries	type	address	0.0
1775131495.935357	zeek	gauge	zeek_dnsmgr_cache_entries	type	host	0.0
1775131495.935357	zeek	gauge	zeek_pending_triggers	(empty)	(empty)	0.0
1775131495.935357	zeek	gauge	zeek_active_sessions	protocol	icmp	0.0
1775131495.935357	zeek	gauge	zeek_active_sessions	protocol	udp	0.0
1775131495.935357	zeek	gauge	zeek_active_sessions	protocol	tcp	5.0
1775131495.935357	zeek	counter	process_cpu_user_seconds_total	(empty)	(empty)	10.37
1775131495.935357	zeek	counter	process_cpu_system_seconds_total	(empty)	(empty)	5.28
1775131495.935357	zeek	gauge	process_resident_memory_bytes	(empty)	(empty)	283762688.0
1775131495.935357	zeek	gauge	process_virtual_memory_bytes	(empty)	(empty)	1920868352.0
1775131495.935357	zeek	gauge	process_open_fds	(empty)	(empty)	58.0
1775131495.935357	zeek	gauge	process_start_time_seconds	(empty)	(empty)	1775131014.997737
1775131556.400776	zeek	counter	zeek_log_stream_writes_total	module,stream	Analyzer::Logging,Analyzer::Logging::LOG	1.0
1775131556.400776	zeek	counter	zeek_log_stream_writes_total	module,stream	PacketFilter,PacketFilter::LOG	1.0
1775131556.400776	zeek	counter	zeek_log_stream_writes_total	module,stream	MQTT,MQTT::CONNECT_LOG	4.0
1775131556.400776	zeek	counter	zeek_log_stream_writes_total	module,stream	LoadedScripts,LoadedScripts::LOG	538.0
1775131556.400776	zeek	counter	zeek_log_stream_writes_total	module,stream	Telemetry,Telemetry::LOG	1618.0
1775131556.400776	zeek	counter	zeek_log_stream_writes_total	module,stream	Stats,Stats::LOG	2.0
1775131556.400776	zeek	counter	zeek_log_stream_writes_total	module,stream	MQTT,MQTT::PUBLISH_LOG	44051.0
1775131556.400776	zeek	counter	zeek_log_stream_writes_total	module,stream	Weird,Weird::LOG	3.0
1775131556.400776	zeek	counter	zeek_log_stream_writes_total	module,stream	DNS,DNS::LOG	28.0
1775131556.400776	zeek	counter	zeek_log_stream_writes_total	module,stream	Known,Known::SERVICES_LOG	1.0
1775131556.400776	zeek	counter	zeek_log_stream_writes_total	module,stream	Known,Known::HOSTS_LOG	3.0
1775131556.400776	zeek	counter	zeek_log_stream_writes_total	module,stream	MQTT,MQTT::SUBSCRIBE_LOG	2.0
1775131556.400776	zeek	counter	zeek_log_stream_writes_total	module,stream	Conn,Conn::LOG	23.0
1775131556.400776	zeek	counter	zeek_log_stream_writes_total	module,stream	CaptureLoss,CaptureLoss::LOG	1.0
1775131556.400776	zeek	counter	zeek_log_writer_writes_total	filter_name,module,path,stream,writer	default,Analyzer::Logging,analyzer,Analyzer::Logging::LOG,Log::WRITER_ASCII	1.0
1775131556.400776	zeek	counter	zeek_log_writer_writes_total	filter_name,module,path,stream,writer	default,PacketFilter,packet_filter,PacketFilter::LOG,Log::WRITER_ASCII	1.0
1775131556.400776	zeek	counter	zeek_log_writer_writes_total	filter_name,module,path,stream,writer	default,LoadedScripts,loaded_scripts,LoadedScripts::LOG,Log::WRITER_ASCII	538.0
1775131556.400776	zeek	counter	zeek_log_writer_writes_total	filter_name,module,path,stream,writer	default,Telemetry,telemetry,Telemetry::LOG,Log::WRITER_ASCII	1618.0
1775131556.400776	zeek	counter	zeek_log_writer_writes_total	filter_name,module,path,stream,writer	default,Stats,stats,Stats::LOG,Log::WRITER_ASCII	2.0
1775131556.400776	zeek	counter	zeek_log_writer_writes_total	filter_name,module,path,stream,writer	default,Weird,weird,Weird::LOG,Log::WRITER_ASCII	3.0
1775131556.400776	zeek	counter	zeek_log_writer_writes_total	filter_name,module,path,stream,writer	default,DNS,dns,DNS::LOG,Log::WRITER_ASCII	28.0
1775131556.400776	zeek	counter	zeek_log_writer_writes_total	filter_name,module,path,stream,writer	default,MQTT,mqtt_publish,MQTT::PUBLISH_LOG,Log::WRITER_ASCII	44051.0
1775131556.400776	zeek	counter	zeek_log_writer_writes_total	filter_name,module,path,stream,writer	default,Known,known_hosts,Known::HOSTS_LOG,Log::WRITER_ASCII	3.0
1775131556.400776	zeek	counter	zeek_log_writer_writes_total	filter_name,module,path,stream,writer	default,MQTT,mqtt_connect,MQTT::CONNECT_LOG,Log::WRITER_ASCII	4.0
1775131556.400776	zeek	counter	zeek_log_writer_writes_total	filter_name,module,path,stream,writer	default,MQTT,mqtt_subscribe,MQTT::SUBSCRIBE_LOG,Log::WRITER_ASCII	2.0
1775131556.400776	zeek	counter	zeek_log_writer_writes_total	filter_name,module,path,stream,writer	default,Known,known_services,Known::SERVICES_LOG,Log::WRITER_ASCII	1.0
1775131556.400776	zeek	counter	zeek_log_writer_writes_total	filter_name,module,path,stream,writer	default,Conn,conn,Conn::LOG,Log::WRITER_ASCII	23.0
1775131556.400776	zeek	counter	zeek_log_writer_writes_total	filter_name,module,path,stream,writer	default,CaptureLoss,capture_loss,CaptureLoss::LOG,Log::WRITER_ASCII	1.0
1775131556.400776	zeek	counter	zeek_log_writer_discarded_writes_total	filter_name,module,path,stream,writer	default,Analyzer::Logging,analyzer,Analyzer::Logging::LOG,Log::WRITER_ASCII	0.0
1775131556.400776	zeek	counter	zeek_log_writer_discarded_writes_total	filter_name,module,path,stream,writer	default,PacketFilter,packet_filter,PacketFilter::LOG,Log::WRITER_ASCII	0.0
1775131556.400776	zeek	counter	zeek_log_writer_discarded_writes_total	filter_name,module,path,stream,writer	default,LoadedScripts,loaded_scripts,LoadedScripts::LOG,Log::WRITER_ASCII	0.0
1775131556.400776	zeek	counter	zeek_log_writer_discarded_writes_total	filter_name,module,path,stream,writer	default,Telemetry,telemetry,Telemetry::LOG,Log::WRITER_ASCII	0.0
1775131556.400776	zeek	counter	zeek_log_writer_discarded_writes_total	filter_name,module,path,stream,writer	default,Stats,stats,Stats::LOG,Log::WRITER_ASCII	0.0
1775131556.400776	zeek	counter	zeek_log_writer_discarded_writes_total	filter_name,module,path,stream,writer	default,Weird,weird,Weird::LOG,Log::WRITER_ASCII	0.0
1775131556.400776	zeek	counter	zeek_log_writer_discarded_writes_total	filter_name,module,path,stream,writer	default,DNS,dns,DNS::LOG,Log::WRITER_ASCII	0.0
1775131556.400776	zeek	counter	zeek_log_writer_discarded_writes_total	filter_name,module,path,stream,writer	default,MQTT,mqtt_publish,MQTT::PUBLISH_LOG,Log::WRITER_ASCII	0.0
1775131556.400776	zeek	counter	zeek_log_writer_discarded_writes_total	filter_name,module,path,stream,writer	default,Known,known_hosts,Known::HOSTS_LOG,Log::WRITER_ASCII	0.0
1775131556.400776	zeek	counter	zeek_log_writer_discarded_writes_total	filter_name,module,path,stream,writer	default,MQTT,mqtt_connect,MQTT::CONNECT_LOG,Log::WRITER_ASCII	0.0
1775131556.400776	zeek	counter	zeek_log_writer_discarded_writes_total	filter_name,module,path,stream,writer	default,MQTT,mqtt_subscribe,MQTT::SUBSCRIBE_LOG,Log::WRITER_ASCII	0.0
1775131556.400776	zeek	counter	zeek_log_writer_discarded_writes_total	filter_name,module,path,stream,writer	default,Known,known_services,Known::SERVICES_LOG,Log::WRITER_ASCII	0.0
1775131556.400776	zeek	counter	zeek_log_writer_discarded_writes_total	filter_name,module,path,stream,writer	default,Conn,conn,Conn::LOG,Log::WRITER_ASCII	0.0
1775131556.400776	zeek	counter	zeek_log_writer_discarded_writes_total	filter_name,module,path,stream,writer	default,CaptureLoss,capture_loss,CaptureLoss::LOG,Log::WRITER_ASCII	0.0
1775131556.400776	zeek	counter	zeek_log_writer_truncated_string_fields_total	filter_name,module,path,stream,writer	default,Analyzer::Logging,analyzer,Analyzer::Logging::LOG,Log::WRITER_ASCII	0.0
1775131556.400776	zeek	counter	zeek_log_writer_truncated_string_fields_total	filter_name,module,path,stream,writer	default,PacketFilter,packet_filter,PacketFilter::LOG,Log::WRITER_ASCII	0.0
1775131556.400776	zeek	counter	zeek_log_writer_truncated_string_fields_total	filter_name,module,path,stream,writer	default,LoadedScripts,loaded_scripts,LoadedScripts::LOG,Log::WRITER_ASCII	0.0
1775131556.400776	zeek	counter	zeek_log_writer_truncated_string_fields_total	filter_name,module,path,stream,writer	default,Telemetry,telemetry,Telemetry::LOG,Log::WRITER_ASCII	0.0
1775131556.400776	zeek	counter	zeek_log_writer_truncated_string_fields_total	filter_name,module,path,stream,writer	default,Stats,stats,Stats::LOG,Log::WRITER_ASCII	0.0
1775131556.400776	zeek	counter	zeek_log_writer_truncated_string_fields_total	filter_name,module,path,stream,writer	default,Weird,weird,Weird::LOG,Log::WRITER_ASCII	0.0
1775131556.400776	zeek	counter	zeek_log_writer_truncated_string_fields_total	filter_name,module,path,stream,writer	default,DNS,dns,DNS::LOG,Log::WRITER_ASCII	0.0
1775131556.400776	zeek	counter	zeek_log_writer_truncated_string_fields_total	filter_name,module,path,stream,writer	default,MQTT,mqtt_publish,MQTT::PUBLISH_LOG,Log::WRITER_ASCII	0.0
1775131556.400776	zeek	counter	zeek_log_writer_truncated_string_fields_total	filter_name,module,path,stream,writer	default,Known,known_hosts,Known::HOSTS_LOG,Log::WRITER_ASCII	0.0
1775131556.400776	zeek	counter	zeek_log_writer_truncated_string_fields_total	filter_name,module,path,stream,writer	default,MQTT,mqtt_connect,MQTT::CONNECT_LOG,Log::WRITER_ASCII	0.0
1775131556.400776	zeek	counter	zeek_log_writer_truncated_string_fields_total	filter_name,module,path,stream,writer	default,MQTT,mqtt_subscribe,MQTT::SUBSCRIBE_LOG,Log::WRITER_ASCII	0.0
1775131556.400776	zeek	counter	zeek_log_writer_truncated_string_fields_total	filter_name,module,path,stream,writer	default,Known,known_services,Known::SERVICES_LOG,Log::WRITER_ASCII	0.0
1775131556.400776	zeek	counter	zeek_log_writer_truncated_string_fields_total	filter_name,module,path,stream,writer	default,Conn,conn,Conn::LOG,Log::WRITER_ASCII	0.0
1775131556.400776	zeek	counter	zeek_log_writer_truncated_string_fields_total	filter_name,module,path,stream,writer	default,CaptureLoss,capture_loss,CaptureLoss::LOG,Log::WRITER_ASCII	0.0
1775131556.400776	zeek	counter	zeek_log_writer_truncated_containers_total	filter_name,module,path,stream,writer	default,Analyzer::Logging,analyzer,Analyzer::Logging::LOG,Log::WRITER_ASCII	0.0
1775131556.400776	zeek	counter	zeek_log_writer_truncated_containers_total	filter_name,module,path,stream,writer	default,PacketFilter,packet_filter,PacketFilter::LOG,Log::WRITER_ASCII	0.0
1775131556.400776	zeek	counter	zeek_log_writer_truncated_containers_total	filter_name,module,path,stream,writer	default,LoadedScripts,loaded_scripts,LoadedScripts::LOG,Log::WRITER_ASCII	0.0
1775131556.400776	zeek	counter	zeek_log_writer_truncated_containers_total	filter_name,module,path,stream,writer	default,Telemetry,telemetry,Telemetry::LOG,Log::WRITER_ASCII	0.0
1775131556.400776	zeek	counter	zeek_log_writer_truncated_containers_total	filter_name,module,path,stream,writer	default,Stats,stats,Stats::LOG,Log::WRITER_ASCII	0.0
1775131556.400776	zeek	counter	zeek_log_writer_truncated_containers_total	filter_name,module,path,stream,writer	default,Weird,weird,Weird::LOG,Log::WRITER_ASCII	0.0
1775131556.400776	zeek	counter	zeek_log_writer_truncated_containers_total	filter_name,module,path,stream,writer	default,DNS,dns,DNS::LOG,Log::WRITER_ASCII	0.0
1775131556.400776	zeek	counter	zeek_log_writer_truncated_containers_total	filter_name,module,path,stream,writer	default,MQTT,mqtt_publish,MQTT::PUBLISH_LOG,Log::WRITER_ASCII	0.0
1775131556.400776	zeek	counter	zeek_log_writer_truncated_containers_total	filter_name,module,path,stream,writer	default,Known,known_hosts,Known::HOSTS_LOG,Log::WRITER_ASCII	0.0
1775131556.400776	zeek	counter	zeek_log_writer_truncated_containers_total	filter_name,module,path,stream,writer	default,MQTT,mqtt_connect,MQTT::CONNECT_LOG,Log::WRITER_ASCII	0.0
1775131556.400776	zeek	counter	zeek_log_writer_truncated_containers_total	filter_name,module,path,stream,writer	default,MQTT,mqtt_subscribe,MQTT::SUBSCRIBE_LOG,Log::WRITER_ASCII	0.0
1775131556.400776	zeek	counter	zeek_log_writer_truncated_containers_total	filter_name,module,path,stream,writer	default,Known,known_services,Known::SERVICES_LOG,Log::WRITER_ASCII	0.0
1775131556.400776	zeek	counter	zeek_log_writer_truncated_containers_total	filter_name,module,path,stream,writer	default,Conn,conn,Conn::LOG,Log::WRITER_ASCII	0.0
1775131556.400776	zeek	counter	zeek_log_writer_truncated_containers_total	filter_name,module,path,stream,writer	default,CaptureLoss,capture_loss,CaptureLoss::LOG,Log::WRITER_ASCII	0.0
1775131556.400776	zeek	counter	zeek_net_received_bytes_total	(empty)	(empty)	13910396.0
1775131556.400776	zeek	counter	zeek_net_received_packets_total	(empty)	(empty)	88901.0
1775131556.400776	zeek	counter	zeek_net_dropped_packets_total	(empty)	(empty)	0.0
1775131556.400776	zeek	counter	zeek_net_link_packets_total	(empty)	(empty)	88901.0
1775131556.400776	zeek	counter	zeek_msgthread_threads_total	(empty)	(empty)	14.0
1775131556.400776	zeek	counter	zeek_msgthread_in_messages_total	(empty)	(empty)	495.0
1775131556.400776	zeek	counter	zeek_msgthread_out_messages_total	(empty)	(empty)	0.0
1775131556.400776	zeek	counter	zeek_cluster_core_outgoing_events_total	(empty)	(empty)	0.0
1775131556.400776	zeek	counter	zeek_cluster_core_incoming_events_total	(empty)	(empty)	0.0
1775131556.400776	zeek	counter	zeek_broker_incoming_events_total	(empty)	(empty)	0.0
1775131556.400776	zeek	counter	zeek_broker_outgoing_events_total	(empty)	(empty)	0.0
1775131556.400776	zeek	counter	zeek_broker_incoming_logs_total	(empty)	(empty)	0.0
1775131556.400776	zeek	counter	zeek_broker_outgoing_logs_total	(empty)	(empty)	0.0
1775131556.400776	zeek	counter	zeek_broker_incoming_ids_total	(empty)	(empty)	0.0
1775131556.400776	zeek	counter	zeek_broker_outgoing_ids_total	(empty)	(empty)	0.0
1775131556.400776	zeek	counter	zeek_timers_total	(empty)	(empty)	4099.0
1775131556.400776	zeek	counter	zeek_dnsmgr_requests_total	(empty)	(empty)	0.0
1775131556.400776	zeek	counter	zeek_dnsmgr_successful_requests_total	(empty)	(empty)	0.0
1775131556.400776	zeek	counter	zeek_dnsmgr_failed_requests_total	(empty)	(empty)	0.0
1775131556.400776	zeek	counter	zeek_triggers_total	(empty)	(empty)	0.0
1775131556.400776	zeek	counter	zeek_ended_sessions_total	reason	inactivity	4.0
1775131556.400776	zeek	counter	zeek_event_handler_invocations_total	name	content_gap	60.0
1775131556.400776	zeek	counter	zeek_event_handler_invocations_total	name	conn_weird	75.0
1775131556.400776	zeek	counter	zeek_event_handler_invocations_total	name	mqtt_puback	61.0
1775131556.400776	zeek	counter	zeek_event_handler_invocations_total	name	connection_state_remove	23.0
1775131556.400776	zeek	counter	zeek_event_handler_invocations_total	name	dns_message	35.0
1775131556.400776	zeek	counter	zeek_event_handler_invocations_total	name	service_info_commit	5.0
1775131556.400776	zeek	counter	zeek_event_handler_invocations_total	name	net_stats_update	2.0
1775131556.400776	zeek	counter	zeek_event_handler_invocations_total	name	analyzer_violation_info	1.0
1775131556.400776	zeek	counter	zeek_event_handler_invocations_total	name	CaptureLoss::take_measurement	2.0
1775131556.400776	zeek	counter	zeek_event_handler_invocations_total	name	dns_end	35.0
1775131556.400776	zeek	counter	zeek_event_handler_invocations_total	name	dns_PTR_reply	8.0
1775131556.400776	zeek	counter	zeek_event_handler_invocations_total	name	check_stats	2.0
1775131556.400776	zeek	counter	zeek_event_handler_invocations_total	name	new_connection	28.0
1775131556.400776	zeek	counter	zeek_event_handler_invocations_total	name	zeek_script_loaded	538.0
1775131556.400776	zeek	counter	zeek_event_handler_invocations_total	name	known_service_add	1.0
1775131556.400776	zeek	counter	zeek_event_handler_invocations_total	name	Broker::log_flush	535.0
1775131556.400776	zeek	counter	zeek_event_handler_invocations_total	name	SumStats::finish_epoch	3.0
1775131556.400776	zeek	counter	zeek_event_handler_invocations_total	name	mqtt_publish	44051.0
1775131556.400776	zeek	counter	zeek_event_handler_invocations_total	name	filter_change_tracking	3.0
1775131556.400776	zeek	counter	zeek_event_handler_invocations_total	name	NetControl::init	1.0
1775131556.400776	zeek	counter	zeek_event_handler_invocations_total	name	Telemetry::log	10.0
1775131556.400776	zeek	counter	zeek_event_handler_invocations_total	name	mqtt_suback	2.0
1775131556.400776	zeek	counter	zeek_event_handler_invocations_total	name	ChecksumOffloading::check	2.0
1775131556.400776	zeek	counter	zeek_event_handler_invocations_total	name	zeek_init	1.0
1775131556.400776	zeek	counter	zeek_event_handler_invocations_total	name	dns_request	54.0
1775131556.400776	zeek	counter	zeek_event_handler_invocations_total	name	mqtt_connack	4.0
1775131556.400776	zeek	counter	zeek_event_handler_invocations_total	name	dns_AAAA_reply	7.0
1775131556.400776	zeek	counter	zeek_event_handler_invocations_total	name	grab_vulnerable_versions	2.0
1775131556.400776	zeek	counter	zeek_event_handler_invocations_total	name	dns_A_reply	1.0
1775131556.400776	zeek	counter	zeek_event_handler_invocations_total	name	analyzer_failed	1.0
1775131556.400776	zeek	counter	zeek_event_handler_invocations_total	name	connection_flipped	1.0
1775131556.400776	zeek	counter	zeek_event_handler_invocations_total	name	analyzer_confirmation_info	24.0
1775131556.400776	zeek	counter	zeek_event_handler_invocations_total	name	connection_established	4.0
1775131556.400776	zeek	counter	zeek_event_handler_invocations_total	name	Known::host_found	8.0
1775131556.400776	zeek	counter	zeek_event_handler_invocations_total	name	mqtt_subscribe	2.0
1775131556.400776	zeek	counter	zeek_event_handler_invocations_total	name	known_host_add	3.0
1775131556.400776	zeek	counter	zeek_event_handler_invocations_total	name	mqtt_connect	4.0
1775131556.400776	zeek	counter	zeek_total_sessions_total	protocol	icmp	4.0
1775131556.400776	zeek	counter	zeek_total_sessions_total	protocol	udp	17.0
1775131556.400776	zeek	counter	zeek_total_sessions_total	protocol	tcp	7.0
1775131556.400776	zeek	gauge	zeek_version_info	beta,commit,debug,major,minor,patch,version_number,version_string	false,0,false,8,1,1,80101,8.1.1	1.0
1775131556.400776	zeek	gauge	zeek_net_packet_lag_seconds	(empty)	(empty)	0.000299
1775131556.400776	zeek	gauge	zeek_net_timestamp_seconds	(empty)	(empty)	1775131556.400776
1775131556.400776	zeek	gauge	zeek_msgthread_active_threads	(empty)	(empty)	14.0
1775131556.400776	zeek	gauge	zeek_msgthread_pending_in_messages	(empty)	(empty)	0.0
1775131556.400776	zeek	gauge	zeek_msgthread_pending_out_messages	(empty)	(empty)	0.0
1775131556.400776	zeek	gauge	zeek_msgthread_pending_messages_in_buckets	leq	inf	14.0
1775131556.400776	zeek	gauge	zeek_msgthread_pending_messages_in_buckets	leq	10000	14.0
1775131556.400776	zeek	gauge	zeek_msgthread_pending_messages_in_buckets	leq	1000	14.0
1775131556.400776	zeek	gauge	zeek_msgthread_pending_messages_in_buckets	leq	100	14.0
1775131556.400776	zeek	gauge	zeek_msgthread_pending_messages_in_buckets	leq	10	14.0
1775131556.400776	zeek	gauge	zeek_msgthread_pending_messages_in_buckets	leq	1	14.0
1775131556.400776	zeek	gauge	zeek_msgthread_pending_messages_out_buckets	leq	inf	14.0
1775131556.400776	zeek	gauge	zeek_msgthread_pending_messages_out_buckets	leq	10000	14.0
1775131556.400776	zeek	gauge	zeek_msgthread_pending_messages_out_buckets	leq	1000	14.0
1775131556.400776	zeek	gauge	zeek_msgthread_pending_messages_out_buckets	leq	100	14.0
1775131556.400776	zeek	gauge	zeek_msgthread_pending_messages_out_buckets	leq	10	14.0
1775131556.400776	zeek	gauge	zeek_msgthread_pending_messages_out_buckets	leq	1	14.0
1775131556.400776	zeek	gauge	zeek_broker_peers	(empty)	(empty)	0.0
1775131556.400776	zeek	gauge	zeek_broker_stores	(empty)	(empty)	1.0
1775131556.400776	zeek	gauge	zeek_broker_pending_queries	(empty)	(empty)	0.0
1775131556.400776	zeek	gauge	zeek_timers_lag_time_seconds	(empty)	(empty)	0.096698
1775131556.400776	zeek	gauge	zeek_timers_pending	type	LogDelayExpire	0.0
1775131556.400776	zeek	gauge	zeek_timers_pending	type	ThreadHeartbeat	1.0
1775131556.400776	zeek	gauge	zeek_timers_pending	type	TimerMgrExpireTimer	0.0
1775131556.400776	zeek	gauge	zeek_timers_pending	type	ParentProcessIDCheck	0.0
1775131556.400776	zeek	gauge	zeek_timers_pending	type	FragTimer	0.0
1775131556.400776	zeek	gauge	zeek_timers_pending	type	RotateTimer	0.0
1775131556.400776	zeek	gauge	zeek_timers_pending	type	FlowWeirdTimer	0.0
1775131556.400776	zeek	gauge	zeek_timers_pending	type	FileAnalysisInactivityTimer	0.0
1775131556.400776	zeek	gauge	zeek_timers_pending	type	StorageExpire	1.0
1775131556.400776	zeek	gauge	zeek_timers_pending	type	ConnectionInactivityTimer	5.0
1775131556.400776	zeek	gauge	zeek_timers_pending	type	TCPConnectionExpireTimer	5.0
1775131556.400776	zeek	gauge	zeek_timers_pending	type	ConnectionStatusUpdateTimer	0.0
1775131556.400776	zeek	gauge	zeek_timers_pending	type	LogFlushWriteBufferTimer	1.0
1775131556.400776	zeek	gauge	zeek_timers_pending	type	NetWeirdTimer	0.0
1775131556.400776	zeek	gauge	zeek_timers_pending	type	InterconnTimer	0.0
1775131556.400776	zeek	gauge	zeek_timers_pending	type	IPTunnelInactivityTimer	0.0
1775131556.400776	zeek	gauge	zeek_timers_pending	type	DNSExpireTimer	0.0
1775131556.400776	zeek	gauge	zeek_timers_pending	type	UnknownProtocolExpire	0.0
1775131556.400776	zeek	gauge	zeek_timers_pending	type	ProfileTimer	0.0
1775131556.400776	zeek	gauge	zeek_timers_pending	type	ConnectionExpireTimer	0.0
1775131556.400776	zeek	gauge	zeek_timers_pending	type	BreakpointTimer	0.0
1775131556.400776	zeek	gauge	zeek_timers_pending	type	BackdoorTimer	0.0
1775131556.400776	zeek	gauge	zeek_timers_pending	type	NetbiosExpireTimer	0.0
1775131556.400776	zeek	gauge	zeek_timers_pending	type	NetworkTimer	0.0
1775131556.400776	zeek	gauge	zeek_timers_pending	type	RemoveConnection	0.0
1775131556.400776	zeek	gauge	zeek_timers_pending	type	TCPConnectionResetTimer	0.0
1775131556.400776	zeek	gauge	zeek_timers_pending	type	ConnTupleWeirdTimer	0.0
1775131556.400776	zeek	gauge	zeek_timers_pending	type	TCPConnectionDeleteTimer	0.0
1775131556.400776	zeek	gauge	zeek_timers_pending	type	ScheduleTimer	6.0
1775131556.400776	zeek	gauge	zeek_timers_pending	type	NTPExpireTimer	0.0
1775131556.400776	zeek	gauge	zeek_timers_pending	type	RPCExpireTimer	0.0
1775131556.400776	zeek	gauge	zeek_timers_pending	type	ConnectionDeleteTimer	0.0
1775131556.400776	zeek	gauge	zeek_timers_pending	type	TriggerTimer	0.0
1775131556.400776	zeek	gauge	zeek_timers_pending	type	TableValTimer	34.0
1775131556.400776	zeek	gauge	zeek_timers_pending	type	TCPConnectionAttemptTimer	0.0
1775131556.400776	zeek	gauge	zeek_timers_pending	type	TCPConnectionPartialClose	0.0
1775131556.400776	zeek	gauge	zeek_dnsmgr_pending_asyncs_requests	(empty)	(empty)	0.0
1775131556.400776	zeek	gauge	zeek_dnsmgr_cache_entries	type	text	0.0
1775131556.400776	zeek	gauge	zeek_dnsmgr_cache_entries	type	address	0.0
1775131556.400776	zeek	gauge	zeek_dnsmgr_cache_entries	type	host	0.0
1775131556.400776	zeek	gauge	zeek_pending_triggers	(empty)	(empty)	0.0
1775131556.400776	zeek	gauge	zeek_active_sessions	protocol	icmp	0.0
1775131556.400776	zeek	gauge	zeek_active_sessions	protocol	udp	0.0
1775131556.400776	zeek	gauge	zeek_active_sessions	protocol	tcp	5.0
1775131556.400776	zeek	counter	process_cpu_user_seconds_total	(empty)	(empty)	11.26
1775131556.400776	zeek	counter	process_cpu_system_seconds_total	(empty)	(empty)	5.78
1775131556.400776	zeek	gauge	process_resident_memory_bytes	(empty)	(empty)	284286976.0
1775131556.400776	zeek	gauge	process_virtual_memory_bytes	(empty)	(empty)	2071871488.0
1775131556.400776	zeek	gauge	process_open_fds	(empty)	(empty)	64.0
1775131556.400776	zeek	gauge	process_start_time_seconds	(empty)	(empty)	1775131014.997737
1775131616.409874	zeek	counter	zeek_log_stream_writes_total	module,stream	Analyzer::Logging,Analyzer::Logging::LOG	1.0
1775131616.409874	zeek	counter	zeek_log_stream_writes_total	module,stream	PacketFilter,PacketFilter::LOG	1.0
1775131616.409874	zeek	counter	zeek_log_stream_writes_total	module,stream	MQTT,MQTT::CONNECT_LOG	40.0
1775131616.409874	zeek	counter	zeek_log_stream_writes_total	module,stream	LoadedScripts,LoadedScripts::LOG	538.0
1775131616.409874	zeek	counter	zeek_log_stream_writes_total	module,stream	Telemetry,Telemetry::LOG	1821.0
1775131616.409874	zeek	counter	zeek_log_stream_writes_total	module,stream	Stats,Stats::LOG	3.0
1775131616.409874	zeek	counter	zeek_log_stream_writes_total	module,stream	MQTT,MQTT::PUBLISH_LOG	44178.0
1775131616.409874	zeek	counter	zeek_log_stream_writes_total	module,stream	Weird,Weird::LOG	3.0
1775131616.409874	zeek	counter	zeek_log_stream_writes_total	module,stream	DNS,DNS::LOG	28.0
1775131616.409874	zeek	counter	zeek_log_stream_writes_total	module,stream	Known,Known::SERVICES_LOG	1.0
1775131616.409874	zeek	counter	zeek_log_stream_writes_total	module,stream	Known,Known::HOSTS_LOG	5.0
1775131616.409874	zeek	counter	zeek_log_stream_writes_total	module,stream	MQTT,MQTT::SUBSCRIBE_LOG	2.0
1775131616.409874	zeek	counter	zeek_log_stream_writes_total	module,stream	Conn,Conn::LOG	50.0
1775131616.409874	zeek	counter	zeek_log_stream_writes_total	module,stream	CaptureLoss,CaptureLoss::LOG	1.0
1775131616.409874	zeek	counter	zeek_log_writer_writes_total	filter_name,module,path,stream,writer	default,Analyzer::Logging,analyzer,Analyzer::Logging::LOG,Log::WRITER_ASCII	1.0
1775131616.409874	zeek	counter	zeek_log_writer_writes_total	filter_name,module,path,stream,writer	default,PacketFilter,packet_filter,PacketFilter::LOG,Log::WRITER_ASCII	1.0
1775131616.409874	zeek	counter	zeek_log_writer_writes_total	filter_name,module,path,stream,writer	default,LoadedScripts,loaded_scripts,LoadedScripts::LOG,Log::WRITER_ASCII	538.0
1775131616.409874	zeek	counter	zeek_log_writer_writes_total	filter_name,module,path,stream,writer	default,Telemetry,telemetry,Telemetry::LOG,Log::WRITER_ASCII	1821.0
1775131616.409874	zeek	counter	zeek_log_writer_writes_total	filter_name,module,path,stream,writer	default,Stats,stats,Stats::LOG,Log::WRITER_ASCII	3.0
1775131616.409874	zeek	counter	zeek_log_writer_writes_total	filter_name,module,path,stream,writer	default,Weird,weird,Weird::LOG,Log::WRITER_ASCII	3.0
1775131616.409874	zeek	counter	zeek_log_writer_writes_total	filter_name,module,path,stream,writer	default,DNS,dns,DNS::LOG,Log::WRITER_ASCII	28.0
1775131616.409874	zeek	counter	zeek_log_writer_writes_total	filter_name,module,path,stream,writer	default,MQTT,mqtt_publish,MQTT::PUBLISH_LOG,Log::WRITER_ASCII	44178.0
1775131616.409874	zeek	counter	zeek_log_writer_writes_total	filter_name,module,path,stream,writer	default,Known,known_hosts,Known::HOSTS_LOG,Log::WRITER_ASCII	5.0
1775131616.409874	zeek	counter	zeek_log_writer_writes_total	filter_name,module,path,stream,writer	default,MQTT,mqtt_connect,MQTT::CONNECT_LOG,Log::WRITER_ASCII	40.0
1775131616.409874	zeek	counter	zeek_log_writer_writes_total	filter_name,module,path,stream,writer	default,MQTT,mqtt_subscribe,MQTT::SUBSCRIBE_LOG,Log::WRITER_ASCII	2.0
1775131616.409874	zeek	counter	zeek_log_writer_writes_total	filter_name,module,path,stream,writer	default,Known,known_services,Known::SERVICES_LOG,Log::WRITER_ASCII	1.0
1775131616.409874	zeek	counter	zeek_log_writer_writes_total	filter_name,module,path,stream,writer	default,Conn,conn,Conn::LOG,Log::WRITER_ASCII	50.0
1775131616.409874	zeek	counter	zeek_log_writer_writes_total	filter_name,module,path,stream,writer	default,CaptureLoss,capture_loss,CaptureLoss::LOG,Log::WRITER_ASCII	1.0
1775131616.409874	zeek	counter	zeek_log_writer_discarded_writes_total	filter_name,module,path,stream,writer	default,Analyzer::Logging,analyzer,Analyzer::Logging::LOG,Log::WRITER_ASCII	0.0
1775131616.409874	zeek	counter	zeek_log_writer_discarded_writes_total	filter_name,module,path,stream,writer	default,PacketFilter,packet_filter,PacketFilter::LOG,Log::WRITER_ASCII	0.0
1775131616.409874	zeek	counter	zeek_log_writer_discarded_writes_total	filter_name,module,path,stream,writer	default,LoadedScripts,loaded_scripts,LoadedScripts::LOG,Log::WRITER_ASCII	0.0
1775131616.409874	zeek	counter	zeek_log_writer_discarded_writes_total	filter_name,module,path,stream,writer	default,Telemetry,telemetry,Telemetry::LOG,Log::WRITER_ASCII	0.0
1775131616.409874	zeek	counter	zeek_log_writer_discarded_writes_total	filter_name,module,path,stream,writer	default,Stats,stats,Stats::LOG,Log::WRITER_ASCII	0.0
1775131616.409874	zeek	counter	zeek_log_writer_discarded_writes_total	filter_name,module,path,stream,writer	default,Weird,weird,Weird::LOG,Log::WRITER_ASCII	0.0
1775131616.409874	zeek	counter	zeek_log_writer_discarded_writes_total	filter_name,module,path,stream,writer	default,DNS,dns,DNS::LOG,Log::WRITER_ASCII	0.0
1775131616.409874	zeek	counter	zeek_log_writer_discarded_writes_total	filter_name,module,path,stream,writer	default,MQTT,mqtt_publish,MQTT::PUBLISH_LOG,Log::WRITER_ASCII	0.0
1775131616.409874	zeek	counter	zeek_log_writer_discarded_writes_total	filter_name,module,path,stream,writer	default,Known,known_hosts,Known::HOSTS_LOG,Log::WRITER_ASCII	0.0
1775131616.409874	zeek	counter	zeek_log_writer_discarded_writes_total	filter_name,module,path,stream,writer	default,MQTT,mqtt_connect,MQTT::CONNECT_LOG,Log::WRITER_ASCII	0.0
1775131616.409874	zeek	counter	zeek_log_writer_discarded_writes_total	filter_name,module,path,stream,writer	default,MQTT,mqtt_subscribe,MQTT::SUBSCRIBE_LOG,Log::WRITER_ASCII	0.0
1775131616.409874	zeek	counter	zeek_log_writer_discarded_writes_total	filter_name,module,path,stream,writer	default,Known,known_services,Known::SERVICES_LOG,Log::WRITER_ASCII	0.0
1775131616.409874	zeek	counter	zeek_log_writer_discarded_writes_total	filter_name,module,path,stream,writer	default,Conn,conn,Conn::LOG,Log::WRITER_ASCII	0.0
1775131616.409874	zeek	counter	zeek_log_writer_discarded_writes_total	filter_name,module,path,stream,writer	default,CaptureLoss,capture_loss,CaptureLoss::LOG,Log::WRITER_ASCII	0.0
1775131616.409874	zeek	counter	zeek_log_writer_truncated_string_fields_total	filter_name,module,path,stream,writer	default,Analyzer::Logging,analyzer,Analyzer::Logging::LOG,Log::WRITER_ASCII	0.0
1775131616.409874	zeek	counter	zeek_log_writer_truncated_string_fields_total	filter_name,module,path,stream,writer	default,PacketFilter,packet_filter,PacketFilter::LOG,Log::WRITER_ASCII	0.0
1775131616.409874	zeek	counter	zeek_log_writer_truncated_string_fields_total	filter_name,module,path,stream,writer	default,LoadedScripts,loaded_scripts,LoadedScripts::LOG,Log::WRITER_ASCII	0.0
1775131616.409874	zeek	counter	zeek_log_writer_truncated_string_fields_total	filter_name,module,path,stream,writer	default,Telemetry,telemetry,Telemetry::LOG,Log::WRITER_ASCII	0.0
1775131616.409874	zeek	counter	zeek_log_writer_truncated_string_fields_total	filter_name,module,path,stream,writer	default,Stats,stats,Stats::LOG,Log::WRITER_ASCII	0.0
1775131616.409874	zeek	counter	zeek_log_writer_truncated_string_fields_total	filter_name,module,path,stream,writer	default,Weird,weird,Weird::LOG,Log::WRITER_ASCII	0.0
1775131616.409874	zeek	counter	zeek_log_writer_truncated_string_fields_total	filter_name,module,path,stream,writer	default,DNS,dns,DNS::LOG,Log::WRITER_ASCII	0.0
1775131616.409874	zeek	counter	zeek_log_writer_truncated_string_fields_total	filter_name,module,path,stream,writer	default,MQTT,mqtt_publish,MQTT::PUBLISH_LOG,Log::WRITER_ASCII	0.0
1775131616.409874	zeek	counter	zeek_log_writer_truncated_string_fields_total	filter_name,module,path,stream,writer	default,Known,known_hosts,Known::HOSTS_LOG,Log::WRITER_ASCII	0.0
1775131616.409874	zeek	counter	zeek_log_writer_truncated_string_fields_total	filter_name,module,path,stream,writer	default,MQTT,mqtt_connect,MQTT::CONNECT_LOG,Log::WRITER_ASCII	0.0
1775131616.409874	zeek	counter	zeek_log_writer_truncated_string_fields_total	filter_name,module,path,stream,writer	default,MQTT,mqtt_subscribe,MQTT::SUBSCRIBE_LOG,Log::WRITER_ASCII	0.0
1775131616.409874	zeek	counter	zeek_log_writer_truncated_string_fields_total	filter_name,module,path,stream,writer	default,Known,known_services,Known::SERVICES_LOG,Log::WRITER_ASCII	0.0
1775131616.409874	zeek	counter	zeek_log_writer_truncated_string_fields_total	filter_name,module,path,stream,writer	default,Conn,conn,Conn::LOG,Log::WRITER_ASCII	0.0
1775131616.409874	zeek	counter	zeek_log_writer_truncated_string_fields_total	filter_name,module,path,stream,writer	default,CaptureLoss,capture_loss,CaptureLoss::LOG,Log::WRITER_ASCII	0.0
1775131616.409874	zeek	counter	zeek_log_writer_truncated_containers_total	filter_name,module,path,stream,writer	default,Analyzer::Logging,analyzer,Analyzer::Logging::LOG,Log::WRITER_ASCII	0.0
1775131616.409874	zeek	counter	zeek_log_writer_truncated_containers_total	filter_name,module,path,stream,writer	default,PacketFilter,packet_filter,PacketFilter::LOG,Log::WRITER_ASCII	0.0
1775131616.409874	zeek	counter	zeek_log_writer_truncated_containers_total	filter_name,module,path,stream,writer	default,LoadedScripts,loaded_scripts,LoadedScripts::LOG,Log::WRITER_ASCII	0.0
1775131616.409874	zeek	counter	zeek_log_writer_truncated_containers_total	filter_name,module,path,stream,writer	default,Telemetry,telemetry,Telemetry::LOG,Log::WRITER_ASCII	0.0
1775131616.409874	zeek	counter	zeek_log_writer_truncated_containers_total	filter_name,module,path,stream,writer	default,Stats,stats,Stats::LOG,Log::WRITER_ASCII	0.0
1775131616.409874	zeek	counter	zeek_log_writer_truncated_containers_total	filter_name,module,path,stream,writer	default,Weird,weird,Weird::LOG,Log::WRITER_ASCII	0.0
1775131616.409874	zeek	counter	zeek_log_writer_truncated_containers_total	filter_name,module,path,stream,writer	default,DNS,dns,DNS::LOG,Log::WRITER_ASCII	0.0
1775131616.409874	zeek	counter	zeek_log_writer_truncated_containers_total	filter_name,module,path,stream,writer	default,MQTT,mqtt_publish,MQTT::PUBLISH_LOG,Log::WRITER_ASCII	0.0
1775131616.409874	zeek	counter	zeek_log_writer_truncated_containers_total	filter_name,module,path,stream,writer	default,Known,known_hosts,Known::HOSTS_LOG,Log::WRITER_ASCII	0.0
1775131616.409874	zeek	counter	zeek_log_writer_truncated_containers_total	filter_name,module,path,stream,writer	default,MQTT,mqtt_connect,MQTT::CONNECT_LOG,Log::WRITER_ASCII	0.0
1775131616.409874	zeek	counter	zeek_log_writer_truncated_containers_total	filter_name,module,path,stream,writer	default,MQTT,mqtt_subscribe,MQTT::SUBSCRIBE_LOG,Log::WRITER_ASCII	0.0
1775131616.409874	zeek	counter	zeek_log_writer_truncated_containers_total	filter_name,module,path,stream,writer	default,Known,known_services,Known::SERVICES_LOG,Log::WRITER_ASCII	0.0
1775131616.409874	zeek	counter	zeek_log_writer_truncated_containers_total	filter_name,module,path,stream,writer	default,Conn,conn,Conn::LOG,Log::WRITER_ASCII	0.0
1775131616.409874	zeek	counter	zeek_log_writer_truncated_containers_total	filter_name,module,path,stream,writer	default,CaptureLoss,capture_loss,CaptureLoss::LOG,Log::WRITER_ASCII	0.0
1775131616.409874	zeek	counter	zeek_net_received_bytes_total	(empty)	(empty)	17939860.0
1775131616.409874	zeek	counter	zeek_net_received_packets_total	(empty)	(empty)	90392.0
1775131616.409874	zeek	counter	zeek_net_dropped_packets_total	(empty)	(empty)	0.0
1775131616.409874	zeek	counter	zeek_net_link_packets_total	(empty)	(empty)	90392.0
1775131616.409874	zeek	counter	zeek_msgthread_threads_total	(empty)	(empty)	14.0
1775131616.409874	zeek	counter	zeek_msgthread_in_messages_total	(empty)	(empty)	559.0
1775131616.409874	zeek	counter	zeek_msgthread_out_messages_total	(empty)	(empty)	0.0
1775131616.409874	zeek	counter	zeek_cluster_core_outgoing_events_total	(empty)	(empty)	0.0
1775131616.409874	zeek	counter	zeek_cluster_core_incoming_events_total	(empty)	(empty)	0.0
1775131616.409874	zeek	counter	zeek_broker_incoming_events_total	(empty)	(empty)	0.0
1775131616.409874	zeek	counter	zeek_broker_outgoing_events_total	(empty)	(empty)	0.0
1775131616.409874	zeek	counter	zeek_broker_incoming_logs_total	(empty)	(empty)	0.0
1775131616.409874	zeek	counter	zeek_broker_outgoing_logs_total	(empty)	(empty)	0.0
1775131616.409874	zeek	counter	zeek_broker_incoming_ids_total	(empty)	(empty)	0.0
1775131616.409874	zeek	counter	zeek_broker_outgoing_ids_total	(empty)	(empty)	0.0
1775131616.409874	zeek	counter	zeek_timers_total	(empty)	(empty)	4710.0
1775131616.409874	zeek	counter	zeek_dnsmgr_requests_total	(empty)	(empty)	0.0
1775131616.409874	zeek	counter	zeek_dnsmgr_successful_requests_total	(empty)	(empty)	0.0
1775131616.409874	zeek	counter	zeek_dnsmgr_failed_requests_total	(empty)	(empty)	0.0
1775131616.409874	zeek	counter	zeek_triggers_total	(empty)	(empty)	0.0
1775131616.409874	zeek	counter	zeek_ended_sessions_total	reason	inactivity	4.0
1775131616.409874	zeek	counter	zeek_event_handler_invocations_total	name	content_gap	163.0
1775131616.409874	zeek	counter	zeek_event_handler_invocations_total	name	conn_weird	75.0
1775131616.409874	zeek	counter	zeek_event_handler_invocations_total	name	mqtt_puback	167.0
1775131616.409874	zeek	counter	zeek_event_handler_invocations_total	name	connection_state_remove	50.0
1775131616.409874	zeek	counter	zeek_event_handler_invocations_total	name	dns_message	35.0
1775131616.409874	zeek	counter	zeek_event_handler_invocations_total	name	service_info_commit	43.0
1775131616.409874	zeek	counter	zeek_event_handler_invocations_total	name	net_stats_update	3.0
1775131616.409874	zeek	counter	zeek_event_handler_invocations_total	name	analyzer_violation_info	1.0
1775131616.409874	zeek	counter	zeek_event_handler_invocations_total	name	CaptureLoss::take_measurement	2.0
1775131616.409874	zeek	counter	zeek_event_handler_invocations_total	name	dns_end	35.0
1775131616.409874	zeek	counter	zeek_event_handler_invocations_total	name	dns_PTR_reply	8.0
1775131616.409874	zeek	counter	zeek_event_handler_invocations_total	name	check_stats	3.0
1775131616.409874	zeek	counter	zeek_event_handler_invocations_total	name	new_connection	65.0
1775131616.409874	zeek	counter	zeek_event_handler_invocations_total	name	zeek_script_loaded	538.0
1775131616.409874	zeek	counter	zeek_event_handler_invocations_total	name	known_service_add	1.0
1775131616.409874	zeek	counter	zeek_event_handler_invocations_total	name	Broker::log_flush	594.0
1775131616.409874	zeek	counter	zeek_event_handler_invocations_total	name	SumStats::finish_epoch	3.0
1775131616.409874	zeek	counter	zeek_event_handler_invocations_total	name	mqtt_publish	44178.0
1775131616.409874	zeek	counter	zeek_event_handler_invocations_total	name	filter_change_tracking	4.0
1775131616.409874	zeek	counter	zeek_event_handler_invocations_total	name	NetControl::init	1.0
1775131616.409874	zeek	counter	zeek_event_handler_invocations_total	name	Telemetry::log	11.0
1775131616.409874	zeek	counter	zeek_event_handler_invocations_total	name	mqtt_suback	2.0
1775131616.409874	zeek	counter	zeek_event_handler_invocations_total	name	ChecksumOffloading::check	2.0
1775131616.409874	zeek	counter	zeek_event_handler_invocations_total	name	zeek_init	1.0
1775131616.409874	zeek	counter	zeek_event_handler_invocations_total	name	dns_request	54.0
1775131616.409874	zeek	counter	zeek_event_handler_invocations_total	name	mqtt_connack	40.0
1775131616.409874	zeek	counter	zeek_event_handler_invocations_total	name	dns_AAAA_reply	7.0
1775131616.409874	zeek	counter	zeek_event_handler_invocations_total	name	grab_vulnerable_versions	2.0
1775131616.409874	zeek	counter	zeek_event_handler_invocations_total	name	dns_A_reply	1.0
1775131616.409874	zeek	counter	zeek_event_handler_invocations_total	name	analyzer_failed	1.0
1775131616.409874	zeek	counter	zeek_event_handler_invocations_total	name	connection_flipped	1.0
1775131616.409874	zeek	counter	zeek_event_handler_invocations_total	name	analyzer_confirmation_info	60.0
1775131616.409874	zeek	counter	zeek_event_handler_invocations_total	name	connection_established	40.0
1775131616.409874	zeek	counter	zeek_event_handler_invocations_total	name	Known::host_found	80.0
1775131616.409874	zeek	counter	zeek_event_handler_invocations_total	name	mqtt_subscribe	2.0
1775131616.409874	zeek	counter	zeek_event_handler_invocations_total	name	known_host_add	5.0
1775131616.409874	zeek	counter	zeek_event_handler_invocations_total	name	mqtt_connect	40.0
1775131616.409874	zeek	counter	zeek_total_sessions_total	protocol	icmp	5.0
1775131616.409874	zeek	counter	zeek_total_sessions_total	protocol	udp	17.0
1775131616.409874	zeek	counter	zeek_total_sessions_total	protocol	tcp	43.0
1775131616.409874	zeek	gauge	zeek_version_info	beta,commit,debug,major,minor,patch,version_number,version_string	false,0,false,8,1,1,80101,8.1.1	1.0
1775131616.409874	zeek	gauge	zeek_net_packet_lag_seconds	(empty)	(empty)	0.000486
1775131616.409874	zeek	gauge	zeek_net_timestamp_seconds	(empty)	(empty)	1775131616.409874
1775131616.409874	zeek	gauge	zeek_msgthread_active_threads	(empty)	(empty)	14.0
1775131616.409874	zeek	gauge	zeek_msgthread_pending_in_messages	(empty)	(empty)	0.0
1775131616.409874	zeek	gauge	zeek_msgthread_pending_out_messages	(empty)	(empty)	0.0
1775131616.409874	zeek	gauge	zeek_msgthread_pending_messages_in_buckets	leq	inf	14.0
1775131616.409874	zeek	gauge	zeek_msgthread_pending_messages_in_buckets	leq	10000	14.0
1775131616.409874	zeek	gauge	zeek_msgthread_pending_messages_in_buckets	leq	1000	14.0
1775131616.409874	zeek	gauge	zeek_msgthread_pending_messages_in_buckets	leq	100	14.0
1775131616.409874	zeek	gauge	zeek_msgthread_pending_messages_in_buckets	leq	10	14.0
1775131616.409874	zeek	gauge	zeek_msgthread_pending_messages_in_buckets	leq	1	14.0
1775131616.409874	zeek	gauge	zeek_msgthread_pending_messages_out_buckets	leq	inf	14.0
1775131616.409874	zeek	gauge	zeek_msgthread_pending_messages_out_buckets	leq	10000	14.0
1775131616.409874	zeek	gauge	zeek_msgthread_pending_messages_out_buckets	leq	1000	14.0
1775131616.409874	zeek	gauge	zeek_msgthread_pending_messages_out_buckets	leq	100	14.0
1775131616.409874	zeek	gauge	zeek_msgthread_pending_messages_out_buckets	leq	10	14.0
1775131616.409874	zeek	gauge	zeek_msgthread_pending_messages_out_buckets	leq	1	14.0
1775131616.409874	zeek	gauge	zeek_broker_peers	(empty)	(empty)	0.0
1775131616.409874	zeek	gauge	zeek_broker_stores	(empty)	(empty)	1.0
1775131616.409874	zeek	gauge	zeek_broker_pending_queries	(empty)	(empty)	0.0
1775131616.409874	zeek	gauge	zeek_timers_lag_time_seconds	(empty)	(empty)	0.004701
1775131616.409874	zeek	gauge	zeek_timers_pending	type	LogDelayExpire	0.0
1775131616.409874	zeek	gauge	zeek_timers_pending	type	ThreadHeartbeat	1.0
1775131616.409874	zeek	gauge	zeek_timers_pending	type	TimerMgrExpireTimer	0.0
1775131616.409874	zeek	gauge	zeek_timers_pending	type	ParentProcessIDCheck	0.0
1775131616.409874	zeek	gauge	zeek_timers_pending	type	FragTimer	0.0
1775131616.409874	zeek	gauge	zeek_timers_pending	type	RotateTimer	0.0
1775131616.409874	zeek	gauge	zeek_timers_pending	type	FlowWeirdTimer	0.0
1775131616.409874	zeek	gauge	zeek_timers_pending	type	FileAnalysisInactivityTimer	0.0
1775131616.409874	zeek	gauge	zeek_timers_pending	type	StorageExpire	1.0
1775131616.409874	zeek	gauge	zeek_timers_pending	type	ConnectionInactivityTimer	13.0
1775131616.409874	zeek	gauge	zeek_timers_pending	type	TCPConnectionExpireTimer	4.0
1775131616.409874	zeek	gauge	zeek_timers_pending	type	ConnectionStatusUpdateTimer	0.0
1775131616.409874	zeek	gauge	zeek_timers_pending	type	LogFlushWriteBufferTimer	1.0
1775131616.409874	zeek	gauge	zeek_timers_pending	type	NetWeirdTimer	0.0
1775131616.409874	zeek	gauge	zeek_timers_pending	type	InterconnTimer	0.0
1775131616.409874	zeek	gauge	zeek_timers_pending	type	IPTunnelInactivityTimer	0.0
1775131616.409874	zeek	gauge	zeek_timers_pending	type	DNSExpireTimer	0.0
1775131616.409874	zeek	gauge	zeek_timers_pending	type	UnknownProtocolExpire	0.0
1775131616.409874	zeek	gauge	zeek_timers_pending	type	ProfileTimer	0.0
1775131616.409874	zeek	gauge	zeek_timers_pending	type	ConnectionExpireTimer	0.0
1775131616.409874	zeek	gauge	zeek_timers_pending	type	BreakpointTimer	0.0
1775131616.409874	zeek	gauge	zeek_timers_pending	type	BackdoorTimer	0.0
1775131616.409874	zeek	gauge	zeek_timers_pending	type	NetbiosExpireTimer	0.0
1775131616.409874	zeek	gauge	zeek_timers_pending	type	NetworkTimer	0.0
1775131616.409874	zeek	gauge	zeek_timers_pending	type	RemoveConnection	0.0
1775131616.409874	zeek	gauge	zeek_timers_pending	type	TCPConnectionResetTimer	0.0
1775131616.409874	zeek	gauge	zeek_timers_pending	type	ConnTupleWeirdTimer	0.0
1775131616.409874	zeek	gauge	zeek_timers_pending	type	TCPConnectionDeleteTimer	0.0
1775131616.409874	zeek	gauge	zeek_timers_pending	type	ScheduleTimer	6.0
1775131616.409874	zeek	gauge	zeek_timers_pending	type	NTPExpireTimer	0.0
1775131616.409874	zeek	gauge	zeek_timers_pending	type	RPCExpireTimer	0.0
1775131616.409874	zeek	gauge	zeek_timers_pending	type	ConnectionDeleteTimer	8.0
1775131616.409874	zeek	gauge	zeek_timers_pending	type	TriggerTimer	0.0
1775131616.409874	zeek	gauge	zeek_timers_pending	type	TableValTimer	34.0
1775131616.409874	zeek	gauge	zeek_timers_pending	type	TCPConnectionAttemptTimer	2.0
1775131616.409874	zeek	gauge	zeek_timers_pending	type	TCPConnectionPartialClose	0.0
1775131616.409874	zeek	gauge	zeek_dnsmgr_pending_asyncs_requests	(empty)	(empty)	0.0
1775131616.409874	zeek	gauge	zeek_dnsmgr_cache_entries	type	text	0.0
1775131616.409874	zeek	gauge	zeek_dnsmgr_cache_entries	type	address	0.0
1775131616.409874	zeek	gauge	zeek_dnsmgr_cache_entries	type	host	0.0
1775131616.409874	zeek	gauge	zeek_pending_triggers	(empty)	(empty)	0.0
1775131616.409874	zeek	gauge	zeek_active_sessions	protocol	icmp	1.0
1775131616.409874	zeek	gauge	zeek_active_sessions	protocol	udp	0.0
1775131616.409874	zeek	gauge	zeek_active_sessions	protocol	tcp	12.0
1775131616.409874	zeek	counter	process_cpu_user_seconds_total	(empty)	(empty)	11.52
1775131616.409874	zeek	counter	process_cpu_system_seconds_total	(empty)	(empty)	6.1
1775131616.409874	zeek	gauge	process_resident_memory_bytes	(empty)	(empty)	284286976.0
1775131616.409874	zeek	gauge	process_virtual_memory_bytes	(empty)	(empty)	2071871488.0
1775131616.409874	zeek	gauge	process_open_fds	(empty)	(empty)	64.0
1775131616.409874	zeek	gauge	process_start_time_seconds	(empty)	(empty)	1775131014.997737
1775131676.416877	zeek	counter	zeek_log_stream_writes_total	module,stream	Analyzer::Logging,Analyzer::Logging::LOG	1.0
1775131676.416877	zeek	counter	zeek_log_stream_writes_total	module,stream	PacketFilter,PacketFilter::LOG	1.0
1775131676.416877	zeek	counter	zeek_log_stream_writes_total	module,stream	MQTT,MQTT::CONNECT_LOG	160.0
1775131676.416877	zeek	counter	zeek_log_stream_writes_total	module,stream	LoadedScripts,LoadedScripts::LOG	538.0
1775131676.416877	zeek	counter	zeek_log_stream_writes_total	module,stream	Telemetry,Telemetry::LOG	2024.0
1775131676.416877	zeek	counter	zeek_log_stream_writes_total	module,stream	Stats,Stats::LOG	3.0
1775131676.416877	zeek	counter	zeek_log_stream_writes_total	module,stream	MQTT,MQTT::PUBLISH_LOG	44447.0
1775131676.416877	zeek	counter	zeek_log_stream_writes_total	module,stream	Weird,Weird::LOG	3.0
1775131676.416877	zeek	counter	zeek_log_stream_writes_total	module,stream	DNS,DNS::LOG	28.0
1775131676.416877	zeek	counter	zeek_log_stream_writes_total	module,stream	Known,Known::SERVICES_LOG	1.0
1775131676.416877	zeek	counter	zeek_log_stream_writes_total	module,stream	Known,Known::HOSTS_LOG	5.0
1775131676.416877	zeek	counter	zeek_log_stream_writes_total	module,stream	MQTT,MQTT::SUBSCRIBE_LOG	2.0
1775131676.416877	zeek	counter	zeek_log_stream_writes_total	module,stream	Conn,Conn::LOG	172.0
1775131676.416877	zeek	counter	zeek_log_stream_writes_total	module,stream	CaptureLoss,CaptureLoss::LOG	1.0
1775131676.416877	zeek	counter	zeek_log_writer_writes_total	filter_name,module,path,stream,writer	default,Analyzer::Logging,analyzer,Analyzer::Logging::LOG,Log::WRITER_ASCII	1.0
1775131676.416877	zeek	counter	zeek_log_writer_writes_total	filter_name,module,path,stream,writer	default,PacketFilter,packet_filter,PacketFilter::LOG,Log::WRITER_ASCII	1.0
1775131676.416877	zeek	counter	zeek_log_writer_writes_total	filter_name,module,path,stream,writer	default,LoadedScripts,loaded_scripts,LoadedScripts::LOG,Log::WRITER_ASCII	538.0
1775131676.416877	zeek	counter	zeek_log_writer_writes_total	filter_name,module,path,stream,writer	default,Telemetry,telemetry,Telemetry::LOG,Log::WRITER_ASCII	2024.0
1775131676.416877	zeek	counter	zeek_log_writer_writes_total	filter_name,module,path,stream,writer	default,Stats,stats,Stats::LOG,Log::WRITER_ASCII	3.0
1775131676.416877	zeek	counter	zeek_log_writer_writes_total	filter_name,module,path,stream,writer	default,Weird,weird,Weird::LOG,Log::WRITER_ASCII	3.0
1775131676.416877	zeek	counter	zeek_log_writer_writes_total	filter_name,module,path,stream,writer	default,DNS,dns,DNS::LOG,Log::WRITER_ASCII	28.0
1775131676.416877	zeek	counter	zeek_log_writer_writes_total	filter_name,module,path,stream,writer	default,MQTT,mqtt_publish,MQTT::PUBLISH_LOG,Log::WRITER_ASCII	44447.0
1775131676.416877	zeek	counter	zeek_log_writer_writes_total	filter_name,module,path,stream,writer	default,Known,known_hosts,Known::HOSTS_LOG,Log::WRITER_ASCII	5.0
1775131676.416877	zeek	counter	zeek_log_writer_writes_total	filter_name,module,path,stream,writer	default,MQTT,mqtt_connect,MQTT::CONNECT_LOG,Log::WRITER_ASCII	160.0
1775131676.416877	zeek	counter	zeek_log_writer_writes_total	filter_name,module,path,stream,writer	default,MQTT,mqtt_subscribe,MQTT::SUBSCRIBE_LOG,Log::WRITER_ASCII	2.0
1775131676.416877	zeek	counter	zeek_log_writer_writes_total	filter_name,module,path,stream,writer	default,Known,known_services,Known::SERVICES_LOG,Log::WRITER_ASCII	1.0
1775131676.416877	zeek	counter	zeek_log_writer_writes_total	filter_name,module,path,stream,writer	default,Conn,conn,Conn::LOG,Log::WRITER_ASCII	172.0
1775131676.416877	zeek	counter	zeek_log_writer_writes_total	filter_name,module,path,stream,writer	default,CaptureLoss,capture_loss,CaptureLoss::LOG,Log::WRITER_ASCII	1.0
1775131676.416877	zeek	counter	zeek_log_writer_discarded_writes_total	filter_name,module,path,stream,writer	default,Analyzer::Logging,analyzer,Analyzer::Logging::LOG,Log::WRITER_ASCII	0.0
1775131676.416877	zeek	counter	zeek_log_writer_discarded_writes_total	filter_name,module,path,stream,writer	default,PacketFilter,packet_filter,PacketFilter::LOG,Log::WRITER_ASCII	0.0
1775131676.416877	zeek	counter	zeek_log_writer_discarded_writes_total	filter_name,module,path,stream,writer	default,LoadedScripts,loaded_scripts,LoadedScripts::LOG,Log::WRITER_ASCII	0.0
1775131676.416877	zeek	counter	zeek_log_writer_discarded_writes_total	filter_name,module,path,stream,writer	default,Telemetry,telemetry,Telemetry::LOG,Log::WRITER_ASCII	0.0
1775131676.416877	zeek	counter	zeek_log_writer_discarded_writes_total	filter_name,module,path,stream,writer	default,Stats,stats,Stats::LOG,Log::WRITER_ASCII	0.0
1775131676.416877	zeek	counter	zeek_log_writer_discarded_writes_total	filter_name,module,path,stream,writer	default,Weird,weird,Weird::LOG,Log::WRITER_ASCII	0.0
1775131676.416877	zeek	counter	zeek_log_writer_discarded_writes_total	filter_name,module,path,stream,writer	default,DNS,dns,DNS::LOG,Log::WRITER_ASCII	0.0
1775131676.416877	zeek	counter	zeek_log_writer_discarded_writes_total	filter_name,module,path,stream,writer	default,MQTT,mqtt_publish,MQTT::PUBLISH_LOG,Log::WRITER_ASCII	0.0
1775131676.416877	zeek	counter	zeek_log_writer_discarded_writes_total	filter_name,module,path,stream,writer	default,Known,known_hosts,Known::HOSTS_LOG,Log::WRITER_ASCII	0.0
1775131676.416877	zeek	counter	zeek_log_writer_discarded_writes_total	filter_name,module,path,stream,writer	default,MQTT,mqtt_connect,MQTT::CONNECT_LOG,Log::WRITER_ASCII	0.0
1775131676.416877	zeek	counter	zeek_log_writer_discarded_writes_total	filter_name,module,path,stream,writer	default,MQTT,mqtt_subscribe,MQTT::SUBSCRIBE_LOG,Log::WRITER_ASCII	0.0
1775131676.416877	zeek	counter	zeek_log_writer_discarded_writes_total	filter_name,module,path,stream,writer	default,Known,known_services,Known::SERVICES_LOG,Log::WRITER_ASCII	0.0
1775131676.416877	zeek	counter	zeek_log_writer_discarded_writes_total	filter_name,module,path,stream,writer	default,Conn,conn,Conn::LOG,Log::WRITER_ASCII	0.0
1775131676.416877	zeek	counter	zeek_log_writer_discarded_writes_total	filter_name,module,path,stream,writer	default,CaptureLoss,capture_loss,CaptureLoss::LOG,Log::WRITER_ASCII	0.0
1775131676.416877	zeek	counter	zeek_log_writer_truncated_string_fields_total	filter_name,module,path,stream,writer	default,Analyzer::Logging,analyzer,Analyzer::Logging::LOG,Log::WRITER_ASCII	0.0
1775131676.416877	zeek	counter	zeek_log_writer_truncated_string_fields_total	filter_name,module,path,stream,writer	default,PacketFilter,packet_filter,PacketFilter::LOG,Log::WRITER_ASCII	0.0
1775131676.416877	zeek	counter	zeek_log_writer_truncated_string_fields_total	filter_name,module,path,stream,writer	default,LoadedScripts,loaded_scripts,LoadedScripts::LOG,Log::WRITER_ASCII	0.0
1775131676.416877	zeek	counter	zeek_log_writer_truncated_string_fields_total	filter_name,module,path,stream,writer	default,Telemetry,telemetry,Telemetry::LOG,Log::WRITER_ASCII	0.0
1775131676.416877	zeek	counter	zeek_log_writer_truncated_string_fields_total	filter_name,module,path,stream,writer	default,Stats,stats,Stats::LOG,Log::WRITER_ASCII	0.0
1775131676.416877	zeek	counter	zeek_log_writer_truncated_string_fields_total	filter_name,module,path,stream,writer	default,Weird,weird,Weird::LOG,Log::WRITER_ASCII	0.0
1775131676.416877	zeek	counter	zeek_log_writer_truncated_string_fields_total	filter_name,module,path,stream,writer	default,DNS,dns,DNS::LOG,Log::WRITER_ASCII	0.0
1775131676.416877	zeek	counter	zeek_log_writer_truncated_string_fields_total	filter_name,module,path,stream,writer	default,MQTT,mqtt_publish,MQTT::PUBLISH_LOG,Log::WRITER_ASCII	0.0
1775131676.416877	zeek	counter	zeek_log_writer_truncated_string_fields_total	filter_name,module,path,stream,writer	default,Known,known_hosts,Known::HOSTS_LOG,Log::WRITER_ASCII	0.0
1775131676.416877	zeek	counter	zeek_log_writer_truncated_string_fields_total	filter_name,module,path,stream,writer	default,MQTT,mqtt_connect,MQTT::CONNECT_LOG,Log::WRITER_ASCII	0.0
1775131676.416877	zeek	counter	zeek_log_writer_truncated_string_fields_total	filter_name,module,path,stream,writer	default,MQTT,mqtt_subscribe,MQTT::SUBSCRIBE_LOG,Log::WRITER_ASCII	0.0
1775131676.416877	zeek	counter	zeek_log_writer_truncated_string_fields_total	filter_name,module,path,stream,writer	default,Known,known_services,Known::SERVICES_LOG,Log::WRITER_ASCII	0.0
1775131676.416877	zeek	counter	zeek_log_writer_truncated_string_fields_total	filter_name,module,path,stream,writer	default,Conn,conn,Conn::LOG,Log::WRITER_ASCII	0.0
1775131676.416877	zeek	counter	zeek_log_writer_truncated_string_fields_total	filter_name,module,path,stream,writer	default,CaptureLoss,capture_loss,CaptureLoss::LOG,Log::WRITER_ASCII	0.0
1775131676.416877	zeek	counter	zeek_log_writer_truncated_containers_total	filter_name,module,path,stream,writer	default,Analyzer::Logging,analyzer,Analyzer::Logging::LOG,Log::WRITER_ASCII	0.0
1775131676.416877	zeek	counter	zeek_log_writer_truncated_containers_total	filter_name,module,path,stream,writer	default,PacketFilter,packet_filter,PacketFilter::LOG,Log::WRITER_ASCII	0.0
1775131676.416877	zeek	counter	zeek_log_writer_truncated_containers_total	filter_name,module,path,stream,writer	default,LoadedScripts,loaded_scripts,LoadedScripts::LOG,Log::WRITER_ASCII	0.0
1775131676.416877	zeek	counter	zeek_log_writer_truncated_containers_total	filter_name,module,path,stream,writer	default,Telemetry,telemetry,Telemetry::LOG,Log::WRITER_ASCII	0.0
1775131676.416877	zeek	counter	zeek_log_writer_truncated_containers_total	filter_name,module,path,stream,writer	default,Stats,stats,Stats::LOG,Log::WRITER_ASCII	0.0
1775131676.416877	zeek	counter	zeek_log_writer_truncated_containers_total	filter_name,module,path,stream,writer	default,Weird,weird,Weird::LOG,Log::WRITER_ASCII	0.0
1775131676.416877	zeek	counter	zeek_log_writer_truncated_containers_total	filter_name,module,path,stream,writer	default,DNS,dns,DNS::LOG,Log::WRITER_ASCII	0.0
1775131676.416877	zeek	counter	zeek_log_writer_truncated_containers_total	filter_name,module,path,stream,writer	default,MQTT,mqtt_publish,MQTT::PUBLISH_LOG,Log::WRITER_ASCII	0.0
1775131676.416877	zeek	counter	zeek_log_writer_truncated_containers_total	filter_name,module,path,stream,writer	default,Known,known_hosts,Known::HOSTS_LOG,Log::WRITER_ASCII	0.0
1775131676.416877	zeek	counter	zeek_log_writer_truncated_containers_total	filter_name,module,path,stream,writer	default,MQTT,mqtt_connect,MQTT::CONNECT_LOG,Log::WRITER_ASCII	0.0
1775131676.416877	zeek	counter	zeek_log_writer_truncated_containers_total	filter_name,module,path,stream,writer	default,MQTT,mqtt_subscribe,MQTT::SUBSCRIBE_LOG,Log::WRITER_ASCII	0.0
1775131676.416877	zeek	counter	zeek_log_writer_truncated_containers_total	filter_name,module,path,stream,writer	default,Known,known_services,Known::SERVICES_LOG,Log::WRITER_ASCII	0.0
1775131676.416877	zeek	counter	zeek_log_writer_truncated_containers_total	filter_name,module,path,stream,writer	default,Conn,conn,Conn::LOG,Log::WRITER_ASCII	0.0
1775131676.416877	zeek	counter	zeek_log_writer_truncated_containers_total	filter_name,module,path,stream,writer	default,CaptureLoss,capture_loss,CaptureLoss::LOG,Log::WRITER_ASCII	0.0
1775131676.416877	zeek	counter	zeek_net_received_bytes_total	(empty)	(empty)	18124616.0
1775131676.416877	zeek	counter	zeek_net_received_packets_total	(empty)	(empty)	92373.0
1775131676.416877	zeek	counter	zeek_net_dropped_packets_total	(empty)	(empty)	0.0
1775131676.416877	zeek	counter	zeek_net_link_packets_total	(empty)	(empty)	92373.0
1775131676.416877	zeek	counter	zeek_msgthread_threads_total	(empty)	(empty)	14.0
1775131676.416877	zeek	counter	zeek_msgthread_in_messages_total	(empty)	(empty)	729.0
1775131676.416877	zeek	counter	zeek_msgthread_out_messages_total	(empty)	(empty)	0.0
1775131676.416877	zeek	counter	zeek_cluster_core_outgoing_events_total	(empty)	(empty)	0.0
1775131676.416877	zeek	counter	zeek_cluster_core_incoming_events_total	(empty)	(empty)	0.0
1775131676.416877	zeek	counter	zeek_broker_incoming_events_total	(empty)	(empty)	0.0
1775131676.416877	zeek	counter	zeek_broker_outgoing_events_total	(empty)	(empty)	0.0
1775131676.416877	zeek	counter	zeek_broker_incoming_logs_total	(empty)	(empty)	0.0
1775131676.416877	zeek	counter	zeek_broker_outgoing_logs_total	(empty)	(empty)	0.0
1775131676.416877	zeek	counter	zeek_broker_incoming_ids_total	(empty)	(empty)	0.0
1775131676.416877	zeek	counter	zeek_broker_outgoing_ids_total	(empty)	(empty)	0.0
1775131676.416877	zeek	counter	zeek_timers_total	(empty)	(empty)	5841.0
1775131676.416877	zeek	counter	zeek_dnsmgr_requests_total	(empty)	(empty)	0.0
1775131676.416877	zeek	counter	zeek_dnsmgr_successful_requests_total	(empty)	(empty)	0.0
1775131676.416877	zeek	counter	zeek_dnsmgr_failed_requests_total	(empty)	(empty)	0.0
1775131676.416877	zeek	counter	zeek_triggers_total	(empty)	(empty)	0.0
1775131676.416877	zeek	counter	zeek_ended_sessions_total	reason	inactivity	5.0
1775131676.416877	zeek	counter	zeek_event_handler_invocations_total	name	content_gap	163.0
1775131676.416877	zeek	counter	zeek_event_handler_invocations_total	name	conn_weird	75.0
1775131676.416877	zeek	counter	zeek_event_handler_invocations_total	name	mqtt_puback	167.0
1775131676.416877	zeek	counter	zeek_event_handler_invocations_total	name	connection_state_remove	172.0
1775131676.416877	zeek	counter	zeek_event_handler_invocations_total	name	dns_message	35.0
1775131676.416877	zeek	counter	zeek_event_handler_invocations_total	name	service_info_commit	163.0
1775131676.416877	zeek	counter	zeek_event_handler_invocations_total	name	net_stats_update	3.0
1775131676.416877	zeek	counter	zeek_event_handler_invocations_total	name	analyzer_violation_info	1.0
1775131676.416877	zeek	counter	zeek_event_handler_invocations_total	name	CaptureLoss::take_measurement	2.0
1775131676.416877	zeek	counter	zeek_event_handler_invocations_total	name	dns_end	35.0
1775131676.416877	zeek	counter	zeek_event_handler_invocations_total	name	dns_PTR_reply	8.0
1775131676.416877	zeek	counter	zeek_event_handler_invocations_total	name	check_stats	3.0
1775131676.416877	zeek	counter	zeek_event_handler_invocations_total	name	new_connection	185.0
1775131676.416877	zeek	counter	zeek_event_handler_invocations_total	name	zeek_script_loaded	538.0
1775131676.416877	zeek	counter	zeek_event_handler_invocations_total	name	known_service_add	1.0
1775131676.416877	zeek	counter	zeek_event_handler_invocations_total	name	Broker::log_flush	654.0
1775131676.416877	zeek	counter	zeek_event_handler_invocations_total	name	SumStats::finish_epoch	3.0
1775131676.416877	zeek	counter	zeek_event_handler_invocations_total	name	mqtt_publish	44447.0
1775131676.416877	zeek	counter	zeek_event_handler_invocations_total	name	filter_change_tracking	4.0
1775131676.416877	zeek	counter	zeek_event_handler_invocations_total	name	NetControl::init	1.0
1775131676.416877	zeek	counter	zeek_event_handler_invocations_total	name	Telemetry::log	12.0
1775131676.416877	zeek	counter	zeek_event_handler_invocations_total	name	mqtt_suback	2.0
1775131676.416877	zeek	counter	zeek_event_handler_invocations_total	name	ChecksumOffloading::check	2.0
1775131676.416877	zeek	counter	zeek_event_handler_invocations_total	name	zeek_init	1.0
1775131676.416877	zeek	counter	zeek_event_handler_invocations_total	name	dns_request	54.0
1775131676.416877	zeek	counter	zeek_event_handler_invocations_total	name	mqtt_connack	160.0
1775131676.416877	zeek	counter	zeek_event_handler_invocations_total	name	dns_AAAA_reply	7.0
1775131676.416877	zeek	counter	zeek_event_handler_invocations_total	name	grab_vulnerable_versions	2.0
1775131676.416877	zeek	counter	zeek_event_handler_invocations_total	name	dns_A_reply	1.0
1775131676.416877	zeek	counter	zeek_event_handler_invocations_total	name	analyzer_failed	1.0
1775131676.416877	zeek	counter	zeek_event_handler_invocations_total	name	connection_flipped	1.0
1775131676.416877	zeek	counter	zeek_event_handler_invocations_total	name	analyzer_confirmation_info	180.0
1775131676.416877	zeek	counter	zeek_event_handler_invocations_total	name	connection_established	160.0
1775131676.416877	zeek	counter	zeek_event_handler_invocations_total	name	Known::host_found	320.0
1775131676.416877	zeek	counter	zeek_event_handler_invocations_total	name	mqtt_subscribe	2.0
1775131676.416877	zeek	counter	zeek_event_handler_invocations_total	name	known_host_add	5.0
1775131676.416877	zeek	counter	zeek_event_handler_invocations_total	name	mqtt_connect	160.0
1775131676.416877	zeek	counter	zeek_total_sessions_total	protocol	icmp	5.0
1775131676.416877	zeek	counter	zeek_total_sessions_total	protocol	udp	17.0
1775131676.416877	zeek	counter	zeek_total_sessions_total	protocol	tcp	163.0
1775131676.416877	zeek	gauge	zeek_version_info	beta,commit,debug,major,minor,patch,version_number,version_string	false,0,false,8,1,1,80101,8.1.1	1.0
1775131676.416877	zeek	gauge	zeek_net_packet_lag_seconds	(empty)	(empty)	0.00137
1775131676.416877	zeek	gauge	zeek_net_timestamp_seconds	(empty)	(empty)	1775131676.416877
1775131676.416877	zeek	gauge	zeek_msgthread_active_threads	(empty)	(empty)	14.0
1775131676.416877	zeek	gauge	zeek_msgthread_pending_in_messages	(empty)	(empty)	0.0
1775131676.416877	zeek	gauge	zeek_msgthread_pending_out_messages	(empty)	(empty)	0.0
1775131676.416877	zeek	gauge	zeek_msgthread_pending_messages_in_buckets	leq	inf	14.0
1775131676.416877	zeek	gauge	zeek_msgthread_pending_messages_in_buckets	leq	10000	14.0
1775131676.416877	zeek	gauge	zeek_msgthread_pending_messages_in_buckets	leq	1000	14.0
1775131676.416877	zeek	gauge	zeek_msgthread_pending_messages_in_buckets	leq	100	14.0
1775131676.416877	zeek	gauge	zeek_msgthread_pending_messages_in_buckets	leq	10	14.0
1775131676.416877	zeek	gauge	zeek_msgthread_pending_messages_in_buckets	leq	1	14.0
1775131676.416877	zeek	gauge	zeek_msgthread_pending_messages_out_buckets	leq	inf	14.0
1775131676.416877	zeek	gauge	zeek_msgthread_pending_messages_out_buckets	leq	10000	14.0
1775131676.416877	zeek	gauge	zeek_msgthread_pending_messages_out_buckets	leq	1000	14.0
1775131676.416877	zeek	gauge	zeek_msgthread_pending_messages_out_buckets	leq	100	14.0
1775131676.416877	zeek	gauge	zeek_msgthread_pending_messages_out_buckets	leq	10	14.0
1775131676.416877	zeek	gauge	zeek_msgthread_pending_messages_out_buckets	leq	1	14.0
1775131676.416877	zeek	gauge	zeek_broker_peers	(empty)	(empty)	0.0
1775131676.416877	zeek	gauge	zeek_broker_stores	(empty)	(empty)	1.0
1775131676.416877	zeek	gauge	zeek_broker_pending_queries	(empty)	(empty)	0.0
1775131676.416877	zeek	gauge	zeek_timers_lag_time_seconds	(empty)	(empty)	0.007003
1775131676.416877	zeek	gauge	zeek_timers_pending	type	LogDelayExpire	0.0
1775131676.416877	zeek	gauge	zeek_timers_pending	type	ThreadHeartbeat	1.0
1775131676.416877	zeek	gauge	zeek_timers_pending	type	TimerMgrExpireTimer	0.0
1775131676.416877	zeek	gauge	zeek_timers_pending	type	ParentProcessIDCheck	0.0
1775131676.416877	zeek	gauge	zeek_timers_pending	type	FragTimer	0.0
1775131676.416877	zeek	gauge	zeek_timers_pending	type	RotateTimer	0.0
1775131676.416877	zeek	gauge	zeek_timers_pending	type	FlowWeirdTimer	0.0
1775131676.416877	zeek	gauge	zeek_timers_pending	type	FileAnalysisInactivityTimer	0.0
1775131676.416877	zeek	gauge	zeek_timers_pending	type	StorageExpire	1.0
1775131676.416877	zeek	gauge	zeek_timers_pending	type	ConnectionInactivityTimer	13.0
1775131676.416877	zeek	gauge	zeek_timers_pending	type	TCPConnectionExpireTimer	3.0
1775131676.416877	zeek	gauge	zeek_timers_pending	type	ConnectionStatusUpdateTimer	0.0
1775131676.416877	zeek	gauge	zeek_timers_pending	type	LogFlushWriteBufferTimer	1.0
1775131676.416877	zeek	gauge	zeek_timers_pending	type	NetWeirdTimer	0.0
1775131676.416877	zeek	gauge	zeek_timers_pending	type	InterconnTimer	0.0
1775131676.416877	zeek	gauge	zeek_timers_pending	type	IPTunnelInactivityTimer	0.0
1775131676.416877	zeek	gauge	zeek_timers_pending	type	DNSExpireTimer	0.0
1775131676.416877	zeek	gauge	zeek_timers_pending	type	UnknownProtocolExpire	0.0
1775131676.416877	zeek	gauge	zeek_timers_pending	type	ProfileTimer	0.0
1775131676.416877	zeek	gauge	zeek_timers_pending	type	ConnectionExpireTimer	0.0
1775131676.416877	zeek	gauge	zeek_timers_pending	type	BreakpointTimer	0.0
1775131676.416877	zeek	gauge	zeek_timers_pending	type	BackdoorTimer	0.0
1775131676.416877	zeek	gauge	zeek_timers_pending	type	NetbiosExpireTimer	0.0
1775131676.416877	zeek	gauge	zeek_timers_pending	type	NetworkTimer	0.0
1775131676.416877	zeek	gauge	zeek_timers_pending	type	RemoveConnection	0.0
1775131676.416877	zeek	gauge	zeek_timers_pending	type	TCPConnectionResetTimer	0.0
1775131676.416877	zeek	gauge	zeek_timers_pending	type	ConnTupleWeirdTimer	0.0
1775131676.416877	zeek	gauge	zeek_timers_pending	type	TCPConnectionDeleteTimer	0.0
1775131676.416877	zeek	gauge	zeek_timers_pending	type	ScheduleTimer	6.0
1775131676.416877	zeek	gauge	zeek_timers_pending	type	NTPExpireTimer	0.0
1775131676.416877	zeek	gauge	zeek_timers_pending	type	RPCExpireTimer	0.0
1775131676.416877	zeek	gauge	zeek_timers_pending	type	ConnectionDeleteTimer	10.0
1775131676.416877	zeek	gauge	zeek_timers_pending	type	TriggerTimer	0.0
1775131676.416877	zeek	gauge	zeek_timers_pending	type	TableValTimer	34.0
1775131676.416877	zeek	gauge	zeek_timers_pending	type	TCPConnectionAttemptTimer	2.0
1775131676.416877	zeek	gauge	zeek_timers_pending	type	TCPConnectionPartialClose	0.0
1775131676.416877	zeek	gauge	zeek_dnsmgr_pending_asyncs_requests	(empty)	(empty)	0.0
1775131676.416877	zeek	gauge	zeek_dnsmgr_cache_entries	type	text	0.0
1775131676.416877	zeek	gauge	zeek_dnsmgr_cache_entries	type	address	0.0
1775131676.416877	zeek	gauge	zeek_dnsmgr_cache_entries	type	host	0.0
1775131676.416877	zeek	gauge	zeek_pending_triggers	(empty)	(empty)	0.0
1775131676.416877	zeek	gauge	zeek_active_sessions	protocol	icmp	0.0
1775131676.416877	zeek	gauge	zeek_active_sessions	protocol	udp	0.0
1775131676.416877	zeek	gauge	zeek_active_sessions	protocol	tcp	13.0
1775131676.416877	zeek	counter	process_cpu_user_seconds_total	(empty)	(empty)	11.93
1775131676.416877	zeek	counter	process_cpu_system_seconds_total	(empty)	(empty)	6.55
1775131676.416877	zeek	gauge	process_resident_memory_bytes	(empty)	(empty)	284286976.0
1775131676.416877	zeek	gauge	process_virtual_memory_bytes	(empty)	(empty)	2071871488.0
1775131676.416877	zeek	gauge	process_open_fds	(empty)	(empty)	64.0
1775131676.416877	zeek	gauge	process_start_time_seconds	(empty)	(empty)	1775131014.997737
1775131736.422000	zeek	counter	zeek_log_stream_writes_total	module,stream	Analyzer::Logging,Analyzer::Logging::LOG	1.0
1775131736.422000	zeek	counter	zeek_log_stream_writes_total	module,stream	PacketFilter,PacketFilter::LOG	1.0
1775131736.422000	zeek	counter	zeek_log_stream_writes_total	module,stream	MQTT,MQTT::CONNECT_LOG	174.0
1775131736.422000	zeek	counter	zeek_log_stream_writes_total	module,stream	LoadedScripts,LoadedScripts::LOG	538.0
1775131736.422000	zeek	counter	zeek_log_stream_writes_total	module,stream	Telemetry,Telemetry::LOG	2227.0
1775131736.422000	zeek	counter	zeek_log_stream_writes_total	module,stream	Stats,Stats::LOG	3.0
1775131736.422000	zeek	counter	zeek_log_stream_writes_total	module,stream	MQTT,MQTT::PUBLISH_LOG	44691.0
1775131736.422000	zeek	counter	zeek_log_stream_writes_total	module,stream	Weird,Weird::LOG	3.0
1775131736.422000	zeek	counter	zeek_log_stream_writes_total	module,stream	DNS,DNS::LOG	28.0
1775131736.422000	zeek	counter	zeek_log_stream_writes_total	module,stream	Known,Known::SERVICES_LOG	1.0
1775131736.422000	zeek	counter	zeek_log_stream_writes_total	module,stream	Known,Known::HOSTS_LOG	5.0
1775131736.422000	zeek	counter	zeek_log_stream_writes_total	module,stream	MQTT,MQTT::SUBSCRIBE_LOG	3.0
1775131736.422000	zeek	counter	zeek_log_stream_writes_total	module,stream	Conn,Conn::LOG	194.0
1775131736.422000	zeek	counter	zeek_log_stream_writes_total	module,stream	CaptureLoss,CaptureLoss::LOG	1.0
1775131736.422000	zeek	counter	zeek_log_writer_writes_total	filter_name,module,path,stream,writer	default,Analyzer::Logging,analyzer,Analyzer::Logging::LOG,Log::WRITER_ASCII	1.0
1775131736.422000	zeek	counter	zeek_log_writer_writes_total	filter_name,module,path,stream,writer	default,PacketFilter,packet_filter,PacketFilter::LOG,Log::WRITER_ASCII	1.0
1775131736.422000	zeek	counter	zeek_log_writer_writes_total	filter_name,module,path,stream,writer	default,LoadedScripts,loaded_scripts,LoadedScripts::LOG,Log::WRITER_ASCII	538.0
1775131736.422000	zeek	counter	zeek_log_writer_writes_total	filter_name,module,path,stream,writer	default,Telemetry,telemetry,Telemetry::LOG,Log::WRITER_ASCII	2227.0
1775131736.422000	zeek	counter	zeek_log_writer_writes_total	filter_name,module,path,stream,writer	default,Stats,stats,Stats::LOG,Log::WRITER_ASCII	3.0
1775131736.422000	zeek	counter	zeek_log_writer_writes_total	filter_name,module,path,stream,writer	default,Weird,weird,Weird::LOG,Log::WRITER_ASCII	3.0
1775131736.422000	zeek	counter	zeek_log_writer_writes_total	filter_name,module,path,stream,writer	default,DNS,dns,DNS::LOG,Log::WRITER_ASCII	28.0
1775131736.422000	zeek	counter	zeek_log_writer_writes_total	filter_name,module,path,stream,writer	default,MQTT,mqtt_publish,MQTT::PUBLISH_LOG,Log::WRITER_ASCII	44691.0
1775131736.422000	zeek	counter	zeek_log_writer_writes_total	filter_name,module,path,stream,writer	default,Known,known_hosts,Known::HOSTS_LOG,Log::WRITER_ASCII	5.0
1775131736.422000	zeek	counter	zeek_log_writer_writes_total	filter_name,module,path,stream,writer	default,MQTT,mqtt_connect,MQTT::CONNECT_LOG,Log::WRITER_ASCII	174.0
1775131736.422000	zeek	counter	zeek_log_writer_writes_total	filter_name,module,path,stream,writer	default,MQTT,mqtt_subscribe,MQTT::SUBSCRIBE_LOG,Log::WRITER_ASCII	3.0
1775131736.422000	zeek	counter	zeek_log_writer_writes_total	filter_name,module,path,stream,writer	default,Known,known_services,Known::SERVICES_LOG,Log::WRITER_ASCII	1.0
1775131736.422000	zeek	counter	zeek_log_writer_writes_total	filter_name,module,path,stream,writer	default,Conn,conn,Conn::LOG,Log::WRITER_ASCII	194.0
1775131736.422000	zeek	counter	zeek_log_writer_writes_total	filter_name,module,path,stream,writer	default,CaptureLoss,capture_loss,CaptureLoss::LOG,Log::WRITER_ASCII	1.0
1775131736.422000	zeek	counter	zeek_log_writer_discarded_writes_total	filter_name,module,path,stream,writer	default,Analyzer::Logging,analyzer,Analyzer::Logging::LOG,Log::WRITER_ASCII	0.0
1775131736.422000	zeek	counter	zeek_log_writer_discarded_writes_total	filter_name,module,path,stream,writer	default,PacketFilter,packet_filter,PacketFilter::LOG,Log::WRITER_ASCII	0.0
1775131736.422000	zeek	counter	zeek_log_writer_discarded_writes_total	filter_name,module,path,stream,writer	default,LoadedScripts,loaded_scripts,LoadedScripts::LOG,Log::WRITER_ASCII	0.0
1775131736.422000	zeek	counter	zeek_log_writer_discarded_writes_total	filter_name,module,path,stream,writer	default,Telemetry,telemetry,Telemetry::LOG,Log::WRITER_ASCII	0.0
1775131736.422000	zeek	counter	zeek_log_writer_discarded_writes_total	filter_name,module,path,stream,writer	default,Stats,stats,Stats::LOG,Log::WRITER_ASCII	0.0
1775131736.422000	zeek	counter	zeek_log_writer_discarded_writes_total	filter_name,module,path,stream,writer	default,Weird,weird,Weird::LOG,Log::WRITER_ASCII	0.0
1775131736.422000	zeek	counter	zeek_log_writer_discarded_writes_total	filter_name,module,path,stream,writer	default,DNS,dns,DNS::LOG,Log::WRITER_ASCII	0.0
1775131736.422000	zeek	counter	zeek_log_writer_discarded_writes_total	filter_name,module,path,stream,writer	default,MQTT,mqtt_publish,MQTT::PUBLISH_LOG,Log::WRITER_ASCII	0.0
1775131736.422000	zeek	counter	zeek_log_writer_discarded_writes_total	filter_name,module,path,stream,writer	default,Known,known_hosts,Known::HOSTS_LOG,Log::WRITER_ASCII	0.0
1775131736.422000	zeek	counter	zeek_log_writer_discarded_writes_total	filter_name,module,path,stream,writer	default,MQTT,mqtt_connect,MQTT::CONNECT_LOG,Log::WRITER_ASCII	0.0
1775131736.422000	zeek	counter	zeek_log_writer_discarded_writes_total	filter_name,module,path,stream,writer	default,MQTT,mqtt_subscribe,MQTT::SUBSCRIBE_LOG,Log::WRITER_ASCII	0.0
1775131736.422000	zeek	counter	zeek_log_writer_discarded_writes_total	filter_name,module,path,stream,writer	default,Known,known_services,Known::SERVICES_LOG,Log::WRITER_ASCII	0.0
1775131736.422000	zeek	counter	zeek_log_writer_discarded_writes_total	filter_name,module,path,stream,writer	default,Conn,conn,Conn::LOG,Log::WRITER_ASCII	0.0
1775131736.422000	zeek	counter	zeek_log_writer_discarded_writes_total	filter_name,module,path,stream,writer	default,CaptureLoss,capture_loss,CaptureLoss::LOG,Log::WRITER_ASCII	0.0
1775131736.422000	zeek	counter	zeek_log_writer_truncated_string_fields_total	filter_name,module,path,stream,writer	default,Analyzer::Logging,analyzer,Analyzer::Logging::LOG,Log::WRITER_ASCII	0.0
1775131736.422000	zeek	counter	zeek_log_writer_truncated_string_fields_total	filter_name,module,path,stream,writer	default,PacketFilter,packet_filter,PacketFilter::LOG,Log::WRITER_ASCII	0.0
1775131736.422000	zeek	counter	zeek_log_writer_truncated_string_fields_total	filter_name,module,path,stream,writer	default,LoadedScripts,loaded_scripts,LoadedScripts::LOG,Log::WRITER_ASCII	0.0
1775131736.422000	zeek	counter	zeek_log_writer_truncated_string_fields_total	filter_name,module,path,stream,writer	default,Telemetry,telemetry,Telemetry::LOG,Log::WRITER_ASCII	0.0
1775131736.422000	zeek	counter	zeek_log_writer_truncated_string_fields_total	filter_name,module,path,stream,writer	default,Stats,stats,Stats::LOG,Log::WRITER_ASCII	0.0
1775131736.422000	zeek	counter	zeek_log_writer_truncated_string_fields_total	filter_name,module,path,stream,writer	default,Weird,weird,Weird::LOG,Log::WRITER_ASCII	0.0
1775131736.422000	zeek	counter	zeek_log_writer_truncated_string_fields_total	filter_name,module,path,stream,writer	default,DNS,dns,DNS::LOG,Log::WRITER_ASCII	0.0
1775131736.422000	zeek	counter	zeek_log_writer_truncated_string_fields_total	filter_name,module,path,stream,writer	default,MQTT,mqtt_publish,MQTT::PUBLISH_LOG,Log::WRITER_ASCII	0.0
1775131736.422000	zeek	counter	zeek_log_writer_truncated_string_fields_total	filter_name,module,path,stream,writer	default,Known,known_hosts,Known::HOSTS_LOG,Log::WRITER_ASCII	0.0
1775131736.422000	zeek	counter	zeek_log_writer_truncated_string_fields_total	filter_name,module,path,stream,writer	default,MQTT,mqtt_connect,MQTT::CONNECT_LOG,Log::WRITER_ASCII	0.0
1775131736.422000	zeek	counter	zeek_log_writer_truncated_string_fields_total	filter_name,module,path,stream,writer	default,MQTT,mqtt_subscribe,MQTT::SUBSCRIBE_LOG,Log::WRITER_ASCII	0.0
1775131736.422000	zeek	counter	zeek_log_writer_truncated_string_fields_total	filter_name,module,path,stream,writer	default,Known,known_services,Known::SERVICES_LOG,Log::WRITER_ASCII	0.0
1775131736.422000	zeek	counter	zeek_log_writer_truncated_string_fields_total	filter_name,module,path,stream,writer	default,Conn,conn,Conn::LOG,Log::WRITER_ASCII	0.0
1775131736.422000	zeek	counter	zeek_log_writer_truncated_string_fields_total	filter_name,module,path,stream,writer	default,CaptureLoss,capture_loss,CaptureLoss::LOG,Log::WRITER_ASCII	0.0
1775131736.422000	zeek	counter	zeek_log_writer_truncated_containers_total	filter_name,module,path,stream,writer	default,Analyzer::Logging,analyzer,Analyzer::Logging::LOG,Log::WRITER_ASCII	0.0
1775131736.422000	zeek	counter	zeek_log_writer_truncated_containers_total	filter_name,module,path,stream,writer	default,PacketFilter,packet_filter,PacketFilter::LOG,Log::WRITER_ASCII	0.0
1775131736.422000	zeek	counter	zeek_log_writer_truncated_containers_total	filter_name,module,path,stream,writer	default,LoadedScripts,loaded_scripts,LoadedScripts::LOG,Log::WRITER_ASCII	0.0
1775131736.422000	zeek	counter	zeek_log_writer_truncated_containers_total	filter_name,module,path,stream,writer	default,Telemetry,telemetry,Telemetry::LOG,Log::WRITER_ASCII	0.0
1775131736.422000	zeek	counter	zeek_log_writer_truncated_containers_total	filter_name,module,path,stream,writer	default,Stats,stats,Stats::LOG,Log::WRITER_ASCII	0.0
1775131736.422000	zeek	counter	zeek_log_writer_truncated_containers_total	filter_name,module,path,stream,writer	default,Weird,weird,Weird::LOG,Log::WRITER_ASCII	0.0
1775131736.422000	zeek	counter	zeek_log_writer_truncated_containers_total	filter_name,module,path,stream,writer	default,DNS,dns,DNS::LOG,Log::WRITER_ASCII	0.0
1775131736.422000	zeek	counter	zeek_log_writer_truncated_containers_total	filter_name,module,path,stream,writer	default,MQTT,mqtt_publish,MQTT::PUBLISH_LOG,Log::WRITER_ASCII	0.0
1775131736.422000	zeek	counter	zeek_log_writer_truncated_containers_total	filter_name,module,path,stream,writer	default,Known,known_hosts,Known::HOSTS_LOG,Log::WRITER_ASCII	0.0
1775131736.422000	zeek	counter	zeek_log_writer_truncated_containers_total	filter_name,module,path,stream,writer	default,MQTT,mqtt_connect,MQTT::CONNECT_LOG,Log::WRITER_ASCII	0.0
1775131736.422000	zeek	counter	zeek_log_writer_truncated_containers_total	filter_name,module,path,stream,writer	default,MQTT,mqtt_subscribe,MQTT::SUBSCRIBE_LOG,Log::WRITER_ASCII	0.0
1775131736.422000	zeek	counter	zeek_log_writer_truncated_containers_total	filter_name,module,path,stream,writer	default,Known,known_services,Known::SERVICES_LOG,Log::WRITER_ASCII	0.0
1775131736.422000	zeek	counter	zeek_log_writer_truncated_containers_total	filter_name,module,path,stream,writer	default,Conn,conn,Conn::LOG,Log::WRITER_ASCII	0.0
1775131736.422000	zeek	counter	zeek_log_writer_truncated_containers_total	filter_name,module,path,stream,writer	default,CaptureLoss,capture_loss,CaptureLoss::LOG,Log::WRITER_ASCII	0.0
1775131736.422000	zeek	counter	zeek_net_received_bytes_total	(empty)	(empty)	18199844.0
1775131736.422000	zeek	counter	zeek_net_received_packets_total	(empty)	(empty)	93007.0
1775131736.422000	zeek	counter	zeek_net_dropped_packets_total	(empty)	(empty)	0.0
1775131736.422000	zeek	counter	zeek_net_link_packets_total	(empty)	(empty)	93007.0
1775131736.422000	zeek	counter	zeek_msgthread_threads_total	(empty)	(empty)	14.0
1775131736.422000	zeek	counter	zeek_msgthread_in_messages_total	(empty)	(empty)	804.0
1775131736.422000	zeek	counter	zeek_msgthread_out_messages_total	(empty)	(empty)	0.0
1775131736.422000	zeek	counter	zeek_cluster_core_outgoing_events_total	(empty)	(empty)	0.0
1775131736.422000	zeek	counter	zeek_cluster_core_incoming_events_total	(empty)	(empty)	0.0
1775131736.422000	zeek	counter	zeek_broker_incoming_events_total	(empty)	(empty)	0.0
1775131736.422000	zeek	counter	zeek_broker_outgoing_events_total	(empty)	(empty)	0.0
1775131736.422000	zeek	counter	zeek_broker_incoming_logs_total	(empty)	(empty)	0.0
1775131736.422000	zeek	counter	zeek_broker_outgoing_logs_total	(empty)	(empty)	0.0
1775131736.422000	zeek	counter	zeek_broker_incoming_ids_total	(empty)	(empty)	0.0
1775131736.422000	zeek	counter	zeek_broker_outgoing_ids_total	(empty)	(empty)	0.0
1775131736.422000	zeek	counter	zeek_timers_total	(empty)	(empty)	6354.0
1775131736.422000	zeek	counter	zeek_dnsmgr_requests_total	(empty)	(empty)	0.0
1775131736.422000	zeek	counter	zeek_dnsmgr_successful_requests_total	(empty)	(empty)	0.0
1775131736.422000	zeek	counter	zeek_dnsmgr_failed_requests_total	(empty)	(empty)	0.0
1775131736.422000	zeek	counter	zeek_triggers_total	(empty)	(empty)	0.0
1775131736.422000	zeek	counter	zeek_ended_sessions_total	reason	inactivity	5.0
1775131736.422000	zeek	counter	zeek_event_handler_invocations_total	name	content_gap	163.0
1775131736.422000	zeek	counter	zeek_event_handler_invocations_total	name	conn_weird	75.0
1775131736.422000	zeek	counter	zeek_event_handler_invocations_total	name	mqtt_puback	167.0
1775131736.422000	zeek	counter	zeek_event_handler_invocations_total	name	connection_state_remove	194.0
1775131736.422000	zeek	counter	zeek_event_handler_invocations_total	name	dns_message	35.0
1775131736.422000	zeek	counter	zeek_event_handler_invocations_total	name	service_info_commit	177.0
1775131736.422000	zeek	counter	zeek_event_handler_invocations_total	name	net_stats_update	3.0
1775131736.422000	zeek	counter	zeek_event_handler_invocations_total	name	analyzer_violation_info	1.0
1775131736.422000	zeek	counter	zeek_event_handler_invocations_total	name	CaptureLoss::take_measurement	2.0
1775131736.422000	zeek	counter	zeek_event_handler_invocations_total	name	dns_end	35.0
1775131736.422000	zeek	counter	zeek_event_handler_invocations_total	name	dns_PTR_reply	8.0
1775131736.422000	zeek	counter	zeek_event_handler_invocations_total	name	check_stats	3.0
1775131736.422000	zeek	counter	zeek_event_handler_invocations_total	name	new_connection	199.0
1775131736.422000	zeek	counter	zeek_event_handler_invocations_total	name	zeek_script_loaded	538.0
1775131736.422000	zeek	counter	zeek_event_handler_invocations_total	name	known_service_add	1.0
1775131736.422000	zeek	counter	zeek_event_handler_invocations_total	name	Broker::log_flush	714.0
1775131736.422000	zeek	counter	zeek_event_handler_invocations_total	name	SumStats::finish_epoch	3.0
1775131736.422000	zeek	counter	zeek_event_handler_invocations_total	name	mqtt_publish	44691.0
1775131736.422000	zeek	counter	zeek_event_handler_invocations_total	name	filter_change_tracking	4.0
1775131736.422000	zeek	counter	zeek_event_handler_invocations_total	name	NetControl::init	1.0
1775131736.422000	zeek	counter	zeek_event_handler_invocations_total	name	Telemetry::log	13.0
1775131736.422000	zeek	counter	zeek_event_handler_invocations_total	name	mqtt_suback	3.0
1775131736.422000	zeek	counter	zeek_event_handler_invocations_total	name	ChecksumOffloading::check	2.0
1775131736.422000	zeek	counter	zeek_event_handler_invocations_total	name	zeek_init	1.0
1775131736.422000	zeek	counter	zeek_event_handler_invocations_total	name	dns_request	54.0
1775131736.422000	zeek	counter	zeek_event_handler_invocations_total	name	mqtt_connack	174.0
1775131736.422000	zeek	counter	zeek_event_handler_invocations_total	name	dns_AAAA_reply	7.0
1775131736.422000	zeek	counter	zeek_event_handler_invocations_total	name	grab_vulnerable_versions	2.0
1775131736.422000	zeek	counter	zeek_event_handler_invocations_total	name	dns_A_reply	1.0
1775131736.422000	zeek	counter	zeek_event_handler_invocations_total	name	analyzer_failed	1.0
1775131736.422000	zeek	counter	zeek_event_handler_invocations_total	name	connection_flipped	1.0
1775131736.422000	zeek	counter	zeek_event_handler_invocations_total	name	analyzer_confirmation_info	194.0
1775131736.422000	zeek	counter	zeek_event_handler_invocations_total	name	connection_established	174.0
1775131736.422000	zeek	counter	zeek_event_handler_invocations_total	name	Known::host_found	348.0
1775131736.422000	zeek	counter	zeek_event_handler_invocations_total	name	mqtt_subscribe	3.0
1775131736.422000	zeek	counter	zeek_event_handler_invocations_total	name	known_host_add	5.0
1775131736.422000	zeek	counter	zeek_event_handler_invocations_total	name	mqtt_connect	174.0
1775131736.422000	zeek	counter	zeek_total_sessions_total	protocol	icmp	5.0
1775131736.422000	zeek	counter	zeek_total_sessions_total	protocol	udp	17.0
1775131736.422000	zeek	counter	zeek_total_sessions_total	protocol	tcp	177.0
1775131736.422000	zeek	gauge	zeek_version_info	beta,commit,debug,major,minor,patch,version_number,version_string	false,0,false,8,1,1,80101,8.1.1	1.0
1775131736.422000	zeek	gauge	zeek_net_packet_lag_seconds	(empty)	(empty)	0.000161
1775131736.422000	zeek	gauge	zeek_net_timestamp_seconds	(empty)	(empty)	1775131736.422
1775131736.422000	zeek	gauge	zeek_msgthread_active_threads	(empty)	(empty)	14.0
1775131736.422000	zeek	gauge	zeek_msgthread_pending_in_messages	(empty)	(empty)	0.0
1775131736.422000	zeek	gauge	zeek_msgthread_pending_out_messages	(empty)	(empty)	0.0
1775131736.422000	zeek	gauge	zeek_msgthread_pending_messages_in_buckets	leq	inf	14.0
1775131736.422000	zeek	gauge	zeek_msgthread_pending_messages_in_buckets	leq	10000	14.0
1775131736.422000	zeek	gauge	zeek_msgthread_pending_messages_in_buckets	leq	1000	14.0
1775131736.422000	zeek	gauge	zeek_msgthread_pending_messages_in_buckets	leq	100	14.0
1775131736.422000	zeek	gauge	zeek_msgthread_pending_messages_in_buckets	leq	10	14.0
1775131736.422000	zeek	gauge	zeek_msgthread_pending_messages_in_buckets	leq	1	14.0
1775131736.422000	zeek	gauge	zeek_msgthread_pending_messages_out_buckets	leq	inf	14.0
1775131736.422000	zeek	gauge	zeek_msgthread_pending_messages_out_buckets	leq	10000	14.0
1775131736.422000	zeek	gauge	zeek_msgthread_pending_messages_out_buckets	leq	1000	14.0
1775131736.422000	zeek	gauge	zeek_msgthread_pending_messages_out_buckets	leq	100	14.0
1775131736.422000	zeek	gauge	zeek_msgthread_pending_messages_out_buckets	leq	10	14.0
1775131736.422000	zeek	gauge	zeek_msgthread_pending_messages_out_buckets	leq	1	14.0
1775131736.422000	zeek	gauge	zeek_broker_peers	(empty)	(empty)	0.0
1775131736.422000	zeek	gauge	zeek_broker_stores	(empty)	(empty)	1.0
1775131736.422000	zeek	gauge	zeek_broker_pending_queries	(empty)	(empty)	0.0
1775131736.422000	zeek	gauge	zeek_timers_lag_time_seconds	(empty)	(empty)	0.005123
1775131736.422000	zeek	gauge	zeek_timers_pending	type	LogDelayExpire	0.0
1775131736.422000	zeek	gauge	zeek_timers_pending	type	ThreadHeartbeat	1.0
1775131736.422000	zeek	gauge	zeek_timers_pending	type	TimerMgrExpireTimer	0.0
1775131736.422000	zeek	gauge	zeek_timers_pending	type	ParentProcessIDCheck	0.0
1775131736.422000	zeek	gauge	zeek_timers_pending	type	FragTimer	0.0
1775131736.422000	zeek	gauge	zeek_timers_pending	type	RotateTimer	0.0
1775131736.422000	zeek	gauge	zeek_timers_pending	type	FlowWeirdTimer	0.0
1775131736.422000	zeek	gauge	zeek_timers_pending	type	FileAnalysisInactivityTimer	0.0
1775131736.422000	zeek	gauge	zeek_timers_pending	type	StorageExpire	1.0
1775131736.422000	zeek	gauge	zeek_timers_pending	type	ConnectionInactivityTimer	5.0
1775131736.422000	zeek	gauge	zeek_timers_pending	type	TCPConnectionExpireTimer	5.0
1775131736.422000	zeek	gauge	zeek_timers_pending	type	ConnectionStatusUpdateTimer	0.0
1775131736.422000	zeek	gauge	zeek_timers_pending	type	LogFlushWriteBufferTimer	1.0
1775131736.422000	zeek	gauge	zeek_timers_pending	type	NetWeirdTimer	0.0
1775131736.422000	zeek	gauge	zeek_timers_pending	type	InterconnTimer	0.0
1775131736.422000	zeek	gauge	zeek_timers_pending	type	IPTunnelInactivityTimer	0.0
1775131736.422000	zeek	gauge	zeek_timers_pending	type	DNSExpireTimer	0.0
1775131736.422000	zeek	gauge	zeek_timers_pending	type	UnknownProtocolExpire	0.0
1775131736.422000	zeek	gauge	zeek_timers_pending	type	ProfileTimer	0.0
1775131736.422000	zeek	gauge	zeek_timers_pending	type	ConnectionExpireTimer	0.0
1775131736.422000	zeek	gauge	zeek_timers_pending	type	BreakpointTimer	0.0
1775131736.422000	zeek	gauge	zeek_timers_pending	type	BackdoorTimer	0.0
1775131736.422000	zeek	gauge	zeek_timers_pending	type	NetbiosExpireTimer	0.0
1775131736.422000	zeek	gauge	zeek_timers_pending	type	NetworkTimer	0.0
1775131736.422000	zeek	gauge	zeek_timers_pending	type	RemoveConnection	0.0
1775131736.422000	zeek	gauge	zeek_timers_pending	type	TCPConnectionResetTimer	0.0
1775131736.422000	zeek	gauge	zeek_timers_pending	type	ConnTupleWeirdTimer	0.0
1775131736.422000	zeek	gauge	zeek_timers_pending	type	TCPConnectionDeleteTimer	0.0
1775131736.422000	zeek	gauge	zeek_timers_pending	type	ScheduleTimer	6.0
1775131736.422000	zeek	gauge	zeek_timers_pending	type	NTPExpireTimer	0.0
1775131736.422000	zeek	gauge	zeek_timers_pending	type	RPCExpireTimer	0.0
1775131736.422000	zeek	gauge	zeek_timers_pending	type	ConnectionDeleteTimer	0.0
1775131736.422000	zeek	gauge	zeek_timers_pending	type	TriggerTimer	0.0
1775131736.422000	zeek	gauge	zeek_timers_pending	type	TableValTimer	34.0
1775131736.422000	zeek	gauge	zeek_timers_pending	type	TCPConnectionAttemptTimer	0.0
1775131736.422000	zeek	gauge	zeek_timers_pending	type	TCPConnectionPartialClose	0.0
1775131736.422000	zeek	gauge	zeek_dnsmgr_pending_asyncs_requests	(empty)	(empty)	0.0
1775131736.422000	zeek	gauge	zeek_dnsmgr_cache_entries	type	text	0.0
1775131736.422000	zeek	gauge	zeek_dnsmgr_cache_entries	type	address	0.0
1775131736.422000	zeek	gauge	zeek_dnsmgr_cache_entries	type	host	0.0
1775131736.422000	zeek	gauge	zeek_pending_triggers	(empty)	(empty)	0.0
1775131736.422000	zeek	gauge	zeek_active_sessions	protocol	icmp	0.0
1775131736.422000	zeek	gauge	zeek_active_sessions	protocol	udp	0.0
1775131736.422000	zeek	gauge	zeek_active_sessions	protocol	tcp	5.0
1775131736.422000	zeek	counter	process_cpu_user_seconds_total	(empty)	(empty)	12.14
1775131736.422000	zeek	counter	process_cpu_system_seconds_total	(empty)	(empty)	6.87
1775131736.422000	zeek	gauge	process_resident_memory_bytes	(empty)	(empty)	284286976.0
1775131736.422000	zeek	gauge	process_virtual_memory_bytes	(empty)	(empty)	2071871488.0
1775131736.422000	zeek	gauge	process_open_fds	(empty)	(empty)	64.0
1775131736.422000	zeek	gauge	process_start_time_seconds	(empty)	(empty)	1775131014.997737
1775131796.756255	zeek	counter	zeek_log_stream_writes_total	module,stream	Analyzer::Logging,Analyzer::Logging::LOG	1.0
1775131796.756255	zeek	counter	zeek_log_stream_writes_total	module,stream	PacketFilter,PacketFilter::LOG	1.0
1775131796.756255	zeek	counter	zeek_log_stream_writes_total	module,stream	MQTT,MQTT::CONNECT_LOG	234.0
1775131796.756255	zeek	counter	zeek_log_stream_writes_total	module,stream	LoadedScripts,LoadedScripts::LOG	538.0
1775131796.756255	zeek	counter	zeek_log_stream_writes_total	module,stream	Telemetry,Telemetry::LOG	2430.0
1775131796.756255	zeek	counter	zeek_log_stream_writes_total	module,stream	Stats,Stats::LOG	3.0
1775131796.756255	zeek	counter	zeek_log_stream_writes_total	module,stream	MQTT,MQTT::PUBLISH_LOG	45037.0
1775131796.756255	zeek	counter	zeek_log_stream_writes_total	module,stream	Weird,Weird::LOG	3.0
1775131796.756255	zeek	counter	zeek_log_stream_writes_total	module,stream	DNS,DNS::LOG	28.0
1775131796.756255	zeek	counter	zeek_log_stream_writes_total	module,stream	Known,Known::SERVICES_LOG	1.0
1775131796.756255	zeek	counter	zeek_log_stream_writes_total	module,stream	Known,Known::HOSTS_LOG	5.0
1775131796.756255	zeek	counter	zeek_log_stream_writes_total	module,stream	MQTT,MQTT::SUBSCRIBE_LOG	3.0
1775131796.756255	zeek	counter	zeek_log_stream_writes_total	module,stream	Conn,Conn::LOG	245.0
1775131796.756255	zeek	counter	zeek_log_stream_writes_total	module,stream	CaptureLoss,CaptureLoss::LOG	1.0
1775131796.756255	zeek	counter	zeek_log_writer_writes_total	filter_name,module,path,stream,writer	default,Analyzer::Logging,analyzer,Analyzer::Logging::LOG,Log::WRITER_ASCII	1.0
1775131796.756255	zeek	counter	zeek_log_writer_writes_total	filter_name,module,path,stream,writer	default,PacketFilter,packet_filter,PacketFilter::LOG,Log::WRITER_ASCII	1.0
1775131796.756255	zeek	counter	zeek_log_writer_writes_total	filter_name,module,path,stream,writer	default,LoadedScripts,loaded_scripts,LoadedScripts::LOG,Log::WRITER_ASCII	538.0
1775131796.756255	zeek	counter	zeek_log_writer_writes_total	filter_name,module,path,stream,writer	default,Telemetry,telemetry,Telemetry::LOG,Log::WRITER_ASCII	2430.0
1775131796.756255	zeek	counter	zeek_log_writer_writes_total	filter_name,module,path,stream,writer	default,Stats,stats,Stats::LOG,Log::WRITER_ASCII	3.0
1775131796.756255	zeek	counter	zeek_log_writer_writes_total	filter_name,module,path,stream,writer	default,Weird,weird,Weird::LOG,Log::WRITER_ASCII	3.0
1775131796.756255	zeek	counter	zeek_log_writer_writes_total	filter_name,module,path,stream,writer	default,DNS,dns,DNS::LOG,Log::WRITER_ASCII	28.0
1775131796.756255	zeek	counter	zeek_log_writer_writes_total	filter_name,module,path,stream,writer	default,MQTT,mqtt_publish,MQTT::PUBLISH_LOG,Log::WRITER_ASCII	45037.0
1775131796.756255	zeek	counter	zeek_log_writer_writes_total	filter_name,module,path,stream,writer	default,Known,known_hosts,Known::HOSTS_LOG,Log::WRITER_ASCII	5.0
1775131796.756255	zeek	counter	zeek_log_writer_writes_total	filter_name,module,path,stream,writer	default,MQTT,mqtt_connect,MQTT::CONNECT_LOG,Log::WRITER_ASCII	234.0
1775131796.756255	zeek	counter	zeek_log_writer_writes_total	filter_name,module,path,stream,writer	default,MQTT,mqtt_subscribe,MQTT::SUBSCRIBE_LOG,Log::WRITER_ASCII	3.0
1775131796.756255	zeek	counter	zeek_log_writer_writes_total	filter_name,module,path,stream,writer	default,Known,known_services,Known::SERVICES_LOG,Log::WRITER_ASCII	1.0
1775131796.756255	zeek	counter	zeek_log_writer_writes_total	filter_name,module,path,stream,writer	default,Conn,conn,Conn::LOG,Log::WRITER_ASCII	245.0
1775131796.756255	zeek	counter	zeek_log_writer_writes_total	filter_name,module,path,stream,writer	default,CaptureLoss,capture_loss,CaptureLoss::LOG,Log::WRITER_ASCII	1.0
1775131796.756255	zeek	counter	zeek_log_writer_discarded_writes_total	filter_name,module,path,stream,writer	default,Analyzer::Logging,analyzer,Analyzer::Logging::LOG,Log::WRITER_ASCII	0.0
1775131796.756255	zeek	counter	zeek_log_writer_discarded_writes_total	filter_name,module,path,stream,writer	default,PacketFilter,packet_filter,PacketFilter::LOG,Log::WRITER_ASCII	0.0
1775131796.756255	zeek	counter	zeek_log_writer_discarded_writes_total	filter_name,module,path,stream,writer	default,LoadedScripts,loaded_scripts,LoadedScripts::LOG,Log::WRITER_ASCII	0.0
1775131796.756255	zeek	counter	zeek_log_writer_discarded_writes_total	filter_name,module,path,stream,writer	default,Telemetry,telemetry,Telemetry::LOG,Log::WRITER_ASCII	0.0
1775131796.756255	zeek	counter	zeek_log_writer_discarded_writes_total	filter_name,module,path,stream,writer	default,Stats,stats,Stats::LOG,Log::WRITER_ASCII	0.0
1775131796.756255	zeek	counter	zeek_log_writer_discarded_writes_total	filter_name,module,path,stream,writer	default,Weird,weird,Weird::LOG,Log::WRITER_ASCII	0.0
1775131796.756255	zeek	counter	zeek_log_writer_discarded_writes_total	filter_name,module,path,stream,writer	default,DNS,dns,DNS::LOG,Log::WRITER_ASCII	0.0
1775131796.756255	zeek	counter	zeek_log_writer_discarded_writes_total	filter_name,module,path,stream,writer	default,MQTT,mqtt_publish,MQTT::PUBLISH_LOG,Log::WRITER_ASCII	0.0
1775131796.756255	zeek	counter	zeek_log_writer_discarded_writes_total	filter_name,module,path,stream,writer	default,Known,known_hosts,Known::HOSTS_LOG,Log::WRITER_ASCII	0.0
1775131796.756255	zeek	counter	zeek_log_writer_discarded_writes_total	filter_name,module,path,stream,writer	default,MQTT,mqtt_connect,MQTT::CONNECT_LOG,Log::WRITER_ASCII	0.0
1775131796.756255	zeek	counter	zeek_log_writer_discarded_writes_total	filter_name,module,path,stream,writer	default,MQTT,mqtt_subscribe,MQTT::SUBSCRIBE_LOG,Log::WRITER_ASCII	0.0
1775131796.756255	zeek	counter	zeek_log_writer_discarded_writes_total	filter_name,module,path,stream,writer	default,Known,known_services,Known::SERVICES_LOG,Log::WRITER_ASCII	0.0
1775131796.756255	zeek	counter	zeek_log_writer_discarded_writes_total	filter_name,module,path,stream,writer	default,Conn,conn,Conn::LOG,Log::WRITER_ASCII	0.0
1775131796.756255	zeek	counter	zeek_log_writer_discarded_writes_total	filter_name,module,path,stream,writer	default,CaptureLoss,capture_loss,CaptureLoss::LOG,Log::WRITER_ASCII	0.0
1775131796.756255	zeek	counter	zeek_log_writer_truncated_string_fields_total	filter_name,module,path,stream,writer	default,Analyzer::Logging,analyzer,Analyzer::Logging::LOG,Log::WRITER_ASCII	0.0
1775131796.756255	zeek	counter	zeek_log_writer_truncated_string_fields_total	filter_name,module,path,stream,writer	default,PacketFilter,packet_filter,PacketFilter::LOG,Log::WRITER_ASCII	0.0
1775131796.756255	zeek	counter	zeek_log_writer_truncated_string_fields_total	filter_name,module,path,stream,writer	default,LoadedScripts,loaded_scripts,LoadedScripts::LOG,Log::WRITER_ASCII	0.0
1775131796.756255	zeek	counter	zeek_log_writer_truncated_string_fields_total	filter_name,module,path,stream,writer	default,Telemetry,telemetry,Telemetry::LOG,Log::WRITER_ASCII	0.0
1775131796.756255	zeek	counter	zeek_log_writer_truncated_string_fields_total	filter_name,module,path,stream,writer	default,Stats,stats,Stats::LOG,Log::WRITER_ASCII	0.0
1775131796.756255	zeek	counter	zeek_log_writer_truncated_string_fields_total	filter_name,module,path,stream,writer	default,Weird,weird,Weird::LOG,Log::WRITER_ASCII	0.0
1775131796.756255	zeek	counter	zeek_log_writer_truncated_string_fields_total	filter_name,module,path,stream,writer	default,DNS,dns,DNS::LOG,Log::WRITER_ASCII	0.0
1775131796.756255	zeek	counter	zeek_log_writer_truncated_string_fields_total	filter_name,module,path,stream,writer	default,MQTT,mqtt_publish,MQTT::PUBLISH_LOG,Log::WRITER_ASCII	0.0
1775131796.756255	zeek	counter	zeek_log_writer_truncated_string_fields_total	filter_name,module,path,stream,writer	default,Known,known_hosts,Known::HOSTS_LOG,Log::WRITER_ASCII	0.0
1775131796.756255	zeek	counter	zeek_log_writer_truncated_string_fields_total	filter_name,module,path,stream,writer	default,MQTT,mqtt_connect,MQTT::CONNECT_LOG,Log::WRITER_ASCII	0.0
1775131796.756255	zeek	counter	zeek_log_writer_truncated_string_fields_total	filter_name,module,path,stream,writer	default,MQTT,mqtt_subscribe,MQTT::SUBSCRIBE_LOG,Log::WRITER_ASCII	0.0
1775131796.756255	zeek	counter	zeek_log_writer_truncated_string_fields_total	filter_name,module,path,stream,writer	default,Known,known_services,Known::SERVICES_LOG,Log::WRITER_ASCII	0.0
1775131796.756255	zeek	counter	zeek_log_writer_truncated_string_fields_total	filter_name,module,path,stream,writer	default,Conn,conn,Conn::LOG,Log::WRITER_ASCII	0.0
1775131796.756255	zeek	counter	zeek_log_writer_truncated_string_fields_total	filter_name,module,path,stream,writer	default,CaptureLoss,capture_loss,CaptureLoss::LOG,Log::WRITER_ASCII	0.0
1775131796.756255	zeek	counter	zeek_log_writer_truncated_containers_total	filter_name,module,path,stream,writer	default,Analyzer::Logging,analyzer,Analyzer::Logging::LOG,Log::WRITER_ASCII	0.0
1775131796.756255	zeek	counter	zeek_log_writer_truncated_containers_total	filter_name,module,path,stream,writer	default,PacketFilter,packet_filter,PacketFilter::LOG,Log::WRITER_ASCII	0.0
1775131796.756255	zeek	counter	zeek_log_writer_truncated_containers_total	filter_name,module,path,stream,writer	default,LoadedScripts,loaded_scripts,LoadedScripts::LOG,Log::WRITER_ASCII	0.0
1775131796.756255	zeek	counter	zeek_log_writer_truncated_containers_total	filter_name,module,path,stream,writer	default,Telemetry,telemetry,Telemetry::LOG,Log::WRITER_ASCII	0.0
1775131796.756255	zeek	counter	zeek_log_writer_truncated_containers_total	filter_name,module,path,stream,writer	default,Stats,stats,Stats::LOG,Log::WRITER_ASCII	0.0
1775131796.756255	zeek	counter	zeek_log_writer_truncated_containers_total	filter_name,module,path,stream,writer	default,Weird,weird,Weird::LOG,Log::WRITER_ASCII	0.0
1775131796.756255	zeek	counter	zeek_log_writer_truncated_containers_total	filter_name,module,path,stream,writer	default,DNS,dns,DNS::LOG,Log::WRITER_ASCII	0.0
1775131796.756255	zeek	counter	zeek_log_writer_truncated_containers_total	filter_name,module,path,stream,writer	default,MQTT,mqtt_publish,MQTT::PUBLISH_LOG,Log::WRITER_ASCII	0.0
1775131796.756255	zeek	counter	zeek_log_writer_truncated_containers_total	filter_name,module,path,stream,writer	default,Known,known_hosts,Known::HOSTS_LOG,Log::WRITER_ASCII	0.0
1775131796.756255	zeek	counter	zeek_log_writer_truncated_containers_total	filter_name,module,path,stream,writer	default,MQTT,mqtt_connect,MQTT::CONNECT_LOG,Log::WRITER_ASCII	0.0
1775131796.756255	zeek	counter	zeek_log_writer_truncated_containers_total	filter_name,module,path,stream,writer	default,MQTT,mqtt_subscribe,MQTT::SUBSCRIBE_LOG,Log::WRITER_ASCII	0.0
1775131796.756255	zeek	counter	zeek_log_writer_truncated_containers_total	filter_name,module,path,stream,writer	default,Known,known_services,Known::SERVICES_LOG,Log::WRITER_ASCII	0.0
1775131796.756255	zeek	counter	zeek_log_writer_truncated_containers_total	filter_name,module,path,stream,writer	default,Conn,conn,Conn::LOG,Log::WRITER_ASCII	0.0
1775131796.756255	zeek	counter	zeek_log_writer_truncated_containers_total	filter_name,module,path,stream,writer	default,CaptureLoss,capture_loss,CaptureLoss::LOG,Log::WRITER_ASCII	0.0
1775131796.756255	zeek	counter	zeek_net_received_bytes_total	(empty)	(empty)	18333884.0
1775131796.756255	zeek	counter	zeek_net_received_packets_total	(empty)	(empty)	94319.0
1775131796.756255	zeek	counter	zeek_net_dropped_packets_total	(empty)	(empty)	0.0
1775131796.756255	zeek	counter	zeek_net_link_packets_total	(empty)	(empty)	94323.0
1775131796.756255	zeek	counter	zeek_msgthread_threads_total	(empty)	(empty)	14.0
1775131796.756255	zeek	counter	zeek_msgthread_in_messages_total	(empty)	(empty)	909.0
1775131796.756255	zeek	counter	zeek_msgthread_out_messages_total	(empty)	(empty)	0.0
1775131796.756255	zeek	counter	zeek_cluster_core_outgoing_events_total	(empty)	(empty)	0.0
1775131796.756255	zeek	counter	zeek_cluster_core_incoming_events_total	(empty)	(empty)	0.0
1775131796.756255	zeek	counter	zeek_broker_incoming_events_total	(empty)	(empty)	0.0
1775131796.756255	zeek	counter	zeek_broker_outgoing_events_total	(empty)	(empty)	0.0
1775131796.756255	zeek	counter	zeek_broker_incoming_logs_total	(empty)	(empty)	0.0
1775131796.756255	zeek	counter	zeek_broker_outgoing_logs_total	(empty)	(empty)	0.0
1775131796.756255	zeek	counter	zeek_broker_incoming_ids_total	(empty)	(empty)	0.0
1775131796.756255	zeek	counter	zeek_broker_outgoing_ids_total	(empty)	(empty)	0.0
1775131796.756255	zeek	counter	zeek_timers_total	(empty)	(empty)	7137.0
1775131796.756255	zeek	counter	zeek_dnsmgr_requests_total	(empty)	(empty)	0.0
1775131796.756255	zeek	counter	zeek_dnsmgr_successful_requests_total	(empty)	(empty)	0.0
1775131796.756255	zeek	counter	zeek_dnsmgr_failed_requests_total	(empty)	(empty)	0.0
1775131796.756255	zeek	counter	zeek_triggers_total	(empty)	(empty)	0.0
1775131796.756255	zeek	counter	zeek_ended_sessions_total	reason	inactivity	5.0
1775131796.756255	zeek	counter	zeek_event_handler_invocations_total	name	content_gap	163.0
1775131796.756255	zeek	counter	zeek_event_handler_invocations_total	name	conn_weird	75.0
1775131796.756255	zeek	counter	zeek_event_handler_invocations_total	name	mqtt_puback	167.0
1775131796.756255	zeek	counter	zeek_event_handler_invocations_total	name	connection_state_remove	245.0
1775131796.756255	zeek	counter	zeek_event_handler_invocations_total	name	dns_message	35.0
1775131796.756255	zeek	counter	zeek_event_handler_invocations_total	name	service_info_commit	237.0
1775131796.756255	zeek	counter	zeek_event_handler_invocations_total	name	net_stats_update	3.0
1775131796.756255	zeek	counter	zeek_event_handler_invocations_total	name	analyzer_violation_info	1.0
1775131796.756255	zeek	counter	zeek_event_handler_invocations_total	name	CaptureLoss::take_measurement	2.0
1775131796.756255	zeek	counter	zeek_event_handler_invocations_total	name	dns_end	35.0
1775131796.756255	zeek	counter	zeek_event_handler_invocations_total	name	dns_PTR_reply	8.0
1775131796.756255	zeek	counter	zeek_event_handler_invocations_total	name	check_stats	3.0
1775131796.756255	zeek	counter	zeek_event_handler_invocations_total	name	new_connection	259.0
1775131796.756255	zeek	counter	zeek_event_handler_invocations_total	name	zeek_script_loaded	538.0
1775131796.756255	zeek	counter	zeek_event_handler_invocations_total	name	known_service_add	1.0
1775131796.756255	zeek	counter	zeek_event_handler_invocations_total	name	Broker::log_flush	773.0
1775131796.756255	zeek	counter	zeek_event_handler_invocations_total	name	SumStats::finish_epoch	3.0
1775131796.756255	zeek	counter	zeek_event_handler_invocations_total	name	mqtt_publish	45037.0
1775131796.756255	zeek	counter	zeek_event_handler_invocations_total	name	filter_change_tracking	4.0
1775131796.756255	zeek	counter	zeek_event_handler_invocations_total	name	NetControl::init	1.0
1775131796.756255	zeek	counter	zeek_event_handler_invocations_total	name	Telemetry::log	14.0
1775131796.756255	zeek	counter	zeek_event_handler_invocations_total	name	mqtt_suback	3.0
1775131796.756255	zeek	counter	zeek_event_handler_invocations_total	name	ChecksumOffloading::check	2.0
1775131796.756255	zeek	counter	zeek_event_handler_invocations_total	name	zeek_init	1.0
1775131796.756255	zeek	counter	zeek_event_handler_invocations_total	name	dns_request	54.0
1775131796.756255	zeek	counter	zeek_event_handler_invocations_total	name	mqtt_connack	234.0
1775131796.756255	zeek	counter	zeek_event_handler_invocations_total	name	dns_AAAA_reply	7.0
1775131796.756255	zeek	counter	zeek_event_handler_invocations_total	name	grab_vulnerable_versions	2.0
1775131796.756255	zeek	counter	zeek_event_handler_invocations_total	name	dns_A_reply	1.0
1775131796.756255	zeek	counter	zeek_event_handler_invocations_total	name	analyzer_failed	1.0
1775131796.756255	zeek	counter	zeek_event_handler_invocations_total	name	connection_flipped	1.0
1775131796.756255	zeek	counter	zeek_event_handler_invocations_total	name	analyzer_confirmation_info	254.0
1775131796.756255	zeek	counter	zeek_event_handler_invocations_total	name	connection_established	234.0
1775131796.756255	zeek	counter	zeek_event_handler_invocations_total	name	Known::host_found	468.0
1775131796.756255	zeek	counter	zeek_event_handler_invocations_total	name	mqtt_subscribe	3.0
1775131796.756255	zeek	counter	zeek_event_handler_invocations_total	name	known_host_add	5.0
1775131796.756255	zeek	counter	zeek_event_handler_invocations_total	name	mqtt_connect	234.0
1775131796.756255	zeek	counter	zeek_total_sessions_total	protocol	icmp	5.0
1775131796.756255	zeek	counter	zeek_total_sessions_total	protocol	udp	17.0
1775131796.756255	zeek	counter	zeek_total_sessions_total	protocol	tcp	237.0
1775131796.756255	zeek	gauge	zeek_version_info	beta,commit,debug,major,minor,patch,version_number,version_string	false,0,false,8,1,1,80101,8.1.1	1.0
1775131796.756255	zeek	gauge	zeek_net_packet_lag_seconds	(empty)	(empty)	0.00212
1775131796.756255	zeek	gauge	zeek_net_timestamp_seconds	(empty)	(empty)	1775131796.756255
1775131796.756255	zeek	gauge	zeek_msgthread_active_threads	(empty)	(empty)	14.0
1775131796.756255	zeek	gauge	zeek_msgthread_pending_in_messages	(empty)	(empty)	0.0
1775131796.756255	zeek	gauge	zeek_msgthread_pending_out_messages	(empty)	(empty)	0.0
1775131796.756255	zeek	gauge	zeek_msgthread_pending_messages_in_buckets	leq	inf	14.0
1775131796.756255	zeek	gauge	zeek_msgthread_pending_messages_in_buckets	leq	10000	14.0
1775131796.756255	zeek	gauge	zeek_msgthread_pending_messages_in_buckets	leq	1000	14.0
1775131796.756255	zeek	gauge	zeek_msgthread_pending_messages_in_buckets	leq	100	14.0
1775131796.756255	zeek	gauge	zeek_msgthread_pending_messages_in_buckets	leq	10	14.0
1775131796.756255	zeek	gauge	zeek_msgthread_pending_messages_in_buckets	leq	1	14.0
1775131796.756255	zeek	gauge	zeek_msgthread_pending_messages_out_buckets	leq	inf	14.0
1775131796.756255	zeek	gauge	zeek_msgthread_pending_messages_out_buckets	leq	10000	14.0
1775131796.756255	zeek	gauge	zeek_msgthread_pending_messages_out_buckets	leq	1000	14.0
1775131796.756255	zeek	gauge	zeek_msgthread_pending_messages_out_buckets	leq	100	14.0
1775131796.756255	zeek	gauge	zeek_msgthread_pending_messages_out_buckets	leq	10	14.0
1775131796.756255	zeek	gauge	zeek_msgthread_pending_messages_out_buckets	leq	1	14.0
1775131796.756255	zeek	gauge	zeek_broker_peers	(empty)	(empty)	0.0
1775131796.756255	zeek	gauge	zeek_broker_stores	(empty)	(empty)	1.0
1775131796.756255	zeek	gauge	zeek_broker_pending_queries	(empty)	(empty)	0.0
1775131796.756255	zeek	gauge	zeek_timers_lag_time_seconds	(empty)	(empty)	0.030275
1775131796.756255	zeek	gauge	zeek_timers_pending	type	LogDelayExpire	0.0
1775131796.756255	zeek	gauge	zeek_timers_pending	type	ThreadHeartbeat	1.0
1775131796.756255	zeek	gauge	zeek_timers_pending	type	TimerMgrExpireTimer	0.0
1775131796.756255	zeek	gauge	zeek_timers_pending	type	ParentProcessIDCheck	0.0
1775131796.756255	zeek	gauge	zeek_timers_pending	type	FragTimer	0.0
1775131796.756255	zeek	gauge	zeek_timers_pending	type	RotateTimer	0.0
1775131796.756255	zeek	gauge	zeek_timers_pending	type	FlowWeirdTimer	0.0
1775131796.756255	zeek	gauge	zeek_timers_pending	type	FileAnalysisInactivityTimer	0.0
1775131796.756255	zeek	gauge	zeek_timers_pending	type	StorageExpire	1.0
1775131796.756255	zeek	gauge	zeek_timers_pending	type	ConnectionInactivityTimer	14.0
1775131796.756255	zeek	gauge	zeek_timers_pending	type	TCPConnectionExpireTimer	6.0
1775131796.756255	zeek	gauge	zeek_timers_pending	type	ConnectionStatusUpdateTimer	0.0
1775131796.756255	zeek	gauge	zeek_timers_pending	type	LogFlushWriteBufferTimer	1.0
1775131796.756255	zeek	gauge	zeek_timers_pending	type	NetWeirdTimer	0.0
1775131796.756255	zeek	gauge	zeek_timers_pending	type	InterconnTimer	0.0
1775131796.756255	zeek	gauge	zeek_timers_pending	type	IPTunnelInactivityTimer	0.0
1775131796.756255	zeek	gauge	zeek_timers_pending	type	DNSExpireTimer	0.0
1775131796.756255	zeek	gauge	zeek_timers_pending	type	UnknownProtocolExpire	0.0
1775131796.756255	zeek	gauge	zeek_timers_pending	type	ProfileTimer	0.0
1775131796.756255	zeek	gauge	zeek_timers_pending	type	ConnectionExpireTimer	0.0
1775131796.756255	zeek	gauge	zeek_timers_pending	type	BreakpointTimer	0.0
1775131796.756255	zeek	gauge	zeek_timers_pending	type	BackdoorTimer	0.0
1775131796.756255	zeek	gauge	zeek_timers_pending	type	NetbiosExpireTimer	0.0
1775131796.756255	zeek	gauge	zeek_timers_pending	type	NetworkTimer	0.0
1775131796.756255	zeek	gauge	zeek_timers_pending	type	RemoveConnection	0.0
1775131796.756255	zeek	gauge	zeek_timers_pending	type	TCPConnectionResetTimer	0.0
1775131796.756255	zeek	gauge	zeek_timers_pending	type	ConnTupleWeirdTimer	0.0
1775131796.756255	zeek	gauge	zeek_timers_pending	type	TCPConnectionDeleteTimer	0.0
1775131796.756255	zeek	gauge	zeek_timers_pending	type	ScheduleTimer	6.0
1775131796.756255	zeek	gauge	zeek_timers_pending	type	NTPExpireTimer	0.0
1775131796.756255	zeek	gauge	zeek_timers_pending	type	RPCExpireTimer	0.0
1775131796.756255	zeek	gauge	zeek_timers_pending	type	ConnectionDeleteTimer	9.0
1775131796.756255	zeek	gauge	zeek_timers_pending	type	TriggerTimer	0.0
1775131796.756255	zeek	gauge	zeek_timers_pending	type	TableValTimer	34.0
1775131796.756255	zeek	gauge	zeek_timers_pending	type	TCPConnectionAttemptTimer	3.0
1775131796.756255	zeek	gauge	zeek_timers_pending	type	TCPConnectionPartialClose	0.0
1775131796.756255	zeek	gauge	zeek_dnsmgr_pending_asyncs_requests	(empty)	(empty)	0.0
1775131796.756255	zeek	gauge	zeek_dnsmgr_cache_entries	type	text	0.0
1775131796.756255	zeek	gauge	zeek_dnsmgr_cache_entries	type	address	0.0
1775131796.756255	zeek	gauge	zeek_dnsmgr_cache_entries	type	host	0.0
1775131796.756255	zeek	gauge	zeek_pending_triggers	(empty)	(empty)	0.0
1775131796.756255	zeek	gauge	zeek_active_sessions	protocol	icmp	0.0
1775131796.756255	zeek	gauge	zeek_active_sessions	protocol	udp	0.0
1775131796.756255	zeek	gauge	zeek_active_sessions	protocol	tcp	14.0
1775131796.756255	zeek	counter	process_cpu_user_seconds_total	(empty)	(empty)	12.7
1775131796.756255	zeek	counter	process_cpu_system_seconds_total	(empty)	(empty)	7.54
1775131796.756255	zeek	gauge	process_resident_memory_bytes	(empty)	(empty)	284286976.0
1775131796.756255	zeek	gauge	process_virtual_memory_bytes	(empty)	(empty)	2071871488.0
1775131796.756255	zeek	gauge	process_open_fds	(empty)	(empty)	64.0
1775131796.756255	zeek	gauge	process_start_time_seconds	(empty)	(empty)	1775131014.997737
1775131856.760677	zeek	counter	zeek_log_stream_writes_total	module,stream	Analyzer::Logging,Analyzer::Logging::LOG	1.0
1775131856.760677	zeek	counter	zeek_log_stream_writes_total	module,stream	PacketFilter,PacketFilter::LOG	1.0
1775131856.760677	zeek	counter	zeek_log_stream_writes_total	module,stream	MQTT,MQTT::CONNECT_LOG	349.0
1775131856.760677	zeek	counter	zeek_log_stream_writes_total	module,stream	LoadedScripts,LoadedScripts::LOG	538.0
1775131856.760677	zeek	counter	zeek_log_stream_writes_total	module,stream	Telemetry,Telemetry::LOG	2633.0
1775131856.760677	zeek	counter	zeek_log_stream_writes_total	module,stream	Stats,Stats::LOG	3.0
1775131856.760677	zeek	counter	zeek_log_stream_writes_total	module,stream	MQTT,MQTT::PUBLISH_LOG	45434.0
1775131856.760677	zeek	counter	zeek_log_stream_writes_total	module,stream	Weird,Weird::LOG	3.0
1775131856.760677	zeek	counter	zeek_log_stream_writes_total	module,stream	DNS,DNS::LOG	28.0
1775131856.760677	zeek	counter	zeek_log_stream_writes_total	module,stream	Known,Known::SERVICES_LOG	1.0
1775131856.760677	zeek	counter	zeek_log_stream_writes_total	module,stream	Known,Known::HOSTS_LOG	5.0
1775131856.760677	zeek	counter	zeek_log_stream_writes_total	module,stream	MQTT,MQTT::SUBSCRIBE_LOG	3.0
1775131856.760677	zeek	counter	zeek_log_stream_writes_total	module,stream	Conn,Conn::LOG	360.0
1775131856.760677	zeek	counter	zeek_log_stream_writes_total	module,stream	CaptureLoss,CaptureLoss::LOG	1.0
1775131856.760677	zeek	counter	zeek_log_writer_writes_total	filter_name,module,path,stream,writer	default,Analyzer::Logging,analyzer,Analyzer::Logging::LOG,Log::WRITER_ASCII	1.0
1775131856.760677	zeek	counter	zeek_log_writer_writes_total	filter_name,module,path,stream,writer	default,PacketFilter,packet_filter,PacketFilter::LOG,Log::WRITER_ASCII	1.0
1775131856.760677	zeek	counter	zeek_log_writer_writes_total	filter_name,module,path,stream,writer	default,LoadedScripts,loaded_scripts,LoadedScripts::LOG,Log::WRITER_ASCII	538.0
1775131856.760677	zeek	counter	zeek_log_writer_writes_total	filter_name,module,path,stream,writer	default,Telemetry,telemetry,Telemetry::LOG,Log::WRITER_ASCII	2633.0
1775131856.760677	zeek	counter	zeek_log_writer_writes_total	filter_name,module,path,stream,writer	default,Stats,stats,Stats::LOG,Log::WRITER_ASCII	3.0
1775131856.760677	zeek	counter	zeek_log_writer_writes_total	filter_name,module,path,stream,writer	default,Weird,weird,Weird::LOG,Log::WRITER_ASCII	3.0
1775131856.760677	zeek	counter	zeek_log_writer_writes_total	filter_name,module,path,stream,writer	default,DNS,dns,DNS::LOG,Log::WRITER_ASCII	28.0
1775131856.760677	zeek	counter	zeek_log_writer_writes_total	filter_name,module,path,stream,writer	default,MQTT,mqtt_publish,MQTT::PUBLISH_LOG,Log::WRITER_ASCII	45434.0
1775131856.760677	zeek	counter	zeek_log_writer_writes_total	filter_name,module,path,stream,writer	default,Known,known_hosts,Known::HOSTS_LOG,Log::WRITER_ASCII	5.0
1775131856.760677	zeek	counter	zeek_log_writer_writes_total	filter_name,module,path,stream,writer	default,MQTT,mqtt_connect,MQTT::CONNECT_LOG,Log::WRITER_ASCII	349.0
1775131856.760677	zeek	counter	zeek_log_writer_writes_total	filter_name,module,path,stream,writer	default,MQTT,mqtt_subscribe,MQTT::SUBSCRIBE_LOG,Log::WRITER_ASCII	3.0
1775131856.760677	zeek	counter	zeek_log_writer_writes_total	filter_name,module,path,stream,writer	default,Known,known_services,Known::SERVICES_LOG,Log::WRITER_ASCII	1.0
1775131856.760677	zeek	counter	zeek_log_writer_writes_total	filter_name,module,path,stream,writer	default,Conn,conn,Conn::LOG,Log::WRITER_ASCII	360.0
1775131856.760677	zeek	counter	zeek_log_writer_writes_total	filter_name,module,path,stream,writer	default,CaptureLoss,capture_loss,CaptureLoss::LOG,Log::WRITER_ASCII	1.0
1775131856.760677	zeek	counter	zeek_log_writer_discarded_writes_total	filter_name,module,path,stream,writer	default,Analyzer::Logging,analyzer,Analyzer::Logging::LOG,Log::WRITER_ASCII	0.0
1775131856.760677	zeek	counter	zeek_log_writer_discarded_writes_total	filter_name,module,path,stream,writer	default,PacketFilter,packet_filter,PacketFilter::LOG,Log::WRITER_ASCII	0.0
1775131856.760677	zeek	counter	zeek_log_writer_discarded_writes_total	filter_name,module,path,stream,writer	default,LoadedScripts,loaded_scripts,LoadedScripts::LOG,Log::WRITER_ASCII	0.0
1775131856.760677	zeek	counter	zeek_log_writer_discarded_writes_total	filter_name,module,path,stream,writer	default,Telemetry,telemetry,Telemetry::LOG,Log::WRITER_ASCII	0.0
1775131856.760677	zeek	counter	zeek_log_writer_discarded_writes_total	filter_name,module,path,stream,writer	default,Stats,stats,Stats::LOG,Log::WRITER_ASCII	0.0
1775131856.760677	zeek	counter	zeek_log_writer_discarded_writes_total	filter_name,module,path,stream,writer	default,Weird,weird,Weird::LOG,Log::WRITER_ASCII	0.0
1775131856.760677	zeek	counter	zeek_log_writer_discarded_writes_total	filter_name,module,path,stream,writer	default,DNS,dns,DNS::LOG,Log::WRITER_ASCII	0.0
1775131856.760677	zeek	counter	zeek_log_writer_discarded_writes_total	filter_name,module,path,stream,writer	default,MQTT,mqtt_publish,MQTT::PUBLISH_LOG,Log::WRITER_ASCII	0.0
1775131856.760677	zeek	counter	zeek_log_writer_discarded_writes_total	filter_name,module,path,stream,writer	default,Known,known_hosts,Known::HOSTS_LOG,Log::WRITER_ASCII	0.0
1775131856.760677	zeek	counter	zeek_log_writer_discarded_writes_total	filter_name,module,path,stream,writer	default,MQTT,mqtt_connect,MQTT::CONNECT_LOG,Log::WRITER_ASCII	0.0
1775131856.760677	zeek	counter	zeek_log_writer_discarded_writes_total	filter_name,module,path,stream,writer	default,MQTT,mqtt_subscribe,MQTT::SUBSCRIBE_LOG,Log::WRITER_ASCII	0.0
1775131856.760677	zeek	counter	zeek_log_writer_discarded_writes_total	filter_name,module,path,stream,writer	default,Known,known_services,Known::SERVICES_LOG,Log::WRITER_ASCII	0.0
1775131856.760677	zeek	counter	zeek_log_writer_discarded_writes_total	filter_name,module,path,stream,writer	default,Conn,conn,Conn::LOG,Log::WRITER_ASCII	0.0
1775131856.760677	zeek	counter	zeek_log_writer_discarded_writes_total	filter_name,module,path,stream,writer	default,CaptureLoss,capture_loss,CaptureLoss::LOG,Log::WRITER_ASCII	0.0
1775131856.760677	zeek	counter	zeek_log_writer_truncated_string_fields_total	filter_name,module,path,stream,writer	default,Analyzer::Logging,analyzer,Analyzer::Logging::LOG,Log::WRITER_ASCII	0.0
1775131856.760677	zeek	counter	zeek_log_writer_truncated_string_fields_total	filter_name,module,path,stream,writer	default,PacketFilter,packet_filter,PacketFilter::LOG,Log::WRITER_ASCII	0.0
1775131856.760677	zeek	counter	zeek_log_writer_truncated_string_fields_total	filter_name,module,path,stream,writer	default,LoadedScripts,loaded_scripts,LoadedScripts::LOG,Log::WRITER_ASCII	0.0
1775131856.760677	zeek	counter	zeek_log_writer_truncated_string_fields_total	filter_name,module,path,stream,writer	default,Telemetry,telemetry,Telemetry::LOG,Log::WRITER_ASCII	0.0
1775131856.760677	zeek	counter	zeek_log_writer_truncated_string_fields_total	filter_name,module,path,stream,writer	default,Stats,stats,Stats::LOG,Log::WRITER_ASCII	0.0
1775131856.760677	zeek	counter	zeek_log_writer_truncated_string_fields_total	filter_name,module,path,stream,writer	default,Weird,weird,Weird::LOG,Log::WRITER_ASCII	0.0
1775131856.760677	zeek	counter	zeek_log_writer_truncated_string_fields_total	filter_name,module,path,stream,writer	default,DNS,dns,DNS::LOG,Log::WRITER_ASCII	0.0
1775131856.760677	zeek	counter	zeek_log_writer_truncated_string_fields_total	filter_name,module,path,stream,writer	default,MQTT,mqtt_publish,MQTT::PUBLISH_LOG,Log::WRITER_ASCII	0.0
1775131856.760677	zeek	counter	zeek_log_writer_truncated_string_fields_total	filter_name,module,path,stream,writer	default,Known,known_hosts,Known::HOSTS_LOG,Log::WRITER_ASCII	0.0
1775131856.760677	zeek	counter	zeek_log_writer_truncated_string_fields_total	filter_name,module,path,stream,writer	default,MQTT,mqtt_connect,MQTT::CONNECT_LOG,Log::WRITER_ASCII	0.0
1775131856.760677	zeek	counter	zeek_log_writer_truncated_string_fields_total	filter_name,module,path,stream,writer	default,MQTT,mqtt_subscribe,MQTT::SUBSCRIBE_LOG,Log::WRITER_ASCII	0.0
1775131856.760677	zeek	counter	zeek_log_writer_truncated_string_fields_total	filter_name,module,path,stream,writer	default,Known,known_services,Known::SERVICES_LOG,Log::WRITER_ASCII	0.0
1775131856.760677	zeek	counter	zeek_log_writer_truncated_string_fields_total	filter_name,module,path,stream,writer	default,Conn,conn,Conn::LOG,Log::WRITER_ASCII	0.0
1775131856.760677	zeek	counter	zeek_log_writer_truncated_string_fields_total	filter_name,module,path,stream,writer	default,CaptureLoss,capture_loss,CaptureLoss::LOG,Log::WRITER_ASCII	0.0
1775131856.760677	zeek	counter	zeek_log_writer_truncated_containers_total	filter_name,module,path,stream,writer	default,Analyzer::Logging,analyzer,Analyzer::Logging::LOG,Log::WRITER_ASCII	0.0
1775131856.760677	zeek	counter	zeek_log_writer_truncated_containers_total	filter_name,module,path,stream,writer	default,PacketFilter,packet_filter,PacketFilter::LOG,Log::WRITER_ASCII	0.0
1775131856.760677	zeek	counter	zeek_log_writer_truncated_containers_total	filter_name,module,path,stream,writer	default,LoadedScripts,loaded_scripts,LoadedScripts::LOG,Log::WRITER_ASCII	0.0
1775131856.760677	zeek	counter	zeek_log_writer_truncated_containers_total	filter_name,module,path,stream,writer	default,Telemetry,telemetry,Telemetry::LOG,Log::WRITER_ASCII	0.0
1775131856.760677	zeek	counter	zeek_log_writer_truncated_containers_total	filter_name,module,path,stream,writer	default,Stats,stats,Stats::LOG,Log::WRITER_ASCII	0.0
1775131856.760677	zeek	counter	zeek_log_writer_truncated_containers_total	filter_name,module,path,stream,writer	default,Weird,weird,Weird::LOG,Log::WRITER_ASCII	0.0
1775131856.760677	zeek	counter	zeek_log_writer_truncated_containers_total	filter_name,module,path,stream,writer	default,DNS,dns,DNS::LOG,Log::WRITER_ASCII	0.0
1775131856.760677	zeek	counter	zeek_log_writer_truncated_containers_total	filter_name,module,path,stream,writer	default,MQTT,mqtt_publish,MQTT::PUBLISH_LOG,Log::WRITER_ASCII	0.0
1775131856.760677	zeek	counter	zeek_log_writer_truncated_containers_total	filter_name,module,path,stream,writer	default,Known,known_hosts,Known::HOSTS_LOG,Log::WRITER_ASCII	0.0
1775131856.760677	zeek	counter	zeek_log_writer_truncated_containers_total	filter_name,module,path,stream,writer	default,MQTT,mqtt_connect,MQTT::CONNECT_LOG,Log::WRITER_ASCII	0.0
1775131856.760677	zeek	counter	zeek_log_writer_truncated_containers_total	filter_name,module,path,stream,writer	default,MQTT,mqtt_subscribe,MQTT::SUBSCRIBE_LOG,Log::WRITER_ASCII	0.0
1775131856.760677	zeek	counter	zeek_log_writer_truncated_containers_total	filter_name,module,path,stream,writer	default,Known,known_services,Known::SERVICES_LOG,Log::WRITER_ASCII	0.0
1775131856.760677	zeek	counter	zeek_log_writer_truncated_containers_total	filter_name,module,path,stream,writer	default,Conn,conn,Conn::LOG,Log::WRITER_ASCII	0.0
1775131856.760677	zeek	counter	zeek_log_writer_truncated_containers_total	filter_name,module,path,stream,writer	default,CaptureLoss,capture_loss,CaptureLoss::LOG,Log::WRITER_ASCII	0.0
1775131856.760677	zeek	counter	zeek_net_received_bytes_total	(empty)	(empty)	18517613.0
1775131856.760677	zeek	counter	zeek_net_received_packets_total	(empty)	(empty)	96269.0
1775131856.760677	zeek	counter	zeek_net_dropped_packets_total	(empty)	(empty)	0.0
1775131856.760677	zeek	counter	zeek_net_link_packets_total	(empty)	(empty)	96270.0
1775131856.760677	zeek	counter	zeek_msgthread_threads_total	(empty)	(empty)	14.0
1775131856.760677	zeek	counter	zeek_msgthread_in_messages_total	(empty)	(empty)	1077.0
1775131856.760677	zeek	counter	zeek_msgthread_out_messages_total	(empty)	(empty)	0.0
1775131856.760677	zeek	counter	zeek_cluster_core_outgoing_events_total	(empty)	(empty)	0.0
1775131856.760677	zeek	counter	zeek_cluster_core_incoming_events_total	(empty)	(empty)	0.0
1775131856.760677	zeek	counter	zeek_broker_incoming_events_total	(empty)	(empty)	0.0
1775131856.760677	zeek	counter	zeek_broker_outgoing_events_total	(empty)	(empty)	0.0
1775131856.760677	zeek	counter	zeek_broker_incoming_logs_total	(empty)	(empty)	0.0
1775131856.760677	zeek	counter	zeek_broker_outgoing_logs_total	(empty)	(empty)	0.0
1775131856.760677	zeek	counter	zeek_broker_incoming_ids_total	(empty)	(empty)	0.0
1775131856.760677	zeek	counter	zeek_broker_outgoing_ids_total	(empty)	(empty)	0.0
1775131856.760677	zeek	counter	zeek_timers_total	(empty)	(empty)	8232.0
1775131856.760677	zeek	counter	zeek_dnsmgr_requests_total	(empty)	(empty)	0.0
1775131856.760677	zeek	counter	zeek_dnsmgr_successful_requests_total	(empty)	(empty)	0.0
1775131856.760677	zeek	counter	zeek_dnsmgr_failed_requests_total	(empty)	(empty)	0.0
1775131856.760677	zeek	counter	zeek_triggers_total	(empty)	(empty)	0.0
1775131856.760677	zeek	counter	zeek_ended_sessions_total	reason	inactivity	5.0
1775131856.760677	zeek	counter	zeek_event_handler_invocations_total	name	content_gap	163.0
1775131856.760677	zeek	counter	zeek_event_handler_invocations_total	name	conn_weird	75.0
1775131856.760677	zeek	counter	zeek_event_handler_invocations_total	name	mqtt_puback	167.0
1775131856.760677	zeek	counter	zeek_event_handler_invocations_total	name	connection_state_remove	360.0
1775131856.760677	zeek	counter	zeek_event_handler_invocations_total	name	dns_message	35.0
1775131856.760677	zeek	counter	zeek_event_handler_invocations_total	name	service_info_commit	352.0
1775131856.760677	zeek	counter	zeek_event_handler_invocations_total	name	net_stats_update	3.0
1775131856.760677	zeek	counter	zeek_event_handler_invocations_total	name	analyzer_violation_info	1.0
1775131856.760677	zeek	counter	zeek_event_handler_invocations_total	name	CaptureLoss::take_measurement	2.0
1775131856.760677	zeek	counter	zeek_event_handler_invocations_total	name	dns_end	35.0
1775131856.760677	zeek	counter	zeek_event_handler_invocations_total	name	dns_PTR_reply	8.0
1775131856.760677	zeek	counter	zeek_event_handler_invocations_total	name	check_stats	3.0
1775131856.760677	zeek	counter	zeek_event_handler_invocations_total	name	new_connection	374.0
1775131856.760677	zeek	counter	zeek_event_handler_invocations_total	name	zeek_script_loaded	538.0
1775131856.760677	zeek	counter	zeek_event_handler_invocations_total	name	known_service_add	1.0
1775131856.760677	zeek	counter	zeek_event_handler_invocations_total	name	Broker::log_flush	831.0
1775131856.760677	zeek	counter	zeek_event_handler_invocations_total	name	SumStats::finish_epoch	3.0
1775131856.760677	zeek	counter	zeek_event_handler_invocations_total	name	mqtt_publish	45434.0
1775131856.760677	zeek	counter	zeek_event_handler_invocations_total	name	filter_change_tracking	4.0
1775131856.760677	zeek	counter	zeek_event_handler_invocations_total	name	NetControl::init	1.0
1775131856.760677	zeek	counter	zeek_event_handler_invocations_total	name	Telemetry::log	15.0
1775131856.760677	zeek	counter	zeek_event_handler_invocations_total	name	mqtt_suback	3.0
1775131856.760677	zeek	counter	zeek_event_handler_invocations_total	name	ChecksumOffloading::check	2.0
1775131856.760677	zeek	counter	zeek_event_handler_invocations_total	name	zeek_init	1.0
1775131856.760677	zeek	counter	zeek_event_handler_invocations_total	name	dns_request	54.0
1775131856.760677	zeek	counter	zeek_event_handler_invocations_total	name	mqtt_connack	349.0
1775131856.760677	zeek	counter	zeek_event_handler_invocations_total	name	dns_AAAA_reply	7.0
1775131856.760677	zeek	counter	zeek_event_handler_invocations_total	name	grab_vulnerable_versions	2.0
1775131856.760677	zeek	counter	zeek_event_handler_invocations_total	name	dns_A_reply	1.0
1775131856.760677	zeek	counter	zeek_event_handler_invocations_total	name	analyzer_failed	1.0
1775131856.760677	zeek	counter	zeek_event_handler_invocations_total	name	connection_flipped	1.0
1775131856.760677	zeek	counter	zeek_event_handler_invocations_total	name	analyzer_confirmation_info	369.0
1775131856.760677	zeek	counter	zeek_event_handler_invocations_total	name	connection_established	349.0
1775131856.760677	zeek	counter	zeek_event_handler_invocations_total	name	Known::host_found	698.0
1775131856.760677	zeek	counter	zeek_event_handler_invocations_total	name	mqtt_subscribe	3.0
1775131856.760677	zeek	counter	zeek_event_handler_invocations_total	name	known_host_add	5.0
1775131856.760677	zeek	counter	zeek_event_handler_invocations_total	name	mqtt_connect	349.0
1775131856.760677	zeek	counter	zeek_total_sessions_total	protocol	icmp	5.0
1775131856.760677	zeek	counter	zeek_total_sessions_total	protocol	udp	17.0
1775131856.760677	zeek	counter	zeek_total_sessions_total	protocol	tcp	352.0
1775131856.760677	zeek	gauge	zeek_version_info	beta,commit,debug,major,minor,patch,version_number,version_string	false,0,false,8,1,1,80101,8.1.1	1.0
1775131856.760677	zeek	gauge	zeek_net_packet_lag_seconds	(empty)	(empty)	0.002442
1775131856.760677	zeek	gauge	zeek_net_timestamp_seconds	(empty)	(empty)	1775131856.760677
1775131856.760677	zeek	gauge	zeek_msgthread_active_threads	(empty)	(empty)	14.0
1775131856.760677	zeek	gauge	zeek_msgthread_pending_in_messages	(empty)	(empty)	0.0
1775131856.760677	zeek	gauge	zeek_msgthread_pending_out_messages	(empty)	(empty)	0.0
1775131856.760677	zeek	gauge	zeek_msgthread_pending_messages_in_buckets	leq	inf	14.0
1775131856.760677	zeek	gauge	zeek_msgthread_pending_messages_in_buckets	leq	10000	14.0
1775131856.760677	zeek	gauge	zeek_msgthread_pending_messages_in_buckets	leq	1000	14.0
1775131856.760677	zeek	gauge	zeek_msgthread_pending_messages_in_buckets	leq	100	14.0
1775131856.760677	zeek	gauge	zeek_msgthread_pending_messages_in_buckets	leq	10	14.0
1775131856.760677	zeek	gauge	zeek_msgthread_pending_messages_in_buckets	leq	1	14.0
1775131856.760677	zeek	gauge	zeek_msgthread_pending_messages_out_buckets	leq	inf	14.0
1775131856.760677	zeek	gauge	zeek_msgthread_pending_messages_out_buckets	leq	10000	14.0
1775131856.760677	zeek	gauge	zeek_msgthread_pending_messages_out_buckets	leq	1000	14.0
1775131856.760677	zeek	gauge	zeek_msgthread_pending_messages_out_buckets	leq	100	14.0
1775131856.760677	zeek	gauge	zeek_msgthread_pending_messages_out_buckets	leq	10	14.0
1775131856.760677	zeek	gauge	zeek_msgthread_pending_messages_out_buckets	leq	1	14.0
1775131856.760677	zeek	gauge	zeek_broker_peers	(empty)	(empty)	0.0
1775131856.760677	zeek	gauge	zeek_broker_stores	(empty)	(empty)	1.0
1775131856.760677	zeek	gauge	zeek_broker_pending_queries	(empty)	(empty)	0.0
1775131856.760677	zeek	gauge	zeek_timers_lag_time_seconds	(empty)	(empty)	0.004422
1775131856.760677	zeek	gauge	zeek_timers_pending	type	LogDelayExpire	0.0
1775131856.760677	zeek	gauge	zeek_timers_pending	type	ThreadHeartbeat	1.0
1775131856.760677	zeek	gauge	zeek_timers_pending	type	TimerMgrExpireTimer	0.0
1775131856.760677	zeek	gauge	zeek_timers_pending	type	ParentProcessIDCheck	0.0
1775131856.760677	zeek	gauge	zeek_timers_pending	type	FragTimer	0.0
1775131856.760677	zeek	gauge	zeek_timers_pending	type	RotateTimer	0.0
1775131856.760677	zeek	gauge	zeek_timers_pending	type	FlowWeirdTimer	0.0
1775131856.760677	zeek	gauge	zeek_timers_pending	type	FileAnalysisInactivityTimer	0.0
1775131856.760677	zeek	gauge	zeek_timers_pending	type	StorageExpire	1.0
1775131856.760677	zeek	gauge	zeek_timers_pending	type	ConnectionInactivityTimer	14.0
1775131856.760677	zeek	gauge	zeek_timers_pending	type	TCPConnectionExpireTimer	4.0
1775131856.760677	zeek	gauge	zeek_timers_pending	type	ConnectionStatusUpdateTimer	0.0
1775131856.760677	zeek	gauge	zeek_timers_pending	type	LogFlushWriteBufferTimer	1.0
1775131856.760677	zeek	gauge	zeek_timers_pending	type	NetWeirdTimer	0.0
1775131856.760677	zeek	gauge	zeek_timers_pending	type	InterconnTimer	0.0
1775131856.760677	zeek	gauge	zeek_timers_pending	type	IPTunnelInactivityTimer	0.0
1775131856.760677	zeek	gauge	zeek_timers_pending	type	DNSExpireTimer	0.0
1775131856.760677	zeek	gauge	zeek_timers_pending	type	UnknownProtocolExpire	0.0
1775131856.760677	zeek	gauge	zeek_timers_pending	type	ProfileTimer	0.0
1775131856.760677	zeek	gauge	zeek_timers_pending	type	ConnectionExpireTimer	0.0
1775131856.760677	zeek	gauge	zeek_timers_pending	type	BreakpointTimer	0.0
1775131856.760677	zeek	gauge	zeek_timers_pending	type	BackdoorTimer	0.0
1775131856.760677	zeek	gauge	zeek_timers_pending	type	NetbiosExpireTimer	0.0
1775131856.760677	zeek	gauge	zeek_timers_pending	type	NetworkTimer	0.0
1775131856.760677	zeek	gauge	zeek_timers_pending	type	RemoveConnection	0.0
1775131856.760677	zeek	gauge	zeek_timers_pending	type	TCPConnectionResetTimer	0.0
1775131856.760677	zeek	gauge	zeek_timers_pending	type	ConnTupleWeirdTimer	0.0
1775131856.760677	zeek	gauge	zeek_timers_pending	type	TCPConnectionDeleteTimer	0.0
1775131856.760677	zeek	gauge	zeek_timers_pending	type	ScheduleTimer	6.0
1775131856.760677	zeek	gauge	zeek_timers_pending	type	NTPExpireTimer	0.0
1775131856.760677	zeek	gauge	zeek_timers_pending	type	RPCExpireTimer	0.0
1775131856.760677	zeek	gauge	zeek_timers_pending	type	ConnectionDeleteTimer	10.0
1775131856.760677	zeek	gauge	zeek_timers_pending	type	TriggerTimer	0.0
1775131856.760677	zeek	gauge	zeek_timers_pending	type	TableValTimer	34.0
1775131856.760677	zeek	gauge	zeek_timers_pending	type	TCPConnectionAttemptTimer	2.0
1775131856.760677	zeek	gauge	zeek_timers_pending	type	TCPConnectionPartialClose	0.0
1775131856.760677	zeek	gauge	zeek_dnsmgr_pending_asyncs_requests	(empty)	(empty)	0.0
1775131856.760677	zeek	gauge	zeek_dnsmgr_cache_entries	type	text	0.0
1775131856.760677	zeek	gauge	zeek_dnsmgr_cache_entries	type	address	0.0
1775131856.760677	zeek	gauge	zeek_dnsmgr_cache_entries	type	host	0.0
1775131856.760677	zeek	gauge	zeek_pending_triggers	(empty)	(empty)	0.0
1775131856.760677	zeek	gauge	zeek_active_sessions	protocol	icmp	0.0
1775131856.760677	zeek	gauge	zeek_active_sessions	protocol	udp	0.0
1775131856.760677	zeek	gauge	zeek_active_sessions	protocol	tcp	14.0
1775131856.760677	zeek	counter	process_cpu_user_seconds_total	(empty)	(empty)	14.65
1775131856.760677	zeek	counter	process_cpu_system_seconds_total	(empty)	(empty)	9.78
1775131856.760677	zeek	gauge	process_resident_memory_bytes	(empty)	(empty)	284286976.0
1775131856.760677	zeek	gauge	process_virtual_memory_bytes	(empty)	(empty)	2071871488.0
1775131856.760677	zeek	gauge	process_open_fds	(empty)	(empty)	64.0
1775131856.760677	zeek	gauge	process_start_time_seconds	(empty)	(empty)	1775131014.997737
1775131916.764448	zeek	counter	zeek_log_stream_writes_total	module,stream	Analyzer::Logging,Analyzer::Logging::LOG	1.0
1775131916.764448	zeek	counter	zeek_log_stream_writes_total	module,stream	PacketFilter,PacketFilter::LOG	1.0
1775131916.764448	zeek	counter	zeek_log_stream_writes_total	module,stream	MQTT,MQTT::CONNECT_LOG	462.0
1775131916.764448	zeek	counter	zeek_log_stream_writes_total	module,stream	LoadedScripts,LoadedScripts::LOG	538.0
1775131916.764448	zeek	counter	zeek_log_stream_writes_total	module,stream	Telemetry,Telemetry::LOG	2836.0
1775131916.764448	zeek	counter	zeek_log_stream_writes_total	module,stream	Stats,Stats::LOG	4.0
1775131916.764448	zeek	counter	zeek_log_stream_writes_total	module,stream	MQTT,MQTT::PUBLISH_LOG	45839.0
1775131916.764448	zeek	counter	zeek_log_stream_writes_total	module,stream	Weird,Weird::LOG	3.0
1775131916.764448	zeek	counter	zeek_log_stream_writes_total	module,stream	DNS,DNS::LOG	28.0
1775131916.764448	zeek	counter	zeek_log_stream_writes_total	module,stream	Known,Known::SERVICES_LOG	1.0
1775131916.764448	zeek	counter	zeek_log_stream_writes_total	module,stream	Known,Known::HOSTS_LOG	5.0
1775131916.764448	zeek	counter	zeek_log_stream_writes_total	module,stream	MQTT,MQTT::SUBSCRIBE_LOG	3.0
1775131916.764448	zeek	counter	zeek_log_stream_writes_total	module,stream	Conn,Conn::LOG	474.0
1775131916.764448	zeek	counter	zeek_log_stream_writes_total	module,stream	CaptureLoss,CaptureLoss::LOG	1.0
1775131916.764448	zeek	counter	zeek_log_writer_writes_total	filter_name,module,path,stream,writer	default,Analyzer::Logging,analyzer,Analyzer::Logging::LOG,Log::WRITER_ASCII	1.0
1775131916.764448	zeek	counter	zeek_log_writer_writes_total	filter_name,module,path,stream,writer	default,PacketFilter,packet_filter,PacketFilter::LOG,Log::WRITER_ASCII	1.0
1775131916.764448	zeek	counter	zeek_log_writer_writes_total	filter_name,module,path,stream,writer	default,LoadedScripts,loaded_scripts,LoadedScripts::LOG,Log::WRITER_ASCII	538.0
1775131916.764448	zeek	counter	zeek_log_writer_writes_total	filter_name,module,path,stream,writer	default,Telemetry,telemetry,Telemetry::LOG,Log::WRITER_ASCII	2836.0
1775131916.764448	zeek	counter	zeek_log_writer_writes_total	filter_name,module,path,stream,writer	default,Stats,stats,Stats::LOG,Log::WRITER_ASCII	4.0
1775131916.764448	zeek	counter	zeek_log_writer_writes_total	filter_name,module,path,stream,writer	default,Weird,weird,Weird::LOG,Log::WRITER_ASCII	3.0
1775131916.764448	zeek	counter	zeek_log_writer_writes_total	filter_name,module,path,stream,writer	default,DNS,dns,DNS::LOG,Log::WRITER_ASCII	28.0
1775131916.764448	zeek	counter	zeek_log_writer_writes_total	filter_name,module,path,stream,writer	default,MQTT,mqtt_publish,MQTT::PUBLISH_LOG,Log::WRITER_ASCII	45839.0
1775131916.764448	zeek	counter	zeek_log_writer_writes_total	filter_name,module,path,stream,writer	default,Known,known_hosts,Known::HOSTS_LOG,Log::WRITER_ASCII	5.0
1775131916.764448	zeek	counter	zeek_log_writer_writes_total	filter_name,module,path,stream,writer	default,MQTT,mqtt_connect,MQTT::CONNECT_LOG,Log::WRITER_ASCII	462.0
1775131916.764448	zeek	counter	zeek_log_writer_writes_total	filter_name,module,path,stream,writer	default,MQTT,mqtt_subscribe,MQTT::SUBSCRIBE_LOG,Log::WRITER_ASCII	3.0
1775131916.764448	zeek	counter	zeek_log_writer_writes_total	filter_name,module,path,stream,writer	default,Known,known_services,Known::SERVICES_LOG,Log::WRITER_ASCII	1.0
1775131916.764448	zeek	counter	zeek_log_writer_writes_total	filter_name,module,path,stream,writer	default,Conn,conn,Conn::LOG,Log::WRITER_ASCII	474.0
1775131916.764448	zeek	counter	zeek_log_writer_writes_total	filter_name,module,path,stream,writer	default,CaptureLoss,capture_loss,CaptureLoss::LOG,Log::WRITER_ASCII	1.0
1775131916.764448	zeek	counter	zeek_log_writer_discarded_writes_total	filter_name,module,path,stream,writer	default,Analyzer::Logging,analyzer,Analyzer::Logging::LOG,Log::WRITER_ASCII	0.0
1775131916.764448	zeek	counter	zeek_log_writer_discarded_writes_total	filter_name,module,path,stream,writer	default,PacketFilter,packet_filter,PacketFilter::LOG,Log::WRITER_ASCII	0.0
1775131916.764448	zeek	counter	zeek_log_writer_discarded_writes_total	filter_name,module,path,stream,writer	default,LoadedScripts,loaded_scripts,LoadedScripts::LOG,Log::WRITER_ASCII	0.0
1775131916.764448	zeek	counter	zeek_log_writer_discarded_writes_total	filter_name,module,path,stream,writer	default,Telemetry,telemetry,Telemetry::LOG,Log::WRITER_ASCII	0.0
1775131916.764448	zeek	counter	zeek_log_writer_discarded_writes_total	filter_name,module,path,stream,writer	default,Stats,stats,Stats::LOG,Log::WRITER_ASCII	0.0
1775131916.764448	zeek	counter	zeek_log_writer_discarded_writes_total	filter_name,module,path,stream,writer	default,Weird,weird,Weird::LOG,Log::WRITER_ASCII	0.0
1775131916.764448	zeek	counter	zeek_log_writer_discarded_writes_total	filter_name,module,path,stream,writer	default,DNS,dns,DNS::LOG,Log::WRITER_ASCII	0.0
1775131916.764448	zeek	counter	zeek_log_writer_discarded_writes_total	filter_name,module,path,stream,writer	default,MQTT,mqtt_publish,MQTT::PUBLISH_LOG,Log::WRITER_ASCII	0.0
1775131916.764448	zeek	counter	zeek_log_writer_discarded_writes_total	filter_name,module,path,stream,writer	default,Known,known_hosts,Known::HOSTS_LOG,Log::WRITER_ASCII	0.0
1775131916.764448	zeek	counter	zeek_log_writer_discarded_writes_total	filter_name,module,path,stream,writer	default,MQTT,mqtt_connect,MQTT::CONNECT_LOG,Log::WRITER_ASCII	0.0
1775131916.764448	zeek	counter	zeek_log_writer_discarded_writes_total	filter_name,module,path,stream,writer	default,MQTT,mqtt_subscribe,MQTT::SUBSCRIBE_LOG,Log::WRITER_ASCII	0.0
1775131916.764448	zeek	counter	zeek_log_writer_discarded_writes_total	filter_name,module,path,stream,writer	default,Known,known_services,Known::SERVICES_LOG,Log::WRITER_ASCII	0.0
1775131916.764448	zeek	counter	zeek_log_writer_discarded_writes_total	filter_name,module,path,stream,writer	default,Conn,conn,Conn::LOG,Log::WRITER_ASCII	0.0
1775131916.764448	zeek	counter	zeek_log_writer_discarded_writes_total	filter_name,module,path,stream,writer	default,CaptureLoss,capture_loss,CaptureLoss::LOG,Log::WRITER_ASCII	0.0
1775131916.764448	zeek	counter	zeek_log_writer_truncated_string_fields_total	filter_name,module,path,stream,writer	default,Analyzer::Logging,analyzer,Analyzer::Logging::LOG,Log::WRITER_ASCII	0.0
1775131916.764448	zeek	counter	zeek_log_writer_truncated_string_fields_total	filter_name,module,path,stream,writer	default,PacketFilter,packet_filter,PacketFilter::LOG,Log::WRITER_ASCII	0.0
1775131916.764448	zeek	counter	zeek_log_writer_truncated_string_fields_total	filter_name,module,path,stream,writer	default,LoadedScripts,loaded_scripts,LoadedScripts::LOG,Log::WRITER_ASCII	0.0
1775131916.764448	zeek	counter	zeek_log_writer_truncated_string_fields_total	filter_name,module,path,stream,writer	default,Telemetry,telemetry,Telemetry::LOG,Log::WRITER_ASCII	0.0
1775131916.764448	zeek	counter	zeek_log_writer_truncated_string_fields_total	filter_name,module,path,stream,writer	default,Stats,stats,Stats::LOG,Log::WRITER_ASCII	0.0
1775131916.764448	zeek	counter	zeek_log_writer_truncated_string_fields_total	filter_name,module,path,stream,writer	default,Weird,weird,Weird::LOG,Log::WRITER_ASCII	0.0
1775131916.764448	zeek	counter	zeek_log_writer_truncated_string_fields_total	filter_name,module,path,stream,writer	default,DNS,dns,DNS::LOG,Log::WRITER_ASCII	0.0
1775131916.764448	zeek	counter	zeek_log_writer_truncated_string_fields_total	filter_name,module,path,stream,writer	default,MQTT,mqtt_publish,MQTT::PUBLISH_LOG,Log::WRITER_ASCII	0.0
1775131916.764448	zeek	counter	zeek_log_writer_truncated_string_fields_total	filter_name,module,path,stream,writer	default,Known,known_hosts,Known::HOSTS_LOG,Log::WRITER_ASCII	0.0
1775131916.764448	zeek	counter	zeek_log_writer_truncated_string_fields_total	filter_name,module,path,stream,writer	default,MQTT,mqtt_connect,MQTT::CONNECT_LOG,Log::WRITER_ASCII	0.0
1775131916.764448	zeek	counter	zeek_log_writer_truncated_string_fields_total	filter_name,module,path,stream,writer	default,MQTT,mqtt_subscribe,MQTT::SUBSCRIBE_LOG,Log::WRITER_ASCII	0.0
1775131916.764448	zeek	counter	zeek_log_writer_truncated_string_fields_total	filter_name,module,path,stream,writer	default,Known,known_services,Known::SERVICES_LOG,Log::WRITER_ASCII	0.0
1775131916.764448	zeek	counter	zeek_log_writer_truncated_string_fields_total	filter_name,module,path,stream,writer	default,Conn,conn,Conn::LOG,Log::WRITER_ASCII	0.0
1775131916.764448	zeek	counter	zeek_log_writer_truncated_string_fields_total	filter_name,module,path,stream,writer	default,CaptureLoss,capture_loss,CaptureLoss::LOG,Log::WRITER_ASCII	0.0
1775131916.764448	zeek	counter	zeek_log_writer_truncated_containers_total	filter_name,module,path,stream,writer	default,Analyzer::Logging,analyzer,Analyzer::Logging::LOG,Log::WRITER_ASCII	0.0
1775131916.764448	zeek	counter	zeek_log_writer_truncated_containers_total	filter_name,module,path,stream,writer	default,PacketFilter,packet_filter,PacketFilter::LOG,Log::WRITER_ASCII	0.0
1775131916.764448	zeek	counter	zeek_log_writer_truncated_containers_total	filter_name,module,path,stream,writer	default,LoadedScripts,loaded_scripts,LoadedScripts::LOG,Log::WRITER_ASCII	0.0
1775131916.764448	zeek	counter	zeek_log_writer_truncated_containers_total	filter_name,module,path,stream,writer	default,Telemetry,telemetry,Telemetry::LOG,Log::WRITER_ASCII	0.0
1775131916.764448	zeek	counter	zeek_log_writer_truncated_containers_total	filter_name,module,path,stream,writer	default,Stats,stats,Stats::LOG,Log::WRITER_ASCII	0.0
1775131916.764448	zeek	counter	zeek_log_writer_truncated_containers_total	filter_name,module,path,stream,writer	default,Weird,weird,Weird::LOG,Log::WRITER_ASCII	0.0
1775131916.764448	zeek	counter	zeek_log_writer_truncated_containers_total	filter_name,module,path,stream,writer	default,DNS,dns,DNS::LOG,Log::WRITER_ASCII	0.0
1775131916.764448	zeek	counter	zeek_log_writer_truncated_containers_total	filter_name,module,path,stream,writer	default,MQTT,mqtt_publish,MQTT::PUBLISH_LOG,Log::WRITER_ASCII	0.0
1775131916.764448	zeek	counter	zeek_log_writer_truncated_containers_total	filter_name,module,path,stream,writer	default,Known,known_hosts,Known::HOSTS_LOG,Log::WRITER_ASCII	0.0
1775131916.764448	zeek	counter	zeek_log_writer_truncated_containers_total	filter_name,module,path,stream,writer	default,MQTT,mqtt_connect,MQTT::CONNECT_LOG,Log::WRITER_ASCII	0.0
1775131916.764448	zeek	counter	zeek_log_writer_truncated_containers_total	filter_name,module,path,stream,writer	default,MQTT,mqtt_subscribe,MQTT::SUBSCRIBE_LOG,Log::WRITER_ASCII	0.0
1775131916.764448	zeek	counter	zeek_log_writer_truncated_containers_total	filter_name,module,path,stream,writer	default,Known,known_services,Known::SERVICES_LOG,Log::WRITER_ASCII	0.0
1775131916.764448	zeek	counter	zeek_log_writer_truncated_containers_total	filter_name,module,path,stream,writer	default,Conn,conn,Conn::LOG,Log::WRITER_ASCII	0.0
1775131916.764448	zeek	counter	zeek_log_writer_truncated_containers_total	filter_name,module,path,stream,writer	default,CaptureLoss,capture_loss,CaptureLoss::LOG,Log::WRITER_ASCII	0.0
1775131916.764448	zeek	counter	zeek_net_received_bytes_total	(empty)	(empty)	18701762.0
1775131916.764448	zeek	counter	zeek_net_received_packets_total	(empty)	(empty)	98214.0
1775131916.764448	zeek	counter	zeek_net_dropped_packets_total	(empty)	(empty)	0.0
1775131916.764448	zeek	counter	zeek_net_link_packets_total	(empty)	(empty)	98214.0
1775131916.764448	zeek	counter	zeek_msgthread_threads_total	(empty)	(empty)	14.0
1775131916.764448	zeek	counter	zeek_msgthread_in_messages_total	(empty)	(empty)	1250.0
1775131916.764448	zeek	counter	zeek_msgthread_out_messages_total	(empty)	(empty)	0.0
1775131916.764448	zeek	counter	zeek_cluster_core_outgoing_events_total	(empty)	(empty)	0.0
1775131916.764448	zeek	counter	zeek_cluster_core_incoming_events_total	(empty)	(empty)	0.0
1775131916.764448	zeek	counter	zeek_broker_incoming_events_total	(empty)	(empty)	0.0
1775131916.764448	zeek	counter	zeek_broker_outgoing_events_total	(empty)	(empty)	0.0
1775131916.764448	zeek	counter	zeek_broker_incoming_logs_total	(empty)	(empty)	0.0
1775131916.764448	zeek	counter	zeek_broker_outgoing_logs_total	(empty)	(empty)	0.0
1775131916.764448	zeek	counter	zeek_broker_incoming_ids_total	(empty)	(empty)	0.0
1775131916.764448	zeek	counter	zeek_broker_outgoing_ids_total	(empty)	(empty)	0.0
1775131916.764448	zeek	counter	zeek_timers_total	(empty)	(empty)	9317.0
1775131916.764448	zeek	counter	zeek_dnsmgr_requests_total	(empty)	(empty)	0.0
1775131916.764448	zeek	counter	zeek_dnsmgr_successful_requests_total	(empty)	(empty)	0.0
1775131916.764448	zeek	counter	zeek_dnsmgr_failed_requests_total	(empty)	(empty)	0.0
1775131916.764448	zeek	counter	zeek_triggers_total	(empty)	(empty)	0.0
1775131916.764448	zeek	counter	zeek_ended_sessions_total	reason	inactivity	5.0
1775131916.764448	zeek	counter	zeek_event_handler_invocations_total	name	content_gap	163.0
1775131916.764448	zeek	counter	zeek_event_handler_invocations_total	name	conn_weird	75.0
1775131916.764448	zeek	counter	zeek_event_handler_invocations_total	name	mqtt_puback	167.0
1775131916.764448	zeek	counter	zeek_event_handler_invocations_total	name	connection_state_remove	474.0
1775131916.764448	zeek	counter	zeek_event_handler_invocations_total	name	dns_message	35.0
1775131916.764448	zeek	counter	zeek_event_handler_invocations_total	name	service_info_commit	465.0
1775131916.764448	zeek	counter	zeek_event_handler_invocations_total	name	net_stats_update	4.0
1775131916.764448	zeek	counter	zeek_event_handler_invocations_total	name	analyzer_violation_info	1.0
1775131916.764448	zeek	counter	zeek_event_handler_invocations_total	name	CaptureLoss::take_measurement	2.0
1775131916.764448	zeek	counter	zeek_event_handler_invocations_total	name	dns_end	35.0
1775131916.764448	zeek	counter	zeek_event_handler_invocations_total	name	dns_PTR_reply	8.0
1775131916.764448	zeek	counter	zeek_event_handler_invocations_total	name	check_stats	4.0
1775131916.764448	zeek	counter	zeek_event_handler_invocations_total	name	new_connection	487.0
1775131916.764448	zeek	counter	zeek_event_handler_invocations_total	name	zeek_script_loaded	538.0
1775131916.764448	zeek	counter	zeek_event_handler_invocations_total	name	known_service_add	1.0
1775131916.764448	zeek	counter	zeek_event_handler_invocations_total	name	Broker::log_flush	890.0
1775131916.764448	zeek	counter	zeek_event_handler_invocations_total	name	SumStats::finish_epoch	3.0
1775131916.764448	zeek	counter	zeek_event_handler_invocations_total	name	mqtt_publish	45839.0
1775131916.764448	zeek	counter	zeek_event_handler_invocations_total	name	filter_change_tracking	5.0
1775131916.764448	zeek	counter	zeek_event_handler_invocations_total	name	NetControl::init	1.0
1775131916.764448	zeek	counter	zeek_event_handler_invocations_total	name	Telemetry::log	16.0
1775131916.764448	zeek	counter	zeek_event_handler_invocations_total	name	mqtt_suback	3.0
1775131916.764448	zeek	counter	zeek_event_handler_invocations_total	name	ChecksumOffloading::check	2.0
1775131916.764448	zeek	counter	zeek_event_handler_invocations_total	name	zeek_init	1.0
1775131916.764448	zeek	counter	zeek_event_handler_invocations_total	name	dns_request	54.0
1775131916.764448	zeek	counter	zeek_event_handler_invocations_total	name	mqtt_connack	462.0
1775131916.764448	zeek	counter	zeek_event_handler_invocations_total	name	dns_AAAA_reply	7.0
1775131916.764448	zeek	counter	zeek_event_handler_invocations_total	name	grab_vulnerable_versions	2.0
1775131916.764448	zeek	counter	zeek_event_handler_invocations_total	name	dns_A_reply	1.0
1775131916.764448	zeek	counter	zeek_event_handler_invocations_total	name	analyzer_failed	1.0
1775131916.764448	zeek	counter	zeek_event_handler_invocations_total	name	connection_flipped	1.0
1775131916.764448	zeek	counter	zeek_event_handler_invocations_total	name	analyzer_confirmation_info	482.0
1775131916.764448	zeek	counter	zeek_event_handler_invocations_total	name	connection_established	462.0
1775131916.764448	zeek	counter	zeek_event_handler_invocations_total	name	Known::host_found	924.0
1775131916.764448	zeek	counter	zeek_event_handler_invocations_total	name	mqtt_subscribe	3.0
1775131916.764448	zeek	counter	zeek_event_handler_invocations_total	name	known_host_add	5.0
1775131916.764448	zeek	counter	zeek_event_handler_invocations_total	name	mqtt_connect	462.0
1775131916.764448	zeek	counter	zeek_total_sessions_total	protocol	icmp	5.0
1775131916.764448	zeek	counter	zeek_total_sessions_total	protocol	udp	17.0
1775131916.764448	zeek	counter	zeek_total_sessions_total	protocol	tcp	465.0
1775131916.764448	zeek	gauge	zeek_version_info	beta,commit,debug,major,minor,patch,version_number,version_string	false,0,false,8,1,1,80101,8.1.1	1.0
1775131916.764448	zeek	gauge	zeek_net_packet_lag_seconds	(empty)	(empty)	0.000571
1775131916.764448	zeek	gauge	zeek_net_timestamp_seconds	(empty)	(empty)	1775131916.764448
1775131916.764448	zeek	gauge	zeek_msgthread_active_threads	(empty)	(empty)	14.0
1775131916.764448	zeek	gauge	zeek_msgthread_pending_in_messages	(empty)	(empty)	0.0
1775131916.764448	zeek	gauge	zeek_msgthread_pending_out_messages	(empty)	(empty)	0.0
1775131916.764448	zeek	gauge	zeek_msgthread_pending_messages_in_buckets	leq	inf	14.0
1775131916.764448	zeek	gauge	zeek_msgthread_pending_messages_in_buckets	leq	10000	14.0
1775131916.764448	zeek	gauge	zeek_msgthread_pending_messages_in_buckets	leq	1000	14.0
1775131916.764448	zeek	gauge	zeek_msgthread_pending_messages_in_buckets	leq	100	14.0
1775131916.764448	zeek	gauge	zeek_msgthread_pending_messages_in_buckets	leq	10	14.0
1775131916.764448	zeek	gauge	zeek_msgthread_pending_messages_in_buckets	leq	1	14.0
1775131916.764448	zeek	gauge	zeek_msgthread_pending_messages_out_buckets	leq	inf	14.0
1775131916.764448	zeek	gauge	zeek_msgthread_pending_messages_out_buckets	leq	10000	14.0
1775131916.764448	zeek	gauge	zeek_msgthread_pending_messages_out_buckets	leq	1000	14.0
1775131916.764448	zeek	gauge	zeek_msgthread_pending_messages_out_buckets	leq	100	14.0
1775131916.764448	zeek	gauge	zeek_msgthread_pending_messages_out_buckets	leq	10	14.0
1775131916.764448	zeek	gauge	zeek_msgthread_pending_messages_out_buckets	leq	1	14.0
1775131916.764448	zeek	gauge	zeek_broker_peers	(empty)	(empty)	0.0
1775131916.764448	zeek	gauge	zeek_broker_stores	(empty)	(empty)	1.0
1775131916.764448	zeek	gauge	zeek_broker_pending_queries	(empty)	(empty)	0.0
1775131916.764448	zeek	gauge	zeek_timers_lag_time_seconds	(empty)	(empty)	0.003771
1775131916.764448	zeek	gauge	zeek_timers_pending	type	LogDelayExpire	0.0
1775131916.764448	zeek	gauge	zeek_timers_pending	type	ThreadHeartbeat	1.0
1775131916.764448	zeek	gauge	zeek_timers_pending	type	TimerMgrExpireTimer	0.0
1775131916.764448	zeek	gauge	zeek_timers_pending	type	ParentProcessIDCheck	0.0
1775131916.764448	zeek	gauge	zeek_timers_pending	type	FragTimer	0.0
1775131916.764448	zeek	gauge	zeek_timers_pending	type	RotateTimer	0.0
1775131916.764448	zeek	gauge	zeek_timers_pending	type	FlowWeirdTimer	0.0
1775131916.764448	zeek	gauge	zeek_timers_pending	type	FileAnalysisInactivityTimer	0.0
1775131916.764448	zeek	gauge	zeek_timers_pending	type	StorageExpire	1.0
1775131916.764448	zeek	gauge	zeek_timers_pending	type	ConnectionInactivityTimer	13.0
1775131916.764448	zeek	gauge	zeek_timers_pending	type	TCPConnectionExpireTimer	4.0
1775131916.764448	zeek	gauge	zeek_timers_pending	type	ConnectionStatusUpdateTimer	0.0
1775131916.764448	zeek	gauge	zeek_timers_pending	type	LogFlushWriteBufferTimer	1.0
1775131916.764448	zeek	gauge	zeek_timers_pending	type	NetWeirdTimer	0.0
1775131916.764448	zeek	gauge	zeek_timers_pending	type	InterconnTimer	0.0
1775131916.764448	zeek	gauge	zeek_timers_pending	type	IPTunnelInactivityTimer	0.0
1775131916.764448	zeek	gauge	zeek_timers_pending	type	DNSExpireTimer	0.0
1775131916.764448	zeek	gauge	zeek_timers_pending	type	UnknownProtocolExpire	0.0
1775131916.764448	zeek	gauge	zeek_timers_pending	type	ProfileTimer	0.0
1775131916.764448	zeek	gauge	zeek_timers_pending	type	ConnectionExpireTimer	0.0
1775131916.764448	zeek	gauge	zeek_timers_pending	type	BreakpointTimer	0.0
1775131916.764448	zeek	gauge	zeek_timers_pending	type	BackdoorTimer	0.0
1775131916.764448	zeek	gauge	zeek_timers_pending	type	NetbiosExpireTimer	0.0
1775131916.764448	zeek	gauge	zeek_timers_pending	type	NetworkTimer	0.0
1775131916.764448	zeek	gauge	zeek_timers_pending	type	RemoveConnection	0.0
1775131916.764448	zeek	gauge	zeek_timers_pending	type	TCPConnectionResetTimer	0.0
1775131916.764448	zeek	gauge	zeek_timers_pending	type	ConnTupleWeirdTimer	0.0
1775131916.764448	zeek	gauge	zeek_timers_pending	type	TCPConnectionDeleteTimer	0.0
1775131916.764448	zeek	gauge	zeek_timers_pending	type	ScheduleTimer	6.0
1775131916.764448	zeek	gauge	zeek_timers_pending	type	NTPExpireTimer	0.0
1775131916.764448	zeek	gauge	zeek_timers_pending	type	RPCExpireTimer	0.0
1775131916.764448	zeek	gauge	zeek_timers_pending	type	ConnectionDeleteTimer	9.0
1775131916.764448	zeek	gauge	zeek_timers_pending	type	TriggerTimer	0.0
1775131916.764448	zeek	gauge	zeek_timers_pending	type	TableValTimer	34.0
1775131916.764448	zeek	gauge	zeek_timers_pending	type	TCPConnectionAttemptTimer	2.0
1775131916.764448	zeek	gauge	zeek_timers_pending	type	TCPConnectionPartialClose	0.0
1775131916.764448	zeek	gauge	zeek_dnsmgr_pending_asyncs_requests	(empty)	(empty)	0.0
1775131916.764448	zeek	gauge	zeek_dnsmgr_cache_entries	type	text	0.0
1775131916.764448	zeek	gauge	zeek_dnsmgr_cache_entries	type	address	0.0
1775131916.764448	zeek	gauge	zeek_dnsmgr_cache_entries	type	host	0.0
1775131916.764448	zeek	gauge	zeek_pending_triggers	(empty)	(empty)	0.0
1775131916.764448	zeek	gauge	zeek_active_sessions	protocol	icmp	0.0
1775131916.764448	zeek	gauge	zeek_active_sessions	protocol	udp	0.0
1775131916.764448	zeek	gauge	zeek_active_sessions	protocol	tcp	13.0
1775131916.764448	zeek	counter	process_cpu_user_seconds_total	(empty)	(empty)	16.97
1775131916.764448	zeek	counter	process_cpu_system_seconds_total	(empty)	(empty)	12.72
1775131916.764448	zeek	gauge	process_resident_memory_bytes	(empty)	(empty)	284286976.0
1775131916.764448	zeek	gauge	process_virtual_memory_bytes	(empty)	(empty)	2071871488.0
1775131916.764448	zeek	gauge	process_open_fds	(empty)	(empty)	64.0
1775131916.764448	zeek	gauge	process_start_time_seconds	(empty)	(empty)	1775131014.997737
1775131976.767888	zeek	counter	zeek_log_stream_writes_total	module,stream	Analyzer::Logging,Analyzer::Logging::LOG	1.0
1775131976.767888	zeek	counter	zeek_log_stream_writes_total	module,stream	PacketFilter,PacketFilter::LOG	1.0
1775131976.767888	zeek	counter	zeek_log_stream_writes_total	module,stream	MQTT,MQTT::CONNECT_LOG	575.0
1775131976.767888	zeek	counter	zeek_log_stream_writes_total	module,stream	LoadedScripts,LoadedScripts::LOG	538.0
1775131976.767888	zeek	counter	zeek_log_stream_writes_total	module,stream	Telemetry,Telemetry::LOG	3039.0
1775131976.767888	zeek	counter	zeek_log_stream_writes_total	module,stream	Stats,Stats::LOG	4.0
1775131976.767888	zeek	counter	zeek_log_stream_writes_total	module,stream	MQTT,MQTT::PUBLISH_LOG	46235.0
1775131976.767888	zeek	counter	zeek_log_stream_writes_total	module,stream	Weird,Weird::LOG	3.0
1775131976.767888	zeek	counter	zeek_log_stream_writes_total	module,stream	DNS,DNS::LOG	28.0
1775131976.767888	zeek	counter	zeek_log_stream_writes_total	module,stream	Known,Known::SERVICES_LOG	1.0
1775131976.767888	zeek	counter	zeek_log_stream_writes_total	module,stream	Known,Known::HOSTS_LOG	5.0
1775131976.767888	zeek	counter	zeek_log_stream_writes_total	module,stream	MQTT,MQTT::SUBSCRIBE_LOG	3.0
1775131976.767888	zeek	counter	zeek_log_stream_writes_total	module,stream	Conn,Conn::LOG	587.0
1775131976.767888	zeek	counter	zeek_log_stream_writes_total	module,stream	CaptureLoss,CaptureLoss::LOG	2.0
1775131976.767888	zeek	counter	zeek_log_writer_writes_total	filter_name,module,path,stream,writer	default,Analyzer::Logging,analyzer,Analyzer::Logging::LOG,Log::WRITER_ASCII	1.0
1775131976.767888	zeek	counter	zeek_log_writer_writes_total	filter_name,module,path,stream,writer	default,PacketFilter,packet_filter,PacketFilter::LOG,Log::WRITER_ASCII	1.0
1775131976.767888	zeek	counter	zeek_log_writer_writes_total	filter_name,module,path,stream,writer	default,LoadedScripts,loaded_scripts,LoadedScripts::LOG,Log::WRITER_ASCII	538.0
1775131976.767888	zeek	counter	zeek_log_writer_writes_total	filter_name,module,path,stream,writer	default,Telemetry,telemetry,Telemetry::LOG,Log::WRITER_ASCII	3039.0
1775131976.767888	zeek	counter	zeek_log_writer_writes_total	filter_name,module,path,stream,writer	default,Stats,stats,Stats::LOG,Log::WRITER_ASCII	4.0
1775131976.767888	zeek	counter	zeek_log_writer_writes_total	filter_name,module,path,stream,writer	default,Weird,weird,Weird::LOG,Log::WRITER_ASCII	3.0
1775131976.767888	zeek	counter	zeek_log_writer_writes_total	filter_name,module,path,stream,writer	default,DNS,dns,DNS::LOG,Log::WRITER_ASCII	28.0
1775131976.767888	zeek	counter	zeek_log_writer_writes_total	filter_name,module,path,stream,writer	default,MQTT,mqtt_publish,MQTT::PUBLISH_LOG,Log::WRITER_ASCII	46235.0
1775131976.767888	zeek	counter	zeek_log_writer_writes_total	filter_name,module,path,stream,writer	default,Known,known_hosts,Known::HOSTS_LOG,Log::WRITER_ASCII	5.0
1775131976.767888	zeek	counter	zeek_log_writer_writes_total	filter_name,module,path,stream,writer	default,MQTT,mqtt_connect,MQTT::CONNECT_LOG,Log::WRITER_ASCII	575.0
1775131976.767888	zeek	counter	zeek_log_writer_writes_total	filter_name,module,path,stream,writer	default,MQTT,mqtt_subscribe,MQTT::SUBSCRIBE_LOG,Log::WRITER_ASCII	3.0
1775131976.767888	zeek	counter	zeek_log_writer_writes_total	filter_name,module,path,stream,writer	default,Known,known_services,Known::SERVICES_LOG,Log::WRITER_ASCII	1.0
1775131976.767888	zeek	counter	zeek_log_writer_writes_total	filter_name,module,path,stream,writer	default,Conn,conn,Conn::LOG,Log::WRITER_ASCII	587.0
1775131976.767888	zeek	counter	zeek_log_writer_writes_total	filter_name,module,path,stream,writer	default,CaptureLoss,capture_loss,CaptureLoss::LOG,Log::WRITER_ASCII	2.0
1775131976.767888	zeek	counter	zeek_log_writer_discarded_writes_total	filter_name,module,path,stream,writer	default,Analyzer::Logging,analyzer,Analyzer::Logging::LOG,Log::WRITER_ASCII	0.0
1775131976.767888	zeek	counter	zeek_log_writer_discarded_writes_total	filter_name,module,path,stream,writer	default,PacketFilter,packet_filter,PacketFilter::LOG,Log::WRITER_ASCII	0.0
1775131976.767888	zeek	counter	zeek_log_writer_discarded_writes_total	filter_name,module,path,stream,writer	default,LoadedScripts,loaded_scripts,LoadedScripts::LOG,Log::WRITER_ASCII	0.0
1775131976.767888	zeek	counter	zeek_log_writer_discarded_writes_total	filter_name,module,path,stream,writer	default,Telemetry,telemetry,Telemetry::LOG,Log::WRITER_ASCII	0.0
1775131976.767888	zeek	counter	zeek_log_writer_discarded_writes_total	filter_name,module,path,stream,writer	default,Stats,stats,Stats::LOG,Log::WRITER_ASCII	0.0
1775131976.767888	zeek	counter	zeek_log_writer_discarded_writes_total	filter_name,module,path,stream,writer	default,Weird,weird,Weird::LOG,Log::WRITER_ASCII	0.0
1775131976.767888	zeek	counter	zeek_log_writer_discarded_writes_total	filter_name,module,path,stream,writer	default,DNS,dns,DNS::LOG,Log::WRITER_ASCII	0.0
1775131976.767888	zeek	counter	zeek_log_writer_discarded_writes_total	filter_name,module,path,stream,writer	default,MQTT,mqtt_publish,MQTT::PUBLISH_LOG,Log::WRITER_ASCII	0.0
1775131976.767888	zeek	counter	zeek_log_writer_discarded_writes_total	filter_name,module,path,stream,writer	default,Known,known_hosts,Known::HOSTS_LOG,Log::WRITER_ASCII	0.0
1775131976.767888	zeek	counter	zeek_log_writer_discarded_writes_total	filter_name,module,path,stream,writer	default,MQTT,mqtt_connect,MQTT::CONNECT_LOG,Log::WRITER_ASCII	0.0
1775131976.767888	zeek	counter	zeek_log_writer_discarded_writes_total	filter_name,module,path,stream,writer	default,MQTT,mqtt_subscribe,MQTT::SUBSCRIBE_LOG,Log::WRITER_ASCII	0.0
1775131976.767888	zeek	counter	zeek_log_writer_discarded_writes_total	filter_name,module,path,stream,writer	default,Known,known_services,Known::SERVICES_LOG,Log::WRITER_ASCII	0.0
1775131976.767888	zeek	counter	zeek_log_writer_discarded_writes_total	filter_name,module,path,stream,writer	default,Conn,conn,Conn::LOG,Log::WRITER_ASCII	0.0
1775131976.767888	zeek	counter	zeek_log_writer_discarded_writes_total	filter_name,module,path,stream,writer	default,CaptureLoss,capture_loss,CaptureLoss::LOG,Log::WRITER_ASCII	0.0
1775131976.767888	zeek	counter	zeek_log_writer_truncated_string_fields_total	filter_name,module,path,stream,writer	default,Analyzer::Logging,analyzer,Analyzer::Logging::LOG,Log::WRITER_ASCII	0.0
1775131976.767888	zeek	counter	zeek_log_writer_truncated_string_fields_total	filter_name,module,path,stream,writer	default,PacketFilter,packet_filter,PacketFilter::LOG,Log::WRITER_ASCII	0.0
1775131976.767888	zeek	counter	zeek_log_writer_truncated_string_fields_total	filter_name,module,path,stream,writer	default,LoadedScripts,loaded_scripts,LoadedScripts::LOG,Log::WRITER_ASCII	0.0
1775131976.767888	zeek	counter	zeek_log_writer_truncated_string_fields_total	filter_name,module,path,stream,writer	default,Telemetry,telemetry,Telemetry::LOG,Log::WRITER_ASCII	0.0
1775131976.767888	zeek	counter	zeek_log_writer_truncated_string_fields_total	filter_name,module,path,stream,writer	default,Stats,stats,Stats::LOG,Log::WRITER_ASCII	0.0
1775131976.767888	zeek	counter	zeek_log_writer_truncated_string_fields_total	filter_name,module,path,stream,writer	default,Weird,weird,Weird::LOG,Log::WRITER_ASCII	0.0
1775131976.767888	zeek	counter	zeek_log_writer_truncated_string_fields_total	filter_name,module,path,stream,writer	default,DNS,dns,DNS::LOG,Log::WRITER_ASCII	0.0
1775131976.767888	zeek	counter	zeek_log_writer_truncated_string_fields_total	filter_name,module,path,stream,writer	default,MQTT,mqtt_publish,MQTT::PUBLISH_LOG,Log::WRITER_ASCII	0.0
1775131976.767888	zeek	counter	zeek_log_writer_truncated_string_fields_total	filter_name,module,path,stream,writer	default,Known,known_hosts,Known::HOSTS_LOG,Log::WRITER_ASCII	0.0
1775131976.767888	zeek	counter	zeek_log_writer_truncated_string_fields_total	filter_name,module,path,stream,writer	default,MQTT,mqtt_connect,MQTT::CONNECT_LOG,Log::WRITER_ASCII	0.0
1775131976.767888	zeek	counter	zeek_log_writer_truncated_string_fields_total	filter_name,module,path,stream,writer	default,MQTT,mqtt_subscribe,MQTT::SUBSCRIBE_LOG,Log::WRITER_ASCII	0.0
1775131976.767888	zeek	counter	zeek_log_writer_truncated_string_fields_total	filter_name,module,path,stream,writer	default,Known,known_services,Known::SERVICES_LOG,Log::WRITER_ASCII	0.0
1775131976.767888	zeek	counter	zeek_log_writer_truncated_string_fields_total	filter_name,module,path,stream,writer	default,Conn,conn,Conn::LOG,Log::WRITER_ASCII	0.0
1775131976.767888	zeek	counter	zeek_log_writer_truncated_string_fields_total	filter_name,module,path,stream,writer	default,CaptureLoss,capture_loss,CaptureLoss::LOG,Log::WRITER_ASCII	0.0
1775131976.767888	zeek	counter	zeek_log_writer_truncated_containers_total	filter_name,module,path,stream,writer	default,Analyzer::Logging,analyzer,Analyzer::Logging::LOG,Log::WRITER_ASCII	0.0
1775131976.767888	zeek	counter	zeek_log_writer_truncated_containers_total	filter_name,module,path,stream,writer	default,PacketFilter,packet_filter,PacketFilter::LOG,Log::WRITER_ASCII	0.0
1775131976.767888	zeek	counter	zeek_log_writer_truncated_containers_total	filter_name,module,path,stream,writer	default,LoadedScripts,loaded_scripts,LoadedScripts::LOG,Log::WRITER_ASCII	0.0
1775131976.767888	zeek	counter	zeek_log_writer_truncated_containers_total	filter_name,module,path,stream,writer	default,Telemetry,telemetry,Telemetry::LOG,Log::WRITER_ASCII	0.0
1775131976.767888	zeek	counter	zeek_log_writer_truncated_containers_total	filter_name,module,path,stream,writer	default,Stats,stats,Stats::LOG,Log::WRITER_ASCII	0.0
1775131976.767888	zeek	counter	zeek_log_writer_truncated_containers_total	filter_name,module,path,stream,writer	default,Weird,weird,Weird::LOG,Log::WRITER_ASCII	0.0
1775131976.767888	zeek	counter	zeek_log_writer_truncated_containers_total	filter_name,module,path,stream,writer	default,DNS,dns,DNS::LOG,Log::WRITER_ASCII	0.0
1775131976.767888	zeek	counter	zeek_log_writer_truncated_containers_total	filter_name,module,path,stream,writer	default,MQTT,mqtt_publish,MQTT::PUBLISH_LOG,Log::WRITER_ASCII	0.0
1775131976.767888	zeek	counter	zeek_log_writer_truncated_containers_total	filter_name,module,path,stream,writer	default,Known,known_hosts,Known::HOSTS_LOG,Log::WRITER_ASCII	0.0
1775131976.767888	zeek	counter	zeek_log_writer_truncated_containers_total	filter_name,module,path,stream,writer	default,MQTT,mqtt_connect,MQTT::CONNECT_LOG,Log::WRITER_ASCII	0.0
1775131976.767888	zeek	counter	zeek_log_writer_truncated_containers_total	filter_name,module,path,stream,writer	default,MQTT,mqtt_subscribe,MQTT::SUBSCRIBE_LOG,Log::WRITER_ASCII	0.0
1775131976.767888	zeek	counter	zeek_log_writer_truncated_containers_total	filter_name,module,path,stream,writer	default,Known,known_services,Known::SERVICES_LOG,Log::WRITER_ASCII	0.0
1775131976.767888	zeek	counter	zeek_log_writer_truncated_containers_total	filter_name,module,path,stream,writer	default,Conn,conn,Conn::LOG,Log::WRITER_ASCII	0.0
1775131976.767888	zeek	counter	zeek_log_writer_truncated_containers_total	filter_name,module,path,stream,writer	default,CaptureLoss,capture_loss,CaptureLoss::LOG,Log::WRITER_ASCII	0.0
1775131976.767888	zeek	counter	zeek_net_received_bytes_total	(empty)	(empty)	18884193.0
1775131976.767888	zeek	counter	zeek_net_received_packets_total	(empty)	(empty)	100150.0
1775131976.767888	zeek	counter	zeek_net_dropped_packets_total	(empty)	(empty)	0.0
1775131976.767888	zeek	counter	zeek_net_link_packets_total	(empty)	(empty)	100150.0
1775131976.767888	zeek	counter	zeek_msgthread_threads_total	(empty)	(empty)	14.0
1775131976.767888	zeek	counter	zeek_msgthread_in_messages_total	(empty)	(empty)	1426.0
1775131976.767888	zeek	counter	zeek_msgthread_out_messages_total	(empty)	(empty)	0.0
1775131976.767888	zeek	counter	zeek_cluster_core_outgoing_events_total	(empty)	(empty)	0.0
1775131976.767888	zeek	counter	zeek_cluster_core_incoming_events_total	(empty)	(empty)	0.0
1775131976.767888	zeek	counter	zeek_broker_incoming_events_total	(empty)	(empty)	0.0
1775131976.767888	zeek	counter	zeek_broker_outgoing_events_total	(empty)	(empty)	0.0
1775131976.767888	zeek	counter	zeek_broker_incoming_logs_total	(empty)	(empty)	0.0
1775131976.767888	zeek	counter	zeek_broker_outgoing_logs_total	(empty)	(empty)	0.0
1775131976.767888	zeek	counter	zeek_broker_incoming_ids_total	(empty)	(empty)	0.0
1775131976.767888	zeek	counter	zeek_broker_outgoing_ids_total	(empty)	(empty)	0.0
1775131976.767888	zeek	counter	zeek_timers_total	(empty)	(empty)	10399.0
1775131976.767888	zeek	counter	zeek_dnsmgr_requests_total	(empty)	(empty)	0.0
1775131976.767888	zeek	counter	zeek_dnsmgr_successful_requests_total	(empty)	(empty)	0.0
1775131976.767888	zeek	counter	zeek_dnsmgr_failed_requests_total	(empty)	(empty)	0.0
1775131976.767888	zeek	counter	zeek_triggers_total	(empty)	(empty)	0.0
1775131976.767888	zeek	counter	zeek_ended_sessions_total	reason	inactivity	5.0
1775131976.767888	zeek	counter	zeek_event_handler_invocations_total	name	content_gap	163.0
1775131976.767888	zeek	counter	zeek_event_handler_invocations_total	name	conn_weird	75.0
1775131976.767888	zeek	counter	zeek_event_handler_invocations_total	name	mqtt_puback	167.0
1775131976.767888	zeek	counter	zeek_event_handler_invocations_total	name	connection_state_remove	587.0
1775131976.767888	zeek	counter	zeek_event_handler_invocations_total	name	dns_message	35.0
1775131976.767888	zeek	counter	zeek_event_handler_invocations_total	name	service_info_commit	578.0
1775131976.767888	zeek	counter	zeek_event_handler_invocations_total	name	net_stats_update	4.0
1775131976.767888	zeek	counter	zeek_event_handler_invocations_total	name	analyzer_violation_info	1.0
1775131976.767888	zeek	counter	zeek_event_handler_invocations_total	name	CaptureLoss::take_measurement	3.0
1775131976.767888	zeek	counter	zeek_event_handler_invocations_total	name	dns_end	35.0
1775131976.767888	zeek	counter	zeek_event_handler_invocations_total	name	dns_PTR_reply	8.0
1775131976.767888	zeek	counter	zeek_event_handler_invocations_total	name	check_stats	4.0
1775131976.767888	zeek	counter	zeek_event_handler_invocations_total	name	new_connection	600.0
1775131976.767888	zeek	counter	zeek_event_handler_invocations_total	name	zeek_script_loaded	538.0
1775131976.767888	zeek	counter	zeek_event_handler_invocations_total	name	known_service_add	1.0
1775131976.767888	zeek	counter	zeek_event_handler_invocations_total	name	Broker::log_flush	947.0
1775131976.767888	zeek	counter	zeek_event_handler_invocations_total	name	SumStats::finish_epoch	3.0
1775131976.767888	zeek	counter	zeek_event_handler_invocations_total	name	mqtt_publish	46235.0
1775131976.767888	zeek	counter	zeek_event_handler_invocations_total	name	filter_change_tracking	5.0
1775131976.767888	zeek	counter	zeek_event_handler_invocations_total	name	NetControl::init	1.0
1775131976.767888	zeek	counter	zeek_event_handler_invocations_total	name	Telemetry::log	17.0
1775131976.767888	zeek	counter	zeek_event_handler_invocations_total	name	mqtt_suback	3.0
1775131976.767888	zeek	counter	zeek_event_handler_invocations_total	name	ChecksumOffloading::check	2.0
1775131976.767888	zeek	counter	zeek_event_handler_invocations_total	name	zeek_init	1.0
1775131976.767888	zeek	counter	zeek_event_handler_invocations_total	name	dns_request	54.0
1775131976.767888	zeek	counter	zeek_event_handler_invocations_total	name	mqtt_connack	575.0
1775131976.767888	zeek	counter	zeek_event_handler_invocations_total	name	dns_AAAA_reply	7.0
1775131976.767888	zeek	counter	zeek_event_handler_invocations_total	name	grab_vulnerable_versions	2.0
1775131976.767888	zeek	counter	zeek_event_handler_invocations_total	name	dns_A_reply	1.0
1775131976.767888	zeek	counter	zeek_event_handler_invocations_total	name	analyzer_failed	1.0
1775131976.767888	zeek	counter	zeek_event_handler_invocations_total	name	connection_flipped	1.0
1775131976.767888	zeek	counter	zeek_event_handler_invocations_total	name	analyzer_confirmation_info	595.0
1775131976.767888	zeek	counter	zeek_event_handler_invocations_total	name	connection_established	575.0
1775131976.767888	zeek	counter	zeek_event_handler_invocations_total	name	Known::host_found	1150.0
1775131976.767888	zeek	counter	zeek_event_handler_invocations_total	name	mqtt_subscribe	3.0
1775131976.767888	zeek	counter	zeek_event_handler_invocations_total	name	known_host_add	5.0
1775131976.767888	zeek	counter	zeek_event_handler_invocations_total	name	mqtt_connect	575.0
1775131976.767888	zeek	counter	zeek_total_sessions_total	protocol	icmp	5.0
1775131976.767888	zeek	counter	zeek_total_sessions_total	protocol	udp	17.0
1775131976.767888	zeek	counter	zeek_total_sessions_total	protocol	tcp	578.0
1775131976.767888	zeek	gauge	zeek_version_info	beta,commit,debug,major,minor,patch,version_number,version_string	false,0,false,8,1,1,80101,8.1.1	1.0
1775131976.767888	zeek	gauge	zeek_net_packet_lag_seconds	(empty)	(empty)	0.00021
1775131976.767888	zeek	gauge	zeek_net_timestamp_seconds	(empty)	(empty)	1775131976.767888
1775131976.767888	zeek	gauge	zeek_msgthread_active_threads	(empty)	(empty)	14.0
1775131976.767888	zeek	gauge	zeek_msgthread_pending_in_messages	(empty)	(empty)	0.0
1775131976.767888	zeek	gauge	zeek_msgthread_pending_out_messages	(empty)	(empty)	0.0
1775131976.767888	zeek	gauge	zeek_msgthread_pending_messages_in_buckets	leq	inf	14.0
1775131976.767888	zeek	gauge	zeek_msgthread_pending_messages_in_buckets	leq	10000	14.0
1775131976.767888	zeek	gauge	zeek_msgthread_pending_messages_in_buckets	leq	1000	14.0
1775131976.767888	zeek	gauge	zeek_msgthread_pending_messages_in_buckets	leq	100	14.0
1775131976.767888	zeek	gauge	zeek_msgthread_pending_messages_in_buckets	leq	10	14.0
1775131976.767888	zeek	gauge	zeek_msgthread_pending_messages_in_buckets	leq	1	14.0
1775131976.767888	zeek	gauge	zeek_msgthread_pending_messages_out_buckets	leq	inf	14.0
1775131976.767888	zeek	gauge	zeek_msgthread_pending_messages_out_buckets	leq	10000	14.0
1775131976.767888	zeek	gauge	zeek_msgthread_pending_messages_out_buckets	leq	1000	14.0
1775131976.767888	zeek	gauge	zeek_msgthread_pending_messages_out_buckets	leq	100	14.0
1775131976.767888	zeek	gauge	zeek_msgthread_pending_messages_out_buckets	leq	10	14.0
1775131976.767888	zeek	gauge	zeek_msgthread_pending_messages_out_buckets	leq	1	14.0
1775131976.767888	zeek	gauge	zeek_broker_peers	(empty)	(empty)	0.0
1775131976.767888	zeek	gauge	zeek_broker_stores	(empty)	(empty)	1.0
1775131976.767888	zeek	gauge	zeek_broker_pending_queries	(empty)	(empty)	0.0
1775131976.767888	zeek	gauge	zeek_timers_lag_time_seconds	(empty)	(empty)	0.00344
1775131976.767888	zeek	gauge	zeek_timers_pending	type	LogDelayExpire	0.0
1775131976.767888	zeek	gauge	zeek_timers_pending	type	ThreadHeartbeat	1.0
1775131976.767888	zeek	gauge	zeek_timers_pending	type	TimerMgrExpireTimer	0.0
1775131976.767888	zeek	gauge	zeek_timers_pending	type	ParentProcessIDCheck	0.0
1775131976.767888	zeek	gauge	zeek_timers_pending	type	FragTimer	0.0
1775131976.767888	zeek	gauge	zeek_timers_pending	type	RotateTimer	0.0
1775131976.767888	zeek	gauge	zeek_timers_pending	type	FlowWeirdTimer	0.0
1775131976.767888	zeek	gauge	zeek_timers_pending	type	FileAnalysisInactivityTimer	0.0
1775131976.767888	zeek	gauge	zeek_timers_pending	type	StorageExpire	1.0
1775131976.767888	zeek	gauge	zeek_timers_pending	type	ConnectionInactivityTimer	13.0
1775131976.767888	zeek	gauge	zeek_timers_pending	type	TCPConnectionExpireTimer	4.0
1775131976.767888	zeek	gauge	zeek_timers_pending	type	ConnectionStatusUpdateTimer	0.0
1775131976.767888	zeek	gauge	zeek_timers_pending	type	LogFlushWriteBufferTimer	1.0
1775131976.767888	zeek	gauge	zeek_timers_pending	type	NetWeirdTimer	0.0
1775131976.767888	zeek	gauge	zeek_timers_pending	type	InterconnTimer	0.0
1775131976.767888	zeek	gauge	zeek_timers_pending	type	IPTunnelInactivityTimer	0.0
1775131976.767888	zeek	gauge	zeek_timers_pending	type	DNSExpireTimer	0.0
1775131976.767888	zeek	gauge	zeek_timers_pending	type	UnknownProtocolExpire	0.0
1775131976.767888	zeek	gauge	zeek_timers_pending	type	ProfileTimer	0.0
1775131976.767888	zeek	gauge	zeek_timers_pending	type	ConnectionExpireTimer	0.0
1775131976.767888	zeek	gauge	zeek_timers_pending	type	BreakpointTimer	0.0
1775131976.767888	zeek	gauge	zeek_timers_pending	type	BackdoorTimer	0.0
1775131976.767888	zeek	gauge	zeek_timers_pending	type	NetbiosExpireTimer	0.0
1775131976.767888	zeek	gauge	zeek_timers_pending	type	NetworkTimer	0.0
1775131976.767888	zeek	gauge	zeek_timers_pending	type	RemoveConnection	0.0
1775131976.767888	zeek	gauge	zeek_timers_pending	type	TCPConnectionResetTimer	0.0
1775131976.767888	zeek	gauge	zeek_timers_pending	type	ConnTupleWeirdTimer	0.0
1775131976.767888	zeek	gauge	zeek_timers_pending	type	TCPConnectionDeleteTimer	0.0
1775131976.767888	zeek	gauge	zeek_timers_pending	type	ScheduleTimer	6.0
1775131976.767888	zeek	gauge	zeek_timers_pending	type	NTPExpireTimer	0.0
1775131976.767888	zeek	gauge	zeek_timers_pending	type	RPCExpireTimer	0.0
1775131976.767888	zeek	gauge	zeek_timers_pending	type	ConnectionDeleteTimer	9.0
1775131976.767888	zeek	gauge	zeek_timers_pending	type	TriggerTimer	0.0
1775131976.767888	zeek	gauge	zeek_timers_pending	type	TableValTimer	34.0
1775131976.767888	zeek	gauge	zeek_timers_pending	type	TCPConnectionAttemptTimer	2.0
1775131976.767888	zeek	gauge	zeek_timers_pending	type	TCPConnectionPartialClose	0.0
1775131976.767888	zeek	gauge	zeek_dnsmgr_pending_asyncs_requests	(empty)	(empty)	0.0
1775131976.767888	zeek	gauge	zeek_dnsmgr_cache_entries	type	text	0.0
1775131976.767888	zeek	gauge	zeek_dnsmgr_cache_entries	type	address	0.0
1775131976.767888	zeek	gauge	zeek_dnsmgr_cache_entries	type	host	0.0
1775131976.767888	zeek	gauge	zeek_pending_triggers	(empty)	(empty)	0.0
1775131976.767888	zeek	gauge	zeek_active_sessions	protocol	icmp	0.0
1775131976.767888	zeek	gauge	zeek_active_sessions	protocol	udp	0.0
1775131976.767888	zeek	gauge	zeek_active_sessions	protocol	tcp	13.0
1775131976.767888	zeek	counter	process_cpu_user_seconds_total	(empty)	(empty)	19.49
1775131976.767888	zeek	counter	process_cpu_system_seconds_total	(empty)	(empty)	16.18
1775131976.767888	zeek	gauge	process_resident_memory_bytes	(empty)	(empty)	284286976.0
1775131976.767888	zeek	gauge	process_virtual_memory_bytes	(empty)	(empty)	2071871488.0
1775131976.767888	zeek	gauge	process_open_fds	(empty)	(empty)	64.0
1775131976.767888	zeek	gauge	process_start_time_seconds	(empty)	(empty)	1775131014.997737
1775132036.788107	zeek	counter	zeek_log_stream_writes_total	module,stream	Analyzer::Logging,Analyzer::Logging::LOG	1.0
1775132036.788107	zeek	counter	zeek_log_stream_writes_total	module,stream	PacketFilter,PacketFilter::LOG	1.0
1775132036.788107	zeek	counter	zeek_log_stream_writes_total	module,stream	MQTT,MQTT::CONNECT_LOG	691.0
1775132036.788107	zeek	counter	zeek_log_stream_writes_total	module,stream	LoadedScripts,LoadedScripts::LOG	538.0
1775132036.788107	zeek	counter	zeek_log_stream_writes_total	module,stream	Telemetry,Telemetry::LOG	3242.0
1775132036.788107	zeek	counter	zeek_log_stream_writes_total	module,stream	Stats,Stats::LOG	4.0
1775132036.788107	zeek	counter	zeek_log_stream_writes_total	module,stream	MQTT,MQTT::PUBLISH_LOG	46636.0
1775132036.788107	zeek	counter	zeek_log_stream_writes_total	module,stream	Weird,Weird::LOG	3.0
1775132036.788107	zeek	counter	zeek_log_stream_writes_total	module,stream	DNS,DNS::LOG	28.0
1775132036.788107	zeek	counter	zeek_log_stream_writes_total	module,stream	Known,Known::SERVICES_LOG	1.0
1775132036.788107	zeek	counter	zeek_log_stream_writes_total	module,stream	Known,Known::HOSTS_LOG	5.0
1775132036.788107	zeek	counter	zeek_log_stream_writes_total	module,stream	MQTT,MQTT::SUBSCRIBE_LOG	3.0
1775132036.788107	zeek	counter	zeek_log_stream_writes_total	module,stream	Conn,Conn::LOG	702.0
1775132036.788107	zeek	counter	zeek_log_stream_writes_total	module,stream	CaptureLoss,CaptureLoss::LOG	2.0
1775132036.788107	zeek	counter	zeek_log_writer_writes_total	filter_name,module,path,stream,writer	default,Analyzer::Logging,analyzer,Analyzer::Logging::LOG,Log::WRITER_ASCII	1.0
1775132036.788107	zeek	counter	zeek_log_writer_writes_total	filter_name,module,path,stream,writer	default,PacketFilter,packet_filter,PacketFilter::LOG,Log::WRITER_ASCII	1.0
1775132036.788107	zeek	counter	zeek_log_writer_writes_total	filter_name,module,path,stream,writer	default,LoadedScripts,loaded_scripts,LoadedScripts::LOG,Log::WRITER_ASCII	538.0
1775132036.788107	zeek	counter	zeek_log_writer_writes_total	filter_name,module,path,stream,writer	default,Telemetry,telemetry,Telemetry::LOG,Log::WRITER_ASCII	3242.0
1775132036.788107	zeek	counter	zeek_log_writer_writes_total	filter_name,module,path,stream,writer	default,Stats,stats,Stats::LOG,Log::WRITER_ASCII	4.0
1775132036.788107	zeek	counter	zeek_log_writer_writes_total	filter_name,module,path,stream,writer	default,Weird,weird,Weird::LOG,Log::WRITER_ASCII	3.0
1775132036.788107	zeek	counter	zeek_log_writer_writes_total	filter_name,module,path,stream,writer	default,DNS,dns,DNS::LOG,Log::WRITER_ASCII	28.0
1775132036.788107	zeek	counter	zeek_log_writer_writes_total	filter_name,module,path,stream,writer	default,MQTT,mqtt_publish,MQTT::PUBLISH_LOG,Log::WRITER_ASCII	46636.0
1775132036.788107	zeek	counter	zeek_log_writer_writes_total	filter_name,module,path,stream,writer	default,Known,known_hosts,Known::HOSTS_LOG,Log::WRITER_ASCII	5.0
1775132036.788107	zeek	counter	zeek_log_writer_writes_total	filter_name,module,path,stream,writer	default,MQTT,mqtt_connect,MQTT::CONNECT_LOG,Log::WRITER_ASCII	691.0
1775132036.788107	zeek	counter	zeek_log_writer_writes_total	filter_name,module,path,stream,writer	default,MQTT,mqtt_subscribe,MQTT::SUBSCRIBE_LOG,Log::WRITER_ASCII	3.0
1775132036.788107	zeek	counter	zeek_log_writer_writes_total	filter_name,module,path,stream,writer	default,Known,known_services,Known::SERVICES_LOG,Log::WRITER_ASCII	1.0
1775132036.788107	zeek	counter	zeek_log_writer_writes_total	filter_name,module,path,stream,writer	default,Conn,conn,Conn::LOG,Log::WRITER_ASCII	702.0
1775132036.788107	zeek	counter	zeek_log_writer_writes_total	filter_name,module,path,stream,writer	default,CaptureLoss,capture_loss,CaptureLoss::LOG,Log::WRITER_ASCII	2.0
1775132036.788107	zeek	counter	zeek_log_writer_discarded_writes_total	filter_name,module,path,stream,writer	default,Analyzer::Logging,analyzer,Analyzer::Logging::LOG,Log::WRITER_ASCII	0.0
1775132036.788107	zeek	counter	zeek_log_writer_discarded_writes_total	filter_name,module,path,stream,writer	default,PacketFilter,packet_filter,PacketFilter::LOG,Log::WRITER_ASCII	0.0
1775132036.788107	zeek	counter	zeek_log_writer_discarded_writes_total	filter_name,module,path,stream,writer	default,LoadedScripts,loaded_scripts,LoadedScripts::LOG,Log::WRITER_ASCII	0.0
1775132036.788107	zeek	counter	zeek_log_writer_discarded_writes_total	filter_name,module,path,stream,writer	default,Telemetry,telemetry,Telemetry::LOG,Log::WRITER_ASCII	0.0
1775132036.788107	zeek	counter	zeek_log_writer_discarded_writes_total	filter_name,module,path,stream,writer	default,Stats,stats,Stats::LOG,Log::WRITER_ASCII	0.0
1775132036.788107	zeek	counter	zeek_log_writer_discarded_writes_total	filter_name,module,path,stream,writer	default,Weird,weird,Weird::LOG,Log::WRITER_ASCII	0.0
1775132036.788107	zeek	counter	zeek_log_writer_discarded_writes_total	filter_name,module,path,stream,writer	default,DNS,dns,DNS::LOG,Log::WRITER_ASCII	0.0
1775132036.788107	zeek	counter	zeek_log_writer_discarded_writes_total	filter_name,module,path,stream,writer	default,MQTT,mqtt_publish,MQTT::PUBLISH_LOG,Log::WRITER_ASCII	0.0
1775132036.788107	zeek	counter	zeek_log_writer_discarded_writes_total	filter_name,module,path,stream,writer	default,Known,known_hosts,Known::HOSTS_LOG,Log::WRITER_ASCII	0.0
1775132036.788107	zeek	counter	zeek_log_writer_discarded_writes_total	filter_name,module,path,stream,writer	default,MQTT,mqtt_connect,MQTT::CONNECT_LOG,Log::WRITER_ASCII	0.0
1775132036.788107	zeek	counter	zeek_log_writer_discarded_writes_total	filter_name,module,path,stream,writer	default,MQTT,mqtt_subscribe,MQTT::SUBSCRIBE_LOG,Log::WRITER_ASCII	0.0
1775132036.788107	zeek	counter	zeek_log_writer_discarded_writes_total	filter_name,module,path,stream,writer	default,Known,known_services,Known::SERVICES_LOG,Log::WRITER_ASCII	0.0
1775132036.788107	zeek	counter	zeek_log_writer_discarded_writes_total	filter_name,module,path,stream,writer	default,Conn,conn,Conn::LOG,Log::WRITER_ASCII	0.0
1775132036.788107	zeek	counter	zeek_log_writer_discarded_writes_total	filter_name,module,path,stream,writer	default,CaptureLoss,capture_loss,CaptureLoss::LOG,Log::WRITER_ASCII	0.0
1775132036.788107	zeek	counter	zeek_log_writer_truncated_string_fields_total	filter_name,module,path,stream,writer	default,Analyzer::Logging,analyzer,Analyzer::Logging::LOG,Log::WRITER_ASCII	0.0
1775132036.788107	zeek	counter	zeek_log_writer_truncated_string_fields_total	filter_name,module,path,stream,writer	default,PacketFilter,packet_filter,PacketFilter::LOG,Log::WRITER_ASCII	0.0
1775132036.788107	zeek	counter	zeek_log_writer_truncated_string_fields_total	filter_name,module,path,stream,writer	default,LoadedScripts,loaded_scripts,LoadedScripts::LOG,Log::WRITER_ASCII	0.0
1775132036.788107	zeek	counter	zeek_log_writer_truncated_string_fields_total	filter_name,module,path,stream,writer	default,Telemetry,telemetry,Telemetry::LOG,Log::WRITER_ASCII	0.0
1775132036.788107	zeek	counter	zeek_log_writer_truncated_string_fields_total	filter_name,module,path,stream,writer	default,Stats,stats,Stats::LOG,Log::WRITER_ASCII	0.0
1775132036.788107	zeek	counter	zeek_log_writer_truncated_string_fields_total	filter_name,module,path,stream,writer	default,Weird,weird,Weird::LOG,Log::WRITER_ASCII	0.0
1775132036.788107	zeek	counter	zeek_log_writer_truncated_string_fields_total	filter_name,module,path,stream,writer	default,DNS,dns,DNS::LOG,Log::WRITER_ASCII	0.0
1775132036.788107	zeek	counter	zeek_log_writer_truncated_string_fields_total	filter_name,module,path,stream,writer	default,MQTT,mqtt_publish,MQTT::PUBLISH_LOG,Log::WRITER_ASCII	0.0
1775132036.788107	zeek	counter	zeek_log_writer_truncated_string_fields_total	filter_name,module,path,stream,writer	default,Known,known_hosts,Known::HOSTS_LOG,Log::WRITER_ASCII	0.0
1775132036.788107	zeek	counter	zeek_log_writer_truncated_string_fields_total	filter_name,module,path,stream,writer	default,MQTT,mqtt_connect,MQTT::CONNECT_LOG,Log::WRITER_ASCII	0.0
1775132036.788107	zeek	counter	zeek_log_writer_truncated_string_fields_total	filter_name,module,path,stream,writer	default,MQTT,mqtt_subscribe,MQTT::SUBSCRIBE_LOG,Log::WRITER_ASCII	0.0
1775132036.788107	zeek	counter	zeek_log_writer_truncated_string_fields_total	filter_name,module,path,stream,writer	default,Known,known_services,Known::SERVICES_LOG,Log::WRITER_ASCII	0.0
1775132036.788107	zeek	counter	zeek_log_writer_truncated_string_fields_total	filter_name,module,path,stream,writer	default,Conn,conn,Conn::LOG,Log::WRITER_ASCII	0.0
1775132036.788107	zeek	counter	zeek_log_writer_truncated_string_fields_total	filter_name,module,path,stream,writer	default,CaptureLoss,capture_loss,CaptureLoss::LOG,Log::WRITER_ASCII	0.0
1775132036.788107	zeek	counter	zeek_log_writer_truncated_containers_total	filter_name,module,path,stream,writer	default,Analyzer::Logging,analyzer,Analyzer::Logging::LOG,Log::WRITER_ASCII	0.0
1775132036.788107	zeek	counter	zeek_log_writer_truncated_containers_total	filter_name,module,path,stream,writer	default,PacketFilter,packet_filter,PacketFilter::LOG,Log::WRITER_ASCII	0.0
1775132036.788107	zeek	counter	zeek_log_writer_truncated_containers_total	filter_name,module,path,stream,writer	default,LoadedScripts,loaded_scripts,LoadedScripts::LOG,Log::WRITER_ASCII	0.0
1775132036.788107	zeek	counter	zeek_log_writer_truncated_containers_total	filter_name,module,path,stream,writer	default,Telemetry,telemetry,Telemetry::LOG,Log::WRITER_ASCII	0.0
1775132036.788107	zeek	counter	zeek_log_writer_truncated_containers_total	filter_name,module,path,stream,writer	default,Stats,stats,Stats::LOG,Log::WRITER_ASCII	0.0
1775132036.788107	zeek	counter	zeek_log_writer_truncated_containers_total	filter_name,module,path,stream,writer	default,Weird,weird,Weird::LOG,Log::WRITER_ASCII	0.0
1775132036.788107	zeek	counter	zeek_log_writer_truncated_containers_total	filter_name,module,path,stream,writer	default,DNS,dns,DNS::LOG,Log::WRITER_ASCII	0.0
1775132036.788107	zeek	counter	zeek_log_writer_truncated_containers_total	filter_name,module,path,stream,writer	default,MQTT,mqtt_publish,MQTT::PUBLISH_LOG,Log::WRITER_ASCII	0.0
1775132036.788107	zeek	counter	zeek_log_writer_truncated_containers_total	filter_name,module,path,stream,writer	default,Known,known_hosts,Known::HOSTS_LOG,Log::WRITER_ASCII	0.0
1775132036.788107	zeek	counter	zeek_log_writer_truncated_containers_total	filter_name,module,path,stream,writer	default,MQTT,mqtt_connect,MQTT::CONNECT_LOG,Log::WRITER_ASCII	0.0
1775132036.788107	zeek	counter	zeek_log_writer_truncated_containers_total	filter_name,module,path,stream,writer	default,MQTT,mqtt_subscribe,MQTT::SUBSCRIBE_LOG,Log::WRITER_ASCII	0.0
1775132036.788107	zeek	counter	zeek_log_writer_truncated_containers_total	filter_name,module,path,stream,writer	default,Known,known_services,Known::SERVICES_LOG,Log::WRITER_ASCII	0.0
1775132036.788107	zeek	counter	zeek_log_writer_truncated_containers_total	filter_name,module,path,stream,writer	default,Conn,conn,Conn::LOG,Log::WRITER_ASCII	0.0
1775132036.788107	zeek	counter	zeek_log_writer_truncated_containers_total	filter_name,module,path,stream,writer	default,CaptureLoss,capture_loss,CaptureLoss::LOG,Log::WRITER_ASCII	0.0
1775132036.788107	zeek	counter	zeek_net_received_bytes_total	(empty)	(empty)	19069278.0
1775132036.788107	zeek	counter	zeek_net_received_packets_total	(empty)	(empty)	102116.0
1775132036.788107	zeek	counter	zeek_net_dropped_packets_total	(empty)	(empty)	0.0
1775132036.788107	zeek	counter	zeek_net_link_packets_total	(empty)	(empty)	102116.0
1775132036.788107	zeek	counter	zeek_msgthread_threads_total	(empty)	(empty)	14.0
1775132036.788107	zeek	counter	zeek_msgthread_in_messages_total	(empty)	(empty)	1600.0
1775132036.788107	zeek	counter	zeek_msgthread_out_messages_total	(empty)	(empty)	0.0
1775132036.788107	zeek	counter	zeek_cluster_core_outgoing_events_total	(empty)	(empty)	0.0
1775132036.788107	zeek	counter	zeek_cluster_core_incoming_events_total	(empty)	(empty)	0.0
1775132036.788107	zeek	counter	zeek_broker_incoming_events_total	(empty)	(empty)	0.0
1775132036.788107	zeek	counter	zeek_broker_outgoing_events_total	(empty)	(empty)	0.0
1775132036.788107	zeek	counter	zeek_broker_incoming_logs_total	(empty)	(empty)	0.0
1775132036.788107	zeek	counter	zeek_broker_outgoing_logs_total	(empty)	(empty)	0.0
1775132036.788107	zeek	counter	zeek_broker_incoming_ids_total	(empty)	(empty)	0.0
1775132036.788107	zeek	counter	zeek_broker_outgoing_ids_total	(empty)	(empty)	0.0
1775132036.788107	zeek	counter	zeek_timers_total	(empty)	(empty)	11500.0
1775132036.788107	zeek	counter	zeek_dnsmgr_requests_total	(empty)	(empty)	0.0
1775132036.788107	zeek	counter	zeek_dnsmgr_successful_requests_total	(empty)	(empty)	0.0
1775132036.788107	zeek	counter	zeek_dnsmgr_failed_requests_total	(empty)	(empty)	0.0
1775132036.788107	zeek	counter	zeek_triggers_total	(empty)	(empty)	0.0
1775132036.788107	zeek	counter	zeek_ended_sessions_total	reason	inactivity	5.0
1775132036.788107	zeek	counter	zeek_event_handler_invocations_total	name	content_gap	163.0
1775132036.788107	zeek	counter	zeek_event_handler_invocations_total	name	conn_weird	75.0
1775132036.788107	zeek	counter	zeek_event_handler_invocations_total	name	mqtt_puback	167.0
1775132036.788107	zeek	counter	zeek_event_handler_invocations_total	name	connection_state_remove	702.0
1775132036.788107	zeek	counter	zeek_event_handler_invocations_total	name	dns_message	36.0
1775132036.788107	zeek	counter	zeek_event_handler_invocations_total	name	service_info_commit	694.0
1775132036.788107	zeek	counter	zeek_event_handler_invocations_total	name	net_stats_update	4.0
1775132036.788107	zeek	counter	zeek_event_handler_invocations_total	name	analyzer_violation_info	1.0
1775132036.788107	zeek	counter	zeek_event_handler_invocations_total	name	CaptureLoss::take_measurement	3.0
1775132036.788107	zeek	counter	zeek_event_handler_invocations_total	name	dns_end	36.0
1775132036.788107	zeek	counter	zeek_event_handler_invocations_total	name	dns_PTR_reply	8.0
1775132036.788107	zeek	counter	zeek_event_handler_invocations_total	name	check_stats	4.0
1775132036.788107	zeek	counter	zeek_event_handler_invocations_total	name	new_connection	717.0
1775132036.788107	zeek	counter	zeek_event_handler_invocations_total	name	zeek_script_loaded	538.0
1775132036.788107	zeek	counter	zeek_event_handler_invocations_total	name	known_service_add	1.0
1775132036.788107	zeek	counter	zeek_event_handler_invocations_total	name	Broker::log_flush	1006.0
1775132036.788107	zeek	counter	zeek_event_handler_invocations_total	name	SumStats::finish_epoch	3.0
1775132036.788107	zeek	counter	zeek_event_handler_invocations_total	name	mqtt_publish	46636.0
1775132036.788107	zeek	counter	zeek_event_handler_invocations_total	name	filter_change_tracking	5.0
1775132036.788107	zeek	counter	zeek_event_handler_invocations_total	name	NetControl::init	1.0
1775132036.788107	zeek	counter	zeek_event_handler_invocations_total	name	Telemetry::log	18.0
1775132036.788107	zeek	counter	zeek_event_handler_invocations_total	name	mqtt_suback	3.0
1775132036.788107	zeek	counter	zeek_event_handler_invocations_total	name	ChecksumOffloading::check	2.0
1775132036.788107	zeek	counter	zeek_event_handler_invocations_total	name	zeek_init	1.0
1775132036.788107	zeek	counter	zeek_event_handler_invocations_total	name	dns_request	56.0
1775132036.788107	zeek	counter	zeek_event_handler_invocations_total	name	mqtt_connack	691.0
1775132036.788107	zeek	counter	zeek_event_handler_invocations_total	name	dns_AAAA_reply	7.0
1775132036.788107	zeek	counter	zeek_event_handler_invocations_total	name	grab_vulnerable_versions	2.0
1775132036.788107	zeek	counter	zeek_event_handler_invocations_total	name	dns_A_reply	1.0
1775132036.788107	zeek	counter	zeek_event_handler_invocations_total	name	analyzer_failed	1.0
1775132036.788107	zeek	counter	zeek_event_handler_invocations_total	name	connection_flipped	1.0
1775132036.788107	zeek	counter	zeek_event_handler_invocations_total	name	analyzer_confirmation_info	712.0
1775132036.788107	zeek	counter	zeek_event_handler_invocations_total	name	connection_established	691.0
1775132036.788107	zeek	counter	zeek_event_handler_invocations_total	name	Known::host_found	1382.0
1775132036.788107	zeek	counter	zeek_event_handler_invocations_total	name	mqtt_subscribe	3.0
1775132036.788107	zeek	counter	zeek_event_handler_invocations_total	name	known_host_add	5.0
1775132036.788107	zeek	counter	zeek_event_handler_invocations_total	name	mqtt_connect	691.0
1775132036.788107	zeek	counter	zeek_total_sessions_total	protocol	icmp	5.0
1775132036.788107	zeek	counter	zeek_total_sessions_total	protocol	udp	18.0
1775132036.788107	zeek	counter	zeek_total_sessions_total	protocol	tcp	694.0
1775132036.788107	zeek	gauge	zeek_version_info	beta,commit,debug,major,minor,patch,version_number,version_string	false,0,false,8,1,1,80101,8.1.1	1.0
1775132036.788107	zeek	gauge	zeek_net_packet_lag_seconds	(empty)	(empty)	0.000664
1775132036.788107	zeek	gauge	zeek_net_timestamp_seconds	(empty)	(empty)	1775132036.788107
1775132036.788107	zeek	gauge	zeek_msgthread_active_threads	(empty)	(empty)	14.0
1775132036.788107	zeek	gauge	zeek_msgthread_pending_in_messages	(empty)	(empty)	0.0
1775132036.788107	zeek	gauge	zeek_msgthread_pending_out_messages	(empty)	(empty)	0.0
1775132036.788107	zeek	gauge	zeek_msgthread_pending_messages_in_buckets	leq	inf	14.0
1775132036.788107	zeek	gauge	zeek_msgthread_pending_messages_in_buckets	leq	10000	14.0
1775132036.788107	zeek	gauge	zeek_msgthread_pending_messages_in_buckets	leq	1000	14.0
1775132036.788107	zeek	gauge	zeek_msgthread_pending_messages_in_buckets	leq	100	14.0
1775132036.788107	zeek	gauge	zeek_msgthread_pending_messages_in_buckets	leq	10	14.0
1775132036.788107	zeek	gauge	zeek_msgthread_pending_messages_in_buckets	leq	1	14.0
1775132036.788107	zeek	gauge	zeek_msgthread_pending_messages_out_buckets	leq	inf	14.0
1775132036.788107	zeek	gauge	zeek_msgthread_pending_messages_out_buckets	leq	10000	14.0
1775132036.788107	zeek	gauge	zeek_msgthread_pending_messages_out_buckets	leq	1000	14.0
1775132036.788107	zeek	gauge	zeek_msgthread_pending_messages_out_buckets	leq	100	14.0
1775132036.788107	zeek	gauge	zeek_msgthread_pending_messages_out_buckets	leq	10	14.0
1775132036.788107	zeek	gauge	zeek_msgthread_pending_messages_out_buckets	leq	1	14.0
1775132036.788107	zeek	gauge	zeek_broker_peers	(empty)	(empty)	0.0
1775132036.788107	zeek	gauge	zeek_broker_stores	(empty)	(empty)	1.0
1775132036.788107	zeek	gauge	zeek_broker_pending_queries	(empty)	(empty)	0.0
1775132036.788107	zeek	gauge	zeek_timers_lag_time_seconds	(empty)	(empty)	0.020219
1775132036.788107	zeek	gauge	zeek_timers_pending	type	LogDelayExpire	0.0
1775132036.788107	zeek	gauge	zeek_timers_pending	type	ThreadHeartbeat	1.0
1775132036.788107	zeek	gauge	zeek_timers_pending	type	TimerMgrExpireTimer	0.0
1775132036.788107	zeek	gauge	zeek_timers_pending	type	ParentProcessIDCheck	0.0
1775132036.788107	zeek	gauge	zeek_timers_pending	type	FragTimer	0.0
1775132036.788107	zeek	gauge	zeek_timers_pending	type	RotateTimer	0.0
1775132036.788107	zeek	gauge	zeek_timers_pending	type	FlowWeirdTimer	0.0
1775132036.788107	zeek	gauge	zeek_timers_pending	type	FileAnalysisInactivityTimer	0.0
1775132036.788107	zeek	gauge	zeek_timers_pending	type	StorageExpire	1.0
1775132036.788107	zeek	gauge	zeek_timers_pending	type	ConnectionInactivityTimer	15.0
1775132036.788107	zeek	gauge	zeek_timers_pending	type	TCPConnectionExpireTimer	4.0
1775132036.788107	zeek	gauge	zeek_timers_pending	type	ConnectionStatusUpdateTimer	0.0
1775132036.788107	zeek	gauge	zeek_timers_pending	type	LogFlushWriteBufferTimer	1.0
1775132036.788107	zeek	gauge	zeek_timers_pending	type	NetWeirdTimer	0.0
1775132036.788107	zeek	gauge	zeek_timers_pending	type	InterconnTimer	0.0
1775132036.788107	zeek	gauge	zeek_timers_pending	type	IPTunnelInactivityTimer	0.0
1775132036.788107	zeek	gauge	zeek_timers_pending	type	DNSExpireTimer	1.0
1775132036.788107	zeek	gauge	zeek_timers_pending	type	UnknownProtocolExpire	0.0
1775132036.788107	zeek	gauge	zeek_timers_pending	type	ProfileTimer	0.0
1775132036.788107	zeek	gauge	zeek_timers_pending	type	ConnectionExpireTimer	0.0
1775132036.788107	zeek	gauge	zeek_timers_pending	type	BreakpointTimer	0.0
1775132036.788107	zeek	gauge	zeek_timers_pending	type	BackdoorTimer	0.0
1775132036.788107	zeek	gauge	zeek_timers_pending	type	NetbiosExpireTimer	0.0
1775132036.788107	zeek	gauge	zeek_timers_pending	type	NetworkTimer	0.0
1775132036.788107	zeek	gauge	zeek_timers_pending	type	RemoveConnection	0.0
1775132036.788107	zeek	gauge	zeek_timers_pending	type	TCPConnectionResetTimer	0.0
1775132036.788107	zeek	gauge	zeek_timers_pending	type	ConnTupleWeirdTimer	0.0
1775132036.788107	zeek	gauge	zeek_timers_pending	type	TCPConnectionDeleteTimer	0.0
1775132036.788107	zeek	gauge	zeek_timers_pending	type	ScheduleTimer	6.0
1775132036.788107	zeek	gauge	zeek_timers_pending	type	NTPExpireTimer	0.0
1775132036.788107	zeek	gauge	zeek_timers_pending	type	RPCExpireTimer	0.0
1775132036.788107	zeek	gauge	zeek_timers_pending	type	ConnectionDeleteTimer	10.0
1775132036.788107	zeek	gauge	zeek_timers_pending	type	TriggerTimer	0.0
1775132036.788107	zeek	gauge	zeek_timers_pending	type	TableValTimer	34.0
1775132036.788107	zeek	gauge	zeek_timers_pending	type	TCPConnectionAttemptTimer	2.0
1775132036.788107	zeek	gauge	zeek_timers_pending	type	TCPConnectionPartialClose	0.0
1775132036.788107	zeek	gauge	zeek_dnsmgr_pending_asyncs_requests	(empty)	(empty)	0.0
1775132036.788107	zeek	gauge	zeek_dnsmgr_cache_entries	type	text	0.0
1775132036.788107	zeek	gauge	zeek_dnsmgr_cache_entries	type	address	0.0
1775132036.788107	zeek	gauge	zeek_dnsmgr_cache_entries	type	host	0.0
1775132036.788107	zeek	gauge	zeek_pending_triggers	(empty)	(empty)	0.0
1775132036.788107	zeek	gauge	zeek_active_sessions	protocol	icmp	0.0
1775132036.788107	zeek	gauge	zeek_active_sessions	protocol	udp	1.0
1775132036.788107	zeek	gauge	zeek_active_sessions	protocol	tcp	14.0
1775132036.788107	zeek	counter	process_cpu_user_seconds_total	(empty)	(empty)	21.24
1775132036.788107	zeek	counter	process_cpu_system_seconds_total	(empty)	(empty)	18.78
1775132036.788107	zeek	gauge	process_resident_memory_bytes	(empty)	(empty)	284286976.0
1775132036.788107	zeek	gauge	process_virtual_memory_bytes	(empty)	(empty)	2071871488.0
1775132036.788107	zeek	gauge	process_open_fds	(empty)	(empty)	64.0
1775132036.788107	zeek	gauge	process_start_time_seconds	(empty)	(empty)	1775131014.997737
1775132096.792361	zeek	counter	zeek_log_stream_writes_total	module,stream	Analyzer::Logging,Analyzer::Logging::LOG	1.0
1775132096.792361	zeek	counter	zeek_log_stream_writes_total	module,stream	PacketFilter,PacketFilter::LOG	1.0
1775132096.792361	zeek	counter	zeek_log_stream_writes_total	module,stream	MQTT,MQTT::CONNECT_LOG	782.0
1775132096.792361	zeek	counter	zeek_log_stream_writes_total	module,stream	LoadedScripts,LoadedScripts::LOG	538.0
1775132096.792361	zeek	counter	zeek_log_stream_writes_total	module,stream	Telemetry,Telemetry::LOG	3445.0
1775132096.792361	zeek	counter	zeek_log_stream_writes_total	module,stream	Stats,Stats::LOG	4.0
1775132096.792361	zeek	counter	zeek_log_stream_writes_total	module,stream	MQTT,MQTT::PUBLISH_LOG	46939.0
1775132096.792361	zeek	counter	zeek_log_stream_writes_total	module,stream	Weird,Weird::LOG	3.0
1775132096.792361	zeek	counter	zeek_log_stream_writes_total	module,stream	DNS,DNS::LOG	31.0
1775132096.792361	zeek	counter	zeek_log_stream_writes_total	module,stream	Known,Known::SERVICES_LOG	1.0
1775132096.792361	zeek	counter	zeek_log_stream_writes_total	module,stream	Known,Known::HOSTS_LOG	5.0
1775132096.792361	zeek	counter	zeek_log_stream_writes_total	module,stream	MQTT,MQTT::SUBSCRIBE_LOG	3.0
1775132096.792361	zeek	counter	zeek_log_stream_writes_total	module,stream	Conn,Conn::LOG	807.0
1775132096.792361	zeek	counter	zeek_log_stream_writes_total	module,stream	CaptureLoss,CaptureLoss::LOG	2.0
1775132096.792361	zeek	counter	zeek_log_writer_writes_total	filter_name,module,path,stream,writer	default,Analyzer::Logging,analyzer,Analyzer::Logging::LOG,Log::WRITER_ASCII	1.0
1775132096.792361	zeek	counter	zeek_log_writer_writes_total	filter_name,module,path,stream,writer	default,PacketFilter,packet_filter,PacketFilter::LOG,Log::WRITER_ASCII	1.0
1775132096.792361	zeek	counter	zeek_log_writer_writes_total	filter_name,module,path,stream,writer	default,LoadedScripts,loaded_scripts,LoadedScripts::LOG,Log::WRITER_ASCII	538.0
1775132096.792361	zeek	counter	zeek_log_writer_writes_total	filter_name,module,path,stream,writer	default,Telemetry,telemetry,Telemetry::LOG,Log::WRITER_ASCII	3445.0
1775132096.792361	zeek	counter	zeek_log_writer_writes_total	filter_name,module,path,stream,writer	default,Stats,stats,Stats::LOG,Log::WRITER_ASCII	4.0
1775132096.792361	zeek	counter	zeek_log_writer_writes_total	filter_name,module,path,stream,writer	default,Weird,weird,Weird::LOG,Log::WRITER_ASCII	3.0
1775132096.792361	zeek	counter	zeek_log_writer_writes_total	filter_name,module,path,stream,writer	default,DNS,dns,DNS::LOG,Log::WRITER_ASCII	31.0
1775132096.792361	zeek	counter	zeek_log_writer_writes_total	filter_name,module,path,stream,writer	default,MQTT,mqtt_publish,MQTT::PUBLISH_LOG,Log::WRITER_ASCII	46939.0
1775132096.792361	zeek	counter	zeek_log_writer_writes_total	filter_name,module,path,stream,writer	default,Known,known_hosts,Known::HOSTS_LOG,Log::WRITER_ASCII	5.0
1775132096.792361	zeek	counter	zeek_log_writer_writes_total	filter_name,module,path,stream,writer	default,MQTT,mqtt_connect,MQTT::CONNECT_LOG,Log::WRITER_ASCII	782.0
1775132096.792361	zeek	counter	zeek_log_writer_writes_total	filter_name,module,path,stream,writer	default,MQTT,mqtt_subscribe,MQTT::SUBSCRIBE_LOG,Log::WRITER_ASCII	3.0
1775132096.792361	zeek	counter	zeek_log_writer_writes_total	filter_name,module,path,stream,writer	default,Known,known_services,Known::SERVICES_LOG,Log::WRITER_ASCII	1.0
1775132096.792361	zeek	counter	zeek_log_writer_writes_total	filter_name,module,path,stream,writer	default,Conn,conn,Conn::LOG,Log::WRITER_ASCII	807.0
1775132096.792361	zeek	counter	zeek_log_writer_writes_total	filter_name,module,path,stream,writer	default,CaptureLoss,capture_loss,CaptureLoss::LOG,Log::WRITER_ASCII	2.0
1775132096.792361	zeek	counter	zeek_log_writer_discarded_writes_total	filter_name,module,path,stream,writer	default,Analyzer::Logging,analyzer,Analyzer::Logging::LOG,Log::WRITER_ASCII	0.0
1775132096.792361	zeek	counter	zeek_log_writer_discarded_writes_total	filter_name,module,path,stream,writer	default,PacketFilter,packet_filter,PacketFilter::LOG,Log::WRITER_ASCII	0.0
1775132096.792361	zeek	counter	zeek_log_writer_discarded_writes_total	filter_name,module,path,stream,writer	default,LoadedScripts,loaded_scripts,LoadedScripts::LOG,Log::WRITER_ASCII	0.0
1775132096.792361	zeek	counter	zeek_log_writer_discarded_writes_total	filter_name,module,path,stream,writer	default,Telemetry,telemetry,Telemetry::LOG,Log::WRITER_ASCII	0.0
1775132096.792361	zeek	counter	zeek_log_writer_discarded_writes_total	filter_name,module,path,stream,writer	default,Stats,stats,Stats::LOG,Log::WRITER_ASCII	0.0
1775132096.792361	zeek	counter	zeek_log_writer_discarded_writes_total	filter_name,module,path,stream,writer	default,Weird,weird,Weird::LOG,Log::WRITER_ASCII	0.0
1775132096.792361	zeek	counter	zeek_log_writer_discarded_writes_total	filter_name,module,path,stream,writer	default,DNS,dns,DNS::LOG,Log::WRITER_ASCII	0.0
1775132096.792361	zeek	counter	zeek_log_writer_discarded_writes_total	filter_name,module,path,stream,writer	default,MQTT,mqtt_publish,MQTT::PUBLISH_LOG,Log::WRITER_ASCII	0.0
1775132096.792361	zeek	counter	zeek_log_writer_discarded_writes_total	filter_name,module,path,stream,writer	default,Known,known_hosts,Known::HOSTS_LOG,Log::WRITER_ASCII	0.0
1775132096.792361	zeek	counter	zeek_log_writer_discarded_writes_total	filter_name,module,path,stream,writer	default,MQTT,mqtt_connect,MQTT::CONNECT_LOG,Log::WRITER_ASCII	0.0
1775132096.792361	zeek	counter	zeek_log_writer_discarded_writes_total	filter_name,module,path,stream,writer	default,MQTT,mqtt_subscribe,MQTT::SUBSCRIBE_LOG,Log::WRITER_ASCII	0.0
1775132096.792361	zeek	counter	zeek_log_writer_discarded_writes_total	filter_name,module,path,stream,writer	default,Known,known_services,Known::SERVICES_LOG,Log::WRITER_ASCII	0.0
1775132096.792361	zeek	counter	zeek_log_writer_discarded_writes_total	filter_name,module,path,stream,writer	default,Conn,conn,Conn::LOG,Log::WRITER_ASCII	0.0
1775132096.792361	zeek	counter	zeek_log_writer_discarded_writes_total	filter_name,module,path,stream,writer	default,CaptureLoss,capture_loss,CaptureLoss::LOG,Log::WRITER_ASCII	0.0
1775132096.792361	zeek	counter	zeek_log_writer_truncated_string_fields_total	filter_name,module,path,stream,writer	default,Analyzer::Logging,analyzer,Analyzer::Logging::LOG,Log::WRITER_ASCII	0.0
1775132096.792361	zeek	counter	zeek_log_writer_truncated_string_fields_total	filter_name,module,path,stream,writer	default,PacketFilter,packet_filter,PacketFilter::LOG,Log::WRITER_ASCII	0.0
1775132096.792361	zeek	counter	zeek_log_writer_truncated_string_fields_total	filter_name,module,path,stream,writer	default,LoadedScripts,loaded_scripts,LoadedScripts::LOG,Log::WRITER_ASCII	0.0
1775132096.792361	zeek	counter	zeek_log_writer_truncated_string_fields_total	filter_name,module,path,stream,writer	default,Telemetry,telemetry,Telemetry::LOG,Log::WRITER_ASCII	0.0
1775132096.792361	zeek	counter	zeek_log_writer_truncated_string_fields_total	filter_name,module,path,stream,writer	default,Stats,stats,Stats::LOG,Log::WRITER_ASCII	0.0
1775132096.792361	zeek	counter	zeek_log_writer_truncated_string_fields_total	filter_name,module,path,stream,writer	default,Weird,weird,Weird::LOG,Log::WRITER_ASCII	0.0
1775132096.792361	zeek	counter	zeek_log_writer_truncated_string_fields_total	filter_name,module,path,stream,writer	default,DNS,dns,DNS::LOG,Log::WRITER_ASCII	0.0
1775132096.792361	zeek	counter	zeek_log_writer_truncated_string_fields_total	filter_name,module,path,stream,writer	default,MQTT,mqtt_publish,MQTT::PUBLISH_LOG,Log::WRITER_ASCII	0.0
1775132096.792361	zeek	counter	zeek_log_writer_truncated_string_fields_total	filter_name,module,path,stream,writer	default,Known,known_hosts,Known::HOSTS_LOG,Log::WRITER_ASCII	0.0
1775132096.792361	zeek	counter	zeek_log_writer_truncated_string_fields_total	filter_name,module,path,stream,writer	default,MQTT,mqtt_connect,MQTT::CONNECT_LOG,Log::WRITER_ASCII	0.0
1775132096.792361	zeek	counter	zeek_log_writer_truncated_string_fields_total	filter_name,module,path,stream,writer	default,MQTT,mqtt_subscribe,MQTT::SUBSCRIBE_LOG,Log::WRITER_ASCII	0.0
1775132096.792361	zeek	counter	zeek_log_writer_truncated_string_fields_total	filter_name,module,path,stream,writer	default,Known,known_services,Known::SERVICES_LOG,Log::WRITER_ASCII	0.0
1775132096.792361	zeek	counter	zeek_log_writer_truncated_string_fields_total	filter_name,module,path,stream,writer	default,Conn,conn,Conn::LOG,Log::WRITER_ASCII	0.0
1775132096.792361	zeek	counter	zeek_log_writer_truncated_string_fields_total	filter_name,module,path,stream,writer	default,CaptureLoss,capture_loss,CaptureLoss::LOG,Log::WRITER_ASCII	0.0
1775132096.792361	zeek	counter	zeek_log_writer_truncated_containers_total	filter_name,module,path,stream,writer	default,Analyzer::Logging,analyzer,Analyzer::Logging::LOG,Log::WRITER_ASCII	0.0
1775132096.792361	zeek	counter	zeek_log_writer_truncated_containers_total	filter_name,module,path,stream,writer	default,PacketFilter,packet_filter,PacketFilter::LOG,Log::WRITER_ASCII	0.0
1775132096.792361	zeek	counter	zeek_log_writer_truncated_containers_total	filter_name,module,path,stream,writer	default,LoadedScripts,loaded_scripts,LoadedScripts::LOG,Log::WRITER_ASCII	0.0
1775132096.792361	zeek	counter	zeek_log_writer_truncated_containers_total	filter_name,module,path,stream,writer	default,Telemetry,telemetry,Telemetry::LOG,Log::WRITER_ASCII	0.0
1775132096.792361	zeek	counter	zeek_log_writer_truncated_containers_total	filter_name,module,path,stream,writer	default,Stats,stats,Stats::LOG,Log::WRITER_ASCII	0.0
1775132096.792361	zeek	counter	zeek_log_writer_truncated_containers_total	filter_name,module,path,stream,writer	default,Weird,weird,Weird::LOG,Log::WRITER_ASCII	0.0
1775132096.792361	zeek	counter	zeek_log_writer_truncated_containers_total	filter_name,module,path,stream,writer	default,DNS,dns,DNS::LOG,Log::WRITER_ASCII	0.0
1775132096.792361	zeek	counter	zeek_log_writer_truncated_containers_total	filter_name,module,path,stream,writer	default,MQTT,mqtt_publish,MQTT::PUBLISH_LOG,Log::WRITER_ASCII	0.0
1775132096.792361	zeek	counter	zeek_log_writer_truncated_containers_total	filter_name,module,path,stream,writer	default,Known,known_hosts,Known::HOSTS_LOG,Log::WRITER_ASCII	0.0
1775132096.792361	zeek	counter	zeek_log_writer_truncated_containers_total	filter_name,module,path,stream,writer	default,MQTT,mqtt_connect,MQTT::CONNECT_LOG,Log::WRITER_ASCII	0.0
1775132096.792361	zeek	counter	zeek_log_writer_truncated_containers_total	filter_name,module,path,stream,writer	default,MQTT,mqtt_subscribe,MQTT::SUBSCRIBE_LOG,Log::WRITER_ASCII	0.0
1775132096.792361	zeek	counter	zeek_log_writer_truncated_containers_total	filter_name,module,path,stream,writer	default,Known,known_services,Known::SERVICES_LOG,Log::WRITER_ASCII	0.0
1775132096.792361	zeek	counter	zeek_log_writer_truncated_containers_total	filter_name,module,path,stream,writer	default,Conn,conn,Conn::LOG,Log::WRITER_ASCII	0.0
1775132096.792361	zeek	counter	zeek_log_writer_truncated_containers_total	filter_name,module,path,stream,writer	default,CaptureLoss,capture_loss,CaptureLoss::LOG,Log::WRITER_ASCII	0.0
1775132096.792361	zeek	counter	zeek_net_received_bytes_total	(empty)	(empty)	19212084.0
1775132096.792361	zeek	counter	zeek_net_received_packets_total	(empty)	(empty)	103643.0
1775132096.792361	zeek	counter	zeek_net_dropped_packets_total	(empty)	(empty)	0.0
1775132096.792361	zeek	counter	zeek_net_link_packets_total	(empty)	(empty)	103643.0
1775132096.792361	zeek	counter	zeek_msgthread_threads_total	(empty)	(empty)	14.0
1775132096.792361	zeek	counter	zeek_msgthread_in_messages_total	(empty)	(empty)	1756.0
1775132096.792361	zeek	counter	zeek_msgthread_out_messages_total	(empty)	(empty)	0.0
1775132096.792361	zeek	counter	zeek_cluster_core_outgoing_events_total	(empty)	(empty)	0.0
1775132096.792361	zeek	counter	zeek_cluster_core_incoming_events_total	(empty)	(empty)	0.0
1775132096.792361	zeek	counter	zeek_broker_incoming_events_total	(empty)	(empty)	0.0
1775132096.792361	zeek	counter	zeek_broker_outgoing_events_total	(empty)	(empty)	0.0
1775132096.792361	zeek	counter	zeek_broker_incoming_logs_total	(empty)	(empty)	0.0
1775132096.792361	zeek	counter	zeek_broker_outgoing_logs_total	(empty)	(empty)	0.0
1775132096.792361	zeek	counter	zeek_broker_incoming_ids_total	(empty)	(empty)	0.0
1775132096.792361	zeek	counter	zeek_broker_outgoing_ids_total	(empty)	(empty)	0.0
1775132096.792361	zeek	counter	zeek_timers_total	(empty)	(empty)	12461.0
1775132096.792361	zeek	counter	zeek_dnsmgr_requests_total	(empty)	(empty)	0.0
1775132096.792361	zeek	counter	zeek_dnsmgr_successful_requests_total	(empty)	(empty)	0.0
1775132096.792361	zeek	counter	zeek_dnsmgr_failed_requests_total	(empty)	(empty)	0.0
1775132096.792361	zeek	counter	zeek_triggers_total	(empty)	(empty)	0.0
1775132096.792361	zeek	counter	zeek_ended_sessions_total	reason	inactivity	5.0
1775132096.792361	zeek	counter	zeek_event_handler_invocations_total	name	content_gap	163.0
1775132096.792361	zeek	counter	zeek_event_handler_invocations_total	name	conn_weird	75.0
1775132096.792361	zeek	counter	zeek_event_handler_invocations_total	name	mqtt_puback	167.0
1775132096.792361	zeek	counter	zeek_event_handler_invocations_total	name	connection_state_remove	807.0
1775132096.792361	zeek	counter	zeek_event_handler_invocations_total	name	dns_message	38.0
1775132096.792361	zeek	counter	zeek_event_handler_invocations_total	name	service_info_commit	785.0
1775132096.792361	zeek	counter	zeek_event_handler_invocations_total	name	net_stats_update	4.0
1775132096.792361	zeek	counter	zeek_event_handler_invocations_total	name	analyzer_violation_info	1.0
1775132096.792361	zeek	counter	zeek_event_handler_invocations_total	name	CaptureLoss::take_measurement	3.0
1775132096.792361	zeek	counter	zeek_event_handler_invocations_total	name	dns_end	38.0
1775132096.792361	zeek	counter	zeek_event_handler_invocations_total	name	dns_PTR_reply	8.0
1775132096.792361	zeek	counter	zeek_event_handler_invocations_total	name	check_stats	4.0
1775132096.792361	zeek	counter	zeek_event_handler_invocations_total	name	new_connection	810.0
1775132096.792361	zeek	counter	zeek_event_handler_invocations_total	name	zeek_script_loaded	538.0
1775132096.792361	zeek	counter	zeek_event_handler_invocations_total	name	known_service_add	1.0
1775132096.792361	zeek	counter	zeek_event_handler_invocations_total	name	Broker::log_flush	1065.0
1775132096.792361	zeek	counter	zeek_event_handler_invocations_total	name	SumStats::finish_epoch	3.0
1775132096.792361	zeek	counter	zeek_event_handler_invocations_total	name	mqtt_publish	46939.0
1775132096.792361	zeek	counter	zeek_event_handler_invocations_total	name	filter_change_tracking	5.0
1775132096.792361	zeek	counter	zeek_event_handler_invocations_total	name	NetControl::init	1.0
1775132096.792361	zeek	counter	zeek_event_handler_invocations_total	name	Telemetry::log	19.0
1775132096.792361	zeek	counter	zeek_event_handler_invocations_total	name	mqtt_suback	3.0
1775132096.792361	zeek	counter	zeek_event_handler_invocations_total	name	ChecksumOffloading::check	2.0
1775132096.792361	zeek	counter	zeek_event_handler_invocations_total	name	zeek_init	1.0
1775132096.792361	zeek	counter	zeek_event_handler_invocations_total	name	dns_request	60.0
1775132096.792361	zeek	counter	zeek_event_handler_invocations_total	name	mqtt_connack	782.0
1775132096.792361	zeek	counter	zeek_event_handler_invocations_total	name	dns_AAAA_reply	7.0
1775132096.792361	zeek	counter	zeek_event_handler_invocations_total	name	grab_vulnerable_versions	2.0
1775132096.792361	zeek	counter	zeek_event_handler_invocations_total	name	dns_A_reply	1.0
1775132096.792361	zeek	counter	zeek_event_handler_invocations_total	name	analyzer_failed	1.0
1775132096.792361	zeek	counter	zeek_event_handler_invocations_total	name	connection_flipped	1.0
1775132096.792361	zeek	counter	zeek_event_handler_invocations_total	name	analyzer_confirmation_info	805.0
1775132096.792361	zeek	counter	zeek_event_handler_invocations_total	name	connection_established	782.0
1775132096.792361	zeek	counter	zeek_event_handler_invocations_total	name	Known::host_found	1564.0
1775132096.792361	zeek	counter	zeek_event_handler_invocations_total	name	mqtt_subscribe	3.0
1775132096.792361	zeek	counter	zeek_event_handler_invocations_total	name	known_host_add	5.0
1775132096.792361	zeek	counter	zeek_event_handler_invocations_total	name	mqtt_connect	782.0
1775132096.792361	zeek	counter	zeek_total_sessions_total	protocol	icmp	5.0
1775132096.792361	zeek	counter	zeek_total_sessions_total	protocol	udp	20.0
1775132096.792361	zeek	counter	zeek_total_sessions_total	protocol	tcp	785.0
1775132096.792361	zeek	gauge	zeek_version_info	beta,commit,debug,major,minor,patch,version_number,version_string	false,0,false,8,1,1,80101,8.1.1	1.0
1775132096.792361	zeek	gauge	zeek_net_packet_lag_seconds	(empty)	(empty)	0.000155
1775132096.792361	zeek	gauge	zeek_net_timestamp_seconds	(empty)	(empty)	1775132096.792361
1775132096.792361	zeek	gauge	zeek_msgthread_active_threads	(empty)	(empty)	14.0
1775132096.792361	zeek	gauge	zeek_msgthread_pending_in_messages	(empty)	(empty)	0.0
1775132096.792361	zeek	gauge	zeek_msgthread_pending_out_messages	(empty)	(empty)	0.0
1775132096.792361	zeek	gauge	zeek_msgthread_pending_messages_in_buckets	leq	inf	14.0
1775132096.792361	zeek	gauge	zeek_msgthread_pending_messages_in_buckets	leq	10000	14.0
1775132096.792361	zeek	gauge	zeek_msgthread_pending_messages_in_buckets	leq	1000	14.0
1775132096.792361	zeek	gauge	zeek_msgthread_pending_messages_in_buckets	leq	100	14.0
1775132096.792361	zeek	gauge	zeek_msgthread_pending_messages_in_buckets	leq	10	14.0
1775132096.792361	zeek	gauge	zeek_msgthread_pending_messages_in_buckets	leq	1	14.0
1775132096.792361	zeek	gauge	zeek_msgthread_pending_messages_out_buckets	leq	inf	14.0
1775132096.792361	zeek	gauge	zeek_msgthread_pending_messages_out_buckets	leq	10000	14.0
1775132096.792361	zeek	gauge	zeek_msgthread_pending_messages_out_buckets	leq	1000	14.0
1775132096.792361	zeek	gauge	zeek_msgthread_pending_messages_out_buckets	leq	100	14.0
1775132096.792361	zeek	gauge	zeek_msgthread_pending_messages_out_buckets	leq	10	14.0
1775132096.792361	zeek	gauge	zeek_msgthread_pending_messages_out_buckets	leq	1	14.0
1775132096.792361	zeek	gauge	zeek_broker_peers	(empty)	(empty)	0.0
1775132096.792361	zeek	gauge	zeek_broker_stores	(empty)	(empty)	1.0
1775132096.792361	zeek	gauge	zeek_broker_pending_queries	(empty)	(empty)	0.0
1775132096.792361	zeek	gauge	zeek_timers_lag_time_seconds	(empty)	(empty)	0.004254
1775132096.792361	zeek	gauge	zeek_timers_pending	type	LogDelayExpire	0.0
1775132096.792361	zeek	gauge	zeek_timers_pending	type	ThreadHeartbeat	1.0
1775132096.792361	zeek	gauge	zeek_timers_pending	type	TimerMgrExpireTimer	0.0
1775132096.792361	zeek	gauge	zeek_timers_pending	type	ParentProcessIDCheck	0.0
1775132096.792361	zeek	gauge	zeek_timers_pending	type	FragTimer	0.0
1775132096.792361	zeek	gauge	zeek_timers_pending	type	RotateTimer	0.0
1775132096.792361	zeek	gauge	zeek_timers_pending	type	FlowWeirdTimer	0.0
1775132096.792361	zeek	gauge	zeek_timers_pending	type	FileAnalysisInactivityTimer	0.0
1775132096.792361	zeek	gauge	zeek_timers_pending	type	StorageExpire	1.0
1775132096.792361	zeek	gauge	zeek_timers_pending	type	ConnectionInactivityTimer	3.0
1775132096.792361	zeek	gauge	zeek_timers_pending	type	TCPConnectionExpireTimer	3.0
1775132096.792361	zeek	gauge	zeek_timers_pending	type	ConnectionStatusUpdateTimer	0.0
1775132096.792361	zeek	gauge	zeek_timers_pending	type	LogFlushWriteBufferTimer	1.0
1775132096.792361	zeek	gauge	zeek_timers_pending	type	NetWeirdTimer	0.0
1775132096.792361	zeek	gauge	zeek_timers_pending	type	InterconnTimer	0.0
1775132096.792361	zeek	gauge	zeek_timers_pending	type	IPTunnelInactivityTimer	0.0
1775132096.792361	zeek	gauge	zeek_timers_pending	type	DNSExpireTimer	0.0
1775132096.792361	zeek	gauge	zeek_timers_pending	type	UnknownProtocolExpire	0.0
1775132096.792361	zeek	gauge	zeek_timers_pending	type	ProfileTimer	0.0
1775132096.792361	zeek	gauge	zeek_timers_pending	type	ConnectionExpireTimer	0.0
1775132096.792361	zeek	gauge	zeek_timers_pending	type	BreakpointTimer	0.0
1775132096.792361	zeek	gauge	zeek_timers_pending	type	BackdoorTimer	0.0
1775132096.792361	zeek	gauge	zeek_timers_pending	type	NetbiosExpireTimer	0.0
1775132096.792361	zeek	gauge	zeek_timers_pending	type	NetworkTimer	0.0
1775132096.792361	zeek	gauge	zeek_timers_pending	type	RemoveConnection	0.0
1775132096.792361	zeek	gauge	zeek_timers_pending	type	TCPConnectionResetTimer	0.0
1775132096.792361	zeek	gauge	zeek_timers_pending	type	ConnTupleWeirdTimer	0.0
1775132096.792361	zeek	gauge	zeek_timers_pending	type	TCPConnectionDeleteTimer	0.0
1775132096.792361	zeek	gauge	zeek_timers_pending	type	ScheduleTimer	6.0
1775132096.792361	zeek	gauge	zeek_timers_pending	type	NTPExpireTimer	0.0
1775132096.792361	zeek	gauge	zeek_timers_pending	type	RPCExpireTimer	0.0
1775132096.792361	zeek	gauge	zeek_timers_pending	type	ConnectionDeleteTimer	0.0
1775132096.792361	zeek	gauge	zeek_timers_pending	type	TriggerTimer	0.0
1775132096.792361	zeek	gauge	zeek_timers_pending	type	TableValTimer	34.0
1775132096.792361	zeek	gauge	zeek_timers_pending	type	TCPConnectionAttemptTimer	0.0
1775132096.792361	zeek	gauge	zeek_timers_pending	type	TCPConnectionPartialClose	0.0
1775132096.792361	zeek	gauge	zeek_dnsmgr_pending_asyncs_requests	(empty)	(empty)	0.0
1775132096.792361	zeek	gauge	zeek_dnsmgr_cache_entries	type	text	0.0
1775132096.792361	zeek	gauge	zeek_dnsmgr_cache_entries	type	address	0.0
1775132096.792361	zeek	gauge	zeek_dnsmgr_cache_entries	type	host	0.0
1775132096.792361	zeek	gauge	zeek_pending_triggers	(empty)	(empty)	0.0
1775132096.792361	zeek	gauge	zeek_active_sessions	protocol	icmp	0.0
1775132096.792361	zeek	gauge	zeek_active_sessions	protocol	udp	0.0
1775132096.792361	zeek	gauge	zeek_active_sessions	protocol	tcp	3.0
1775132096.792361	zeek	counter	process_cpu_user_seconds_total	(empty)	(empty)	21.6
1775132096.792361	zeek	counter	process_cpu_system_seconds_total	(empty)	(empty)	19.27
1775132096.792361	zeek	gauge	process_resident_memory_bytes	(empty)	(empty)	284286976.0
1775132096.792361	zeek	gauge	process_virtual_memory_bytes	(empty)	(empty)	2071871488.0
1775132096.792361	zeek	gauge	process_open_fds	(empty)	(empty)	64.0
1775132096.792361	zeek	gauge	process_start_time_seconds	(empty)	(empty)	1775131014.997737
1775132156.802581	zeek	counter	zeek_log_stream_writes_total	module,stream	Analyzer::Logging,Analyzer::Logging::LOG	1.0
1775132156.802581	zeek	counter	zeek_log_stream_writes_total	module,stream	PacketFilter,PacketFilter::LOG	1.0
1775132156.802581	zeek	counter	zeek_log_stream_writes_total	module,stream	MQTT,MQTT::CONNECT_LOG	782.0
1775132156.802581	zeek	counter	zeek_log_stream_writes_total	module,stream	LoadedScripts,LoadedScripts::LOG	538.0
1775132156.802581	zeek	counter	zeek_log_stream_writes_total	module,stream	Telemetry,Telemetry::LOG	3648.0
1775132156.802581	zeek	counter	zeek_log_stream_writes_total	module,stream	Stats,Stats::LOG	4.0
1775132156.802581	zeek	counter	zeek_log_stream_writes_total	module,stream	MQTT,MQTT::PUBLISH_LOG	47005.0
1775132156.802581	zeek	counter	zeek_log_stream_writes_total	module,stream	Weird,Weird::LOG	3.0
1775132156.802581	zeek	counter	zeek_log_stream_writes_total	module,stream	DNS,DNS::LOG	31.0
1775132156.802581	zeek	counter	zeek_log_stream_writes_total	module,stream	Known,Known::SERVICES_LOG	1.0
1775132156.802581	zeek	counter	zeek_log_stream_writes_total	module,stream	Known,Known::HOSTS_LOG	5.0
1775132156.802581	zeek	counter	zeek_log_stream_writes_total	module,stream	MQTT,MQTT::SUBSCRIBE_LOG	3.0
1775132156.802581	zeek	counter	zeek_log_stream_writes_total	module,stream	Conn,Conn::LOG	807.0
1775132156.802581	zeek	counter	zeek_log_stream_writes_total	module,stream	CaptureLoss,CaptureLoss::LOG	2.0
1775132156.802581	zeek	counter	zeek_log_writer_writes_total	filter_name,module,path,stream,writer	default,Analyzer::Logging,analyzer,Analyzer::Logging::LOG,Log::WRITER_ASCII	1.0
1775132156.802581	zeek	counter	zeek_log_writer_writes_total	filter_name,module,path,stream,writer	default,PacketFilter,packet_filter,PacketFilter::LOG,Log::WRITER_ASCII	1.0
1775132156.802581	zeek	counter	zeek_log_writer_writes_total	filter_name,module,path,stream,writer	default,LoadedScripts,loaded_scripts,LoadedScripts::LOG,Log::WRITER_ASCII	538.0
1775132156.802581	zeek	counter	zeek_log_writer_writes_total	filter_name,module,path,stream,writer	default,Telemetry,telemetry,Telemetry::LOG,Log::WRITER_ASCII	3648.0
1775132156.802581	zeek	counter	zeek_log_writer_writes_total	filter_name,module,path,stream,writer	default,Stats,stats,Stats::LOG,Log::WRITER_ASCII	4.0
1775132156.802581	zeek	counter	zeek_log_writer_writes_total	filter_name,module,path,stream,writer	default,Weird,weird,Weird::LOG,Log::WRITER_ASCII	3.0
1775132156.802581	zeek	counter	zeek_log_writer_writes_total	filter_name,module,path,stream,writer	default,DNS,dns,DNS::LOG,Log::WRITER_ASCII	31.0
1775132156.802581	zeek	counter	zeek_log_writer_writes_total	filter_name,module,path,stream,writer	default,MQTT,mqtt_publish,MQTT::PUBLISH_LOG,Log::WRITER_ASCII	47005.0
1775132156.802581	zeek	counter	zeek_log_writer_writes_total	filter_name,module,path,stream,writer	default,Known,known_hosts,Known::HOSTS_LOG,Log::WRITER_ASCII	5.0
1775132156.802581	zeek	counter	zeek_log_writer_writes_total	filter_name,module,path,stream,writer	default,MQTT,mqtt_connect,MQTT::CONNECT_LOG,Log::WRITER_ASCII	782.0
1775132156.802581	zeek	counter	zeek_log_writer_writes_total	filter_name,module,path,stream,writer	default,MQTT,mqtt_subscribe,MQTT::SUBSCRIBE_LOG,Log::WRITER_ASCII	3.0
1775132156.802581	zeek	counter	zeek_log_writer_writes_total	filter_name,module,path,stream,writer	default,Known,known_services,Known::SERVICES_LOG,Log::WRITER_ASCII	1.0
1775132156.802581	zeek	counter	zeek_log_writer_writes_total	filter_name,module,path,stream,writer	default,Conn,conn,Conn::LOG,Log::WRITER_ASCII	807.0
1775132156.802581	zeek	counter	zeek_log_writer_writes_total	filter_name,module,path,stream,writer	default,CaptureLoss,capture_loss,CaptureLoss::LOG,Log::WRITER_ASCII	2.0
1775132156.802581	zeek	counter	zeek_log_writer_discarded_writes_total	filter_name,module,path,stream,writer	default,Analyzer::Logging,analyzer,Analyzer::Logging::LOG,Log::WRITER_ASCII	0.0
1775132156.802581	zeek	counter	zeek_log_writer_discarded_writes_total	filter_name,module,path,stream,writer	default,PacketFilter,packet_filter,PacketFilter::LOG,Log::WRITER_ASCII	0.0
1775132156.802581	zeek	counter	zeek_log_writer_discarded_writes_total	filter_name,module,path,stream,writer	default,LoadedScripts,loaded_scripts,LoadedScripts::LOG,Log::WRITER_ASCII	0.0
1775132156.802581	zeek	counter	zeek_log_writer_discarded_writes_total	filter_name,module,path,stream,writer	default,Telemetry,telemetry,Telemetry::LOG,Log::WRITER_ASCII	0.0
1775132156.802581	zeek	counter	zeek_log_writer_discarded_writes_total	filter_name,module,path,stream,writer	default,Stats,stats,Stats::LOG,Log::WRITER_ASCII	0.0
1775132156.802581	zeek	counter	zeek_log_writer_discarded_writes_total	filter_name,module,path,stream,writer	default,Weird,weird,Weird::LOG,Log::WRITER_ASCII	0.0
1775132156.802581	zeek	counter	zeek_log_writer_discarded_writes_total	filter_name,module,path,stream,writer	default,DNS,dns,DNS::LOG,Log::WRITER_ASCII	0.0
1775132156.802581	zeek	counter	zeek_log_writer_discarded_writes_total	filter_name,module,path,stream,writer	default,MQTT,mqtt_publish,MQTT::PUBLISH_LOG,Log::WRITER_ASCII	0.0
1775132156.802581	zeek	counter	zeek_log_writer_discarded_writes_total	filter_name,module,path,stream,writer	default,Known,known_hosts,Known::HOSTS_LOG,Log::WRITER_ASCII	0.0
1775132156.802581	zeek	counter	zeek_log_writer_discarded_writes_total	filter_name,module,path,stream,writer	default,MQTT,mqtt_connect,MQTT::CONNECT_LOG,Log::WRITER_ASCII	0.0
1775132156.802581	zeek	counter	zeek_log_writer_discarded_writes_total	filter_name,module,path,stream,writer	default,MQTT,mqtt_subscribe,MQTT::SUBSCRIBE_LOG,Log::WRITER_ASCII	0.0
1775132156.802581	zeek	counter	zeek_log_writer_discarded_writes_total	filter_name,module,path,stream,writer	default,Known,known_services,Known::SERVICES_LOG,Log::WRITER_ASCII	0.0
1775132156.802581	zeek	counter	zeek_log_writer_discarded_writes_total	filter_name,module,path,stream,writer	default,Conn,conn,Conn::LOG,Log::WRITER_ASCII	0.0
1775132156.802581	zeek	counter	zeek_log_writer_discarded_writes_total	filter_name,module,path,stream,writer	default,CaptureLoss,capture_loss,CaptureLoss::LOG,Log::WRITER_ASCII	0.0
1775132156.802581	zeek	counter	zeek_log_writer_truncated_string_fields_total	filter_name,module,path,stream,writer	default,Analyzer::Logging,analyzer,Analyzer::Logging::LOG,Log::WRITER_ASCII	0.0
1775132156.802581	zeek	counter	zeek_log_writer_truncated_string_fields_total	filter_name,module,path,stream,writer	default,PacketFilter,packet_filter,PacketFilter::LOG,Log::WRITER_ASCII	0.0
1775132156.802581	zeek	counter	zeek_log_writer_truncated_string_fields_total	filter_name,module,path,stream,writer	default,LoadedScripts,loaded_scripts,LoadedScripts::LOG,Log::WRITER_ASCII	0.0
1775132156.802581	zeek	counter	zeek_log_writer_truncated_string_fields_total	filter_name,module,path,stream,writer	default,Telemetry,telemetry,Telemetry::LOG,Log::WRITER_ASCII	0.0
1775132156.802581	zeek	counter	zeek_log_writer_truncated_string_fields_total	filter_name,module,path,stream,writer	default,Stats,stats,Stats::LOG,Log::WRITER_ASCII	0.0
1775132156.802581	zeek	counter	zeek_log_writer_truncated_string_fields_total	filter_name,module,path,stream,writer	default,Weird,weird,Weird::LOG,Log::WRITER_ASCII	0.0
1775132156.802581	zeek	counter	zeek_log_writer_truncated_string_fields_total	filter_name,module,path,stream,writer	default,DNS,dns,DNS::LOG,Log::WRITER_ASCII	0.0
1775132156.802581	zeek	counter	zeek_log_writer_truncated_string_fields_total	filter_name,module,path,stream,writer	default,MQTT,mqtt_publish,MQTT::PUBLISH_LOG,Log::WRITER_ASCII	0.0
1775132156.802581	zeek	counter	zeek_log_writer_truncated_string_fields_total	filter_name,module,path,stream,writer	default,Known,known_hosts,Known::HOSTS_LOG,Log::WRITER_ASCII	0.0
1775132156.802581	zeek	counter	zeek_log_writer_truncated_string_fields_total	filter_name,module,path,stream,writer	default,MQTT,mqtt_connect,MQTT::CONNECT_LOG,Log::WRITER_ASCII	0.0
1775132156.802581	zeek	counter	zeek_log_writer_truncated_string_fields_total	filter_name,module,path,stream,writer	default,MQTT,mqtt_subscribe,MQTT::SUBSCRIBE_LOG,Log::WRITER_ASCII	0.0
1775132156.802581	zeek	counter	zeek_log_writer_truncated_string_fields_total	filter_name,module,path,stream,writer	default,Known,known_services,Known::SERVICES_LOG,Log::WRITER_ASCII	0.0
1775132156.802581	zeek	counter	zeek_log_writer_truncated_string_fields_total	filter_name,module,path,stream,writer	default,Conn,conn,Conn::LOG,Log::WRITER_ASCII	0.0
1775132156.802581	zeek	counter	zeek_log_writer_truncated_string_fields_total	filter_name,module,path,stream,writer	default,CaptureLoss,capture_loss,CaptureLoss::LOG,Log::WRITER_ASCII	0.0
1775132156.802581	zeek	counter	zeek_log_writer_truncated_containers_total	filter_name,module,path,stream,writer	default,Analyzer::Logging,analyzer,Analyzer::Logging::LOG,Log::WRITER_ASCII	0.0
1775132156.802581	zeek	counter	zeek_log_writer_truncated_containers_total	filter_name,module,path,stream,writer	default,PacketFilter,packet_filter,PacketFilter::LOG,Log::WRITER_ASCII	0.0
1775132156.802581	zeek	counter	zeek_log_writer_truncated_containers_total	filter_name,module,path,stream,writer	default,LoadedScripts,loaded_scripts,LoadedScripts::LOG,Log::WRITER_ASCII	0.0
1775132156.802581	zeek	counter	zeek_log_writer_truncated_containers_total	filter_name,module,path,stream,writer	default,Telemetry,telemetry,Telemetry::LOG,Log::WRITER_ASCII	0.0
1775132156.802581	zeek	counter	zeek_log_writer_truncated_containers_total	filter_name,module,path,stream,writer	default,Stats,stats,Stats::LOG,Log::WRITER_ASCII	0.0
1775132156.802581	zeek	counter	zeek_log_writer_truncated_containers_total	filter_name,module,path,stream,writer	default,Weird,weird,Weird::LOG,Log::WRITER_ASCII	0.0
1775132156.802581	zeek	counter	zeek_log_writer_truncated_containers_total	filter_name,module,path,stream,writer	default,DNS,dns,DNS::LOG,Log::WRITER_ASCII	0.0
1775132156.802581	zeek	counter	zeek_log_writer_truncated_containers_total	filter_name,module,path,stream,writer	default,MQTT,mqtt_publish,MQTT::PUBLISH_LOG,Log::WRITER_ASCII	0.0
1775132156.802581	zeek	counter	zeek_log_writer_truncated_containers_total	filter_name,module,path,stream,writer	default,Known,known_hosts,Known::HOSTS_LOG,Log::WRITER_ASCII	0.0
1775132156.802581	zeek	counter	zeek_log_writer_truncated_containers_total	filter_name,module,path,stream,writer	default,MQTT,mqtt_connect,MQTT::CONNECT_LOG,Log::WRITER_ASCII	0.0
1775132156.802581	zeek	counter	zeek_log_writer_truncated_containers_total	filter_name,module,path,stream,writer	default,MQTT,mqtt_subscribe,MQTT::SUBSCRIBE_LOG,Log::WRITER_ASCII	0.0
1775132156.802581	zeek	counter	zeek_log_writer_truncated_containers_total	filter_name,module,path,stream,writer	default,Known,known_services,Known::SERVICES_LOG,Log::WRITER_ASCII	0.0
1775132156.802581	zeek	counter	zeek_log_writer_truncated_containers_total	filter_name,module,path,stream,writer	default,Conn,conn,Conn::LOG,Log::WRITER_ASCII	0.0
1775132156.802581	zeek	counter	zeek_log_writer_truncated_containers_total	filter_name,module,path,stream,writer	default,CaptureLoss,capture_loss,CaptureLoss::LOG,Log::WRITER_ASCII	0.0
1775132156.802581	zeek	counter	zeek_net_received_bytes_total	(empty)	(empty)	19230200.0
1775132156.802581	zeek	counter	zeek_net_received_packets_total	(empty)	(empty)	103793.0
1775132156.802581	zeek	counter	zeek_net_dropped_packets_total	(empty)	(empty)	0.0
1775132156.802581	zeek	counter	zeek_net_link_packets_total	(empty)	(empty)	103793.0
1775132156.802581	zeek	counter	zeek_msgthread_threads_total	(empty)	(empty)	14.0
1775132156.802581	zeek	counter	zeek_msgthread_in_messages_total	(empty)	(empty)	1785.0
1775132156.802581	zeek	counter	zeek_msgthread_out_messages_total	(empty)	(empty)	0.0
1775132156.802581	zeek	counter	zeek_cluster_core_outgoing_events_total	(empty)	(empty)	0.0
1775132156.802581	zeek	counter	zeek_cluster_core_incoming_events_total	(empty)	(empty)	0.0
1775132156.802581	zeek	counter	zeek_broker_incoming_events_total	(empty)	(empty)	0.0
1775132156.802581	zeek	counter	zeek_broker_outgoing_events_total	(empty)	(empty)	0.0
1775132156.802581	zeek	counter	zeek_broker_incoming_logs_total	(empty)	(empty)	0.0
1775132156.802581	zeek	counter	zeek_broker_outgoing_logs_total	(empty)	(empty)	0.0
1775132156.802581	zeek	counter	zeek_broker_incoming_ids_total	(empty)	(empty)	0.0
1775132156.802581	zeek	counter	zeek_broker_outgoing_ids_total	(empty)	(empty)	0.0
1775132156.802581	zeek	counter	zeek_timers_total	(empty)	(empty)	12879.0
1775132156.802581	zeek	counter	zeek_dnsmgr_requests_total	(empty)	(empty)	0.0
1775132156.802581	zeek	counter	zeek_dnsmgr_successful_requests_total	(empty)	(empty)	0.0
1775132156.802581	zeek	counter	zeek_dnsmgr_failed_requests_total	(empty)	(empty)	0.0
1775132156.802581	zeek	counter	zeek_triggers_total	(empty)	(empty)	0.0
1775132156.802581	zeek	counter	zeek_ended_sessions_total	reason	inactivity	5.0
1775132156.802581	zeek	counter	zeek_event_handler_invocations_total	name	content_gap	163.0
1775132156.802581	zeek	counter	zeek_event_handler_invocations_total	name	conn_weird	75.0
1775132156.802581	zeek	counter	zeek_event_handler_invocations_total	name	mqtt_puback	167.0
1775132156.802581	zeek	counter	zeek_event_handler_invocations_total	name	connection_state_remove	807.0
1775132156.802581	zeek	counter	zeek_event_handler_invocations_total	name	dns_message	38.0
1775132156.802581	zeek	counter	zeek_event_handler_invocations_total	name	service_info_commit	785.0
1775132156.802581	zeek	counter	zeek_event_handler_invocations_total	name	net_stats_update	4.0
1775132156.802581	zeek	counter	zeek_event_handler_invocations_total	name	analyzer_violation_info	1.0
1775132156.802581	zeek	counter	zeek_event_handler_invocations_total	name	CaptureLoss::take_measurement	3.0
1775132156.802581	zeek	counter	zeek_event_handler_invocations_total	name	dns_end	38.0
1775132156.802581	zeek	counter	zeek_event_handler_invocations_total	name	dns_PTR_reply	8.0
1775132156.802581	zeek	counter	zeek_event_handler_invocations_total	name	check_stats	4.0
1775132156.802581	zeek	counter	zeek_event_handler_invocations_total	name	new_connection	811.0
1775132156.802581	zeek	counter	zeek_event_handler_invocations_total	name	zeek_script_loaded	538.0
1775132156.802581	zeek	counter	zeek_event_handler_invocations_total	name	known_service_add	1.0
1775132156.802581	zeek	counter	zeek_event_handler_invocations_total	name	Broker::log_flush	1125.0
1775132156.802581	zeek	counter	zeek_event_handler_invocations_total	name	SumStats::finish_epoch	3.0
1775132156.802581	zeek	counter	zeek_event_handler_invocations_total	name	mqtt_publish	47005.0
1775132156.802581	zeek	counter	zeek_event_handler_invocations_total	name	filter_change_tracking	5.0
1775132156.802581	zeek	counter	zeek_event_handler_invocations_total	name	NetControl::init	1.0
1775132156.802581	zeek	counter	zeek_event_handler_invocations_total	name	Telemetry::log	20.0
1775132156.802581	zeek	counter	zeek_event_handler_invocations_total	name	mqtt_suback	3.0
1775132156.802581	zeek	counter	zeek_event_handler_invocations_total	name	ChecksumOffloading::check	2.0
1775132156.802581	zeek	counter	zeek_event_handler_invocations_total	name	zeek_init	1.0
1775132156.802581	zeek	counter	zeek_event_handler_invocations_total	name	dns_request	60.0
1775132156.802581	zeek	counter	zeek_event_handler_invocations_total	name	mqtt_connack	782.0
1775132156.802581	zeek	counter	zeek_event_handler_invocations_total	name	dns_AAAA_reply	7.0
1775132156.802581	zeek	counter	zeek_event_handler_invocations_total	name	grab_vulnerable_versions	2.0
1775132156.802581	zeek	counter	zeek_event_handler_invocations_total	name	dns_A_reply	1.0
1775132156.802581	zeek	counter	zeek_event_handler_invocations_total	name	analyzer_failed	1.0
1775132156.802581	zeek	counter	zeek_event_handler_invocations_total	name	connection_flipped	1.0
1775132156.802581	zeek	counter	zeek_event_handler_invocations_total	name	analyzer_confirmation_info	805.0
1775132156.802581	zeek	counter	zeek_event_handler_invocations_total	name	connection_established	782.0
1775132156.802581	zeek	counter	zeek_event_handler_invocations_total	name	Known::host_found	1564.0
1775132156.802581	zeek	counter	zeek_event_handler_invocations_total	name	mqtt_subscribe	3.0
1775132156.802581	zeek	counter	zeek_event_handler_invocations_total	name	known_host_add	5.0
1775132156.802581	zeek	counter	zeek_event_handler_invocations_total	name	mqtt_connect	782.0
1775132156.802581	zeek	counter	zeek_total_sessions_total	protocol	icmp	6.0
1775132156.802581	zeek	counter	zeek_total_sessions_total	protocol	udp	20.0
1775132156.802581	zeek	counter	zeek_total_sessions_total	protocol	tcp	785.0
1775132156.802581	zeek	gauge	zeek_version_info	beta,commit,debug,major,minor,patch,version_number,version_string	false,0,false,8,1,1,80101,8.1.1	1.0
1775132156.802581	zeek	gauge	zeek_net_packet_lag_seconds	(empty)	(empty)	0.000864
1775132156.802581	zeek	gauge	zeek_net_timestamp_seconds	(empty)	(empty)	1775132156.802581
1775132156.802581	zeek	gauge	zeek_msgthread_active_threads	(empty)	(empty)	14.0
1775132156.802581	zeek	gauge	zeek_msgthread_pending_in_messages	(empty)	(empty)	0.0
1775132156.802581	zeek	gauge	zeek_msgthread_pending_out_messages	(empty)	(empty)	0.0
1775132156.802581	zeek	gauge	zeek_msgthread_pending_messages_in_buckets	leq	inf	14.0
1775132156.802581	zeek	gauge	zeek_msgthread_pending_messages_in_buckets	leq	10000	14.0
1775132156.802581	zeek	gauge	zeek_msgthread_pending_messages_in_buckets	leq	1000	14.0
1775132156.802581	zeek	gauge	zeek_msgthread_pending_messages_in_buckets	leq	100	14.0
1775132156.802581	zeek	gauge	zeek_msgthread_pending_messages_in_buckets	leq	10	14.0
1775132156.802581	zeek	gauge	zeek_msgthread_pending_messages_in_buckets	leq	1	14.0
1775132156.802581	zeek	gauge	zeek_msgthread_pending_messages_out_buckets	leq	inf	14.0
1775132156.802581	zeek	gauge	zeek_msgthread_pending_messages_out_buckets	leq	10000	14.0
1775132156.802581	zeek	gauge	zeek_msgthread_pending_messages_out_buckets	leq	1000	14.0
1775132156.802581	zeek	gauge	zeek_msgthread_pending_messages_out_buckets	leq	100	14.0
1775132156.802581	zeek	gauge	zeek_msgthread_pending_messages_out_buckets	leq	10	14.0
1775132156.802581	zeek	gauge	zeek_msgthread_pending_messages_out_buckets	leq	1	14.0
1775132156.802581	zeek	gauge	zeek_broker_peers	(empty)	(empty)	0.0
1775132156.802581	zeek	gauge	zeek_broker_stores	(empty)	(empty)	1.0
1775132156.802581	zeek	gauge	zeek_broker_pending_queries	(empty)	(empty)	0.0
1775132156.802581	zeek	gauge	zeek_timers_lag_time_seconds	(empty)	(empty)	0.01022
1775132156.802581	zeek	gauge	zeek_timers_pending	type	LogDelayExpire	0.0
1775132156.802581	zeek	gauge	zeek_timers_pending	type	ThreadHeartbeat	1.0
1775132156.802581	zeek	gauge	zeek_timers_pending	type	TimerMgrExpireTimer	0.0
1775132156.802581	zeek	gauge	zeek_timers_pending	type	ParentProcessIDCheck	0.0
1775132156.802581	zeek	gauge	zeek_timers_pending	type	FragTimer	0.0
1775132156.802581	zeek	gauge	zeek_timers_pending	type	RotateTimer	0.0
1775132156.802581	zeek	gauge	zeek_timers_pending	type	FlowWeirdTimer	0.0
1775132156.802581	zeek	gauge	zeek_timers_pending	type	FileAnalysisInactivityTimer	0.0
1775132156.802581	zeek	gauge	zeek_timers_pending	type	StorageExpire	1.0
1775132156.802581	zeek	gauge	zeek_timers_pending	type	ConnectionInactivityTimer	4.0
1775132156.802581	zeek	gauge	zeek_timers_pending	type	TCPConnectionExpireTimer	3.0
1775132156.802581	zeek	gauge	zeek_timers_pending	type	ConnectionStatusUpdateTimer	0.0
1775132156.802581	zeek	gauge	zeek_timers_pending	type	LogFlushWriteBufferTimer	1.0
1775132156.802581	zeek	gauge	zeek_timers_pending	type	NetWeirdTimer	0.0
1775132156.802581	zeek	gauge	zeek_timers_pending	type	InterconnTimer	0.0
1775132156.802581	zeek	gauge	zeek_timers_pending	type	IPTunnelInactivityTimer	0.0
1775132156.802581	zeek	gauge	zeek_timers_pending	type	DNSExpireTimer	0.0
1775132156.802581	zeek	gauge	zeek_timers_pending	type	UnknownProtocolExpire	0.0
1775132156.802581	zeek	gauge	zeek_timers_pending	type	ProfileTimer	0.0
1775132156.802581	zeek	gauge	zeek_timers_pending	type	ConnectionExpireTimer	0.0
1775132156.802581	zeek	gauge	zeek_timers_pending	type	BreakpointTimer	0.0
1775132156.802581	zeek	gauge	zeek_timers_pending	type	BackdoorTimer	0.0
1775132156.802581	zeek	gauge	zeek_timers_pending	type	NetbiosExpireTimer	0.0
1775132156.802581	zeek	gauge	zeek_timers_pending	type	NetworkTimer	0.0
1775132156.802581	zeek	gauge	zeek_timers_pending	type	RemoveConnection	0.0
1775132156.802581	zeek	gauge	zeek_timers_pending	type	TCPConnectionResetTimer	0.0
1775132156.802581	zeek	gauge	zeek_timers_pending	type	ConnTupleWeirdTimer	0.0
1775132156.802581	zeek	gauge	zeek_timers_pending	type	TCPConnectionDeleteTimer	0.0
1775132156.802581	zeek	gauge	zeek_timers_pending	type	ScheduleTimer	6.0
1775132156.802581	zeek	gauge	zeek_timers_pending	type	NTPExpireTimer	0.0
1775132156.802581	zeek	gauge	zeek_timers_pending	type	RPCExpireTimer	0.0
1775132156.802581	zeek	gauge	zeek_timers_pending	type	ConnectionDeleteTimer	0.0
1775132156.802581	zeek	gauge	zeek_timers_pending	type	TriggerTimer	0.0
1775132156.802581	zeek	gauge	zeek_timers_pending	type	TableValTimer	34.0
1775132156.802581	zeek	gauge	zeek_timers_pending	type	TCPConnectionAttemptTimer	0.0
1775132156.802581	zeek	gauge	zeek_timers_pending	type	TCPConnectionPartialClose	0.0
1775132156.802581	zeek	gauge	zeek_dnsmgr_pending_asyncs_requests	(empty)	(empty)	0.0
1775132156.802581	zeek	gauge	zeek_dnsmgr_cache_entries	type	text	0.0
1775132156.802581	zeek	gauge	zeek_dnsmgr_cache_entries	type	address	0.0
1775132156.802581	zeek	gauge	zeek_dnsmgr_cache_entries	type	host	0.0
1775132156.802581	zeek	gauge	zeek_pending_triggers	(empty)	(empty)	0.0
1775132156.802581	zeek	gauge	zeek_active_sessions	protocol	icmp	1.0
1775132156.802581	zeek	gauge	zeek_active_sessions	protocol	udp	0.0
1775132156.802581	zeek	gauge	zeek_active_sessions	protocol	tcp	3.0
1775132156.802581	zeek	counter	process_cpu_user_seconds_total	(empty)	(empty)	21.8
1775132156.802581	zeek	counter	process_cpu_system_seconds_total	(empty)	(empty)	19.55
1775132156.802581	zeek	gauge	process_resident_memory_bytes	(empty)	(empty)	284286976.0
1775132156.802581	zeek	gauge	process_virtual_memory_bytes	(empty)	(empty)	2071871488.0
1775132156.802581	zeek	gauge	process_open_fds	(empty)	(empty)	64.0
1775132156.802581	zeek	gauge	process_start_time_seconds	(empty)	(empty)	1775131014.997737
1775132216.803474	zeek	counter	zeek_log_stream_writes_total	module,stream	Analyzer::Logging,Analyzer::Logging::LOG	1.0
1775132216.803474	zeek	counter	zeek_log_stream_writes_total	module,stream	PacketFilter,PacketFilter::LOG	1.0
1775132216.803474	zeek	counter	zeek_log_stream_writes_total	module,stream	MQTT,MQTT::CONNECT_LOG	782.0
1775132216.803474	zeek	counter	zeek_log_stream_writes_total	module,stream	LoadedScripts,LoadedScripts::LOG	538.0
1775132216.803474	zeek	counter	zeek_log_stream_writes_total	module,stream	Telemetry,Telemetry::LOG	3851.0
1775132216.803474	zeek	counter	zeek_log_stream_writes_total	module,stream	Stats,Stats::LOG	5.0
1775132216.803474	zeek	counter	zeek_log_stream_writes_total	module,stream	MQTT,MQTT::PUBLISH_LOG	47069.0
1775132216.803474	zeek	counter	zeek_log_stream_writes_total	module,stream	Weird,Weird::LOG	3.0
1775132216.803474	zeek	counter	zeek_log_stream_writes_total	module,stream	DNS,DNS::LOG	31.0
1775132216.803474	zeek	counter	zeek_log_stream_writes_total	module,stream	Known,Known::SERVICES_LOG	1.0
1775132216.803474	zeek	counter	zeek_log_stream_writes_total	module,stream	Known,Known::HOSTS_LOG	5.0
1775132216.803474	zeek	counter	zeek_log_stream_writes_total	module,stream	MQTT,MQTT::SUBSCRIBE_LOG	3.0
1775132216.803474	zeek	counter	zeek_log_stream_writes_total	module,stream	Conn,Conn::LOG	808.0
1775132216.803474	zeek	counter	zeek_log_stream_writes_total	module,stream	CaptureLoss,CaptureLoss::LOG	2.0
1775132216.803474	zeek	counter	zeek_log_writer_writes_total	filter_name,module,path,stream,writer	default,Analyzer::Logging,analyzer,Analyzer::Logging::LOG,Log::WRITER_ASCII	1.0
1775132216.803474	zeek	counter	zeek_log_writer_writes_total	filter_name,module,path,stream,writer	default,PacketFilter,packet_filter,PacketFilter::LOG,Log::WRITER_ASCII	1.0
1775132216.803474	zeek	counter	zeek_log_writer_writes_total	filter_name,module,path,stream,writer	default,LoadedScripts,loaded_scripts,LoadedScripts::LOG,Log::WRITER_ASCII	538.0
1775132216.803474	zeek	counter	zeek_log_writer_writes_total	filter_name,module,path,stream,writer	default,Telemetry,telemetry,Telemetry::LOG,Log::WRITER_ASCII	3851.0
1775132216.803474	zeek	counter	zeek_log_writer_writes_total	filter_name,module,path,stream,writer	default,Stats,stats,Stats::LOG,Log::WRITER_ASCII	5.0
1775132216.803474	zeek	counter	zeek_log_writer_writes_total	filter_name,module,path,stream,writer	default,Weird,weird,Weird::LOG,Log::WRITER_ASCII	3.0
1775132216.803474	zeek	counter	zeek_log_writer_writes_total	filter_name,module,path,stream,writer	default,DNS,dns,DNS::LOG,Log::WRITER_ASCII	31.0
1775132216.803474	zeek	counter	zeek_log_writer_writes_total	filter_name,module,path,stream,writer	default,MQTT,mqtt_publish,MQTT::PUBLISH_LOG,Log::WRITER_ASCII	47069.0
1775132216.803474	zeek	counter	zeek_log_writer_writes_total	filter_name,module,path,stream,writer	default,Known,known_hosts,Known::HOSTS_LOG,Log::WRITER_ASCII	5.0
1775132216.803474	zeek	counter	zeek_log_writer_writes_total	filter_name,module,path,stream,writer	default,MQTT,mqtt_connect,MQTT::CONNECT_LOG,Log::WRITER_ASCII	782.0
1775132216.803474	zeek	counter	zeek_log_writer_writes_total	filter_name,module,path,stream,writer	default,MQTT,mqtt_subscribe,MQTT::SUBSCRIBE_LOG,Log::WRITER_ASCII	3.0
1775132216.803474	zeek	counter	zeek_log_writer_writes_total	filter_name,module,path,stream,writer	default,Known,known_services,Known::SERVICES_LOG,Log::WRITER_ASCII	1.0
1775132216.803474	zeek	counter	zeek_log_writer_writes_total	filter_name,module,path,stream,writer	default,Conn,conn,Conn::LOG,Log::WRITER_ASCII	808.0
1775132216.803474	zeek	counter	zeek_log_writer_writes_total	filter_name,module,path,stream,writer	default,CaptureLoss,capture_loss,CaptureLoss::LOG,Log::WRITER_ASCII	2.0
1775132216.803474	zeek	counter	zeek_log_writer_discarded_writes_total	filter_name,module,path,stream,writer	default,Analyzer::Logging,analyzer,Analyzer::Logging::LOG,Log::WRITER_ASCII	0.0
1775132216.803474	zeek	counter	zeek_log_writer_discarded_writes_total	filter_name,module,path,stream,writer	default,PacketFilter,packet_filter,PacketFilter::LOG,Log::WRITER_ASCII	0.0
1775132216.803474	zeek	counter	zeek_log_writer_discarded_writes_total	filter_name,module,path,stream,writer	default,LoadedScripts,loaded_scripts,LoadedScripts::LOG,Log::WRITER_ASCII	0.0
1775132216.803474	zeek	counter	zeek_log_writer_discarded_writes_total	filter_name,module,path,stream,writer	default,Telemetry,telemetry,Telemetry::LOG,Log::WRITER_ASCII	0.0
1775132216.803474	zeek	counter	zeek_log_writer_discarded_writes_total	filter_name,module,path,stream,writer	default,Stats,stats,Stats::LOG,Log::WRITER_ASCII	0.0
1775132216.803474	zeek	counter	zeek_log_writer_discarded_writes_total	filter_name,module,path,stream,writer	default,Weird,weird,Weird::LOG,Log::WRITER_ASCII	0.0
1775132216.803474	zeek	counter	zeek_log_writer_discarded_writes_total	filter_name,module,path,stream,writer	default,DNS,dns,DNS::LOG,Log::WRITER_ASCII	0.0
1775132216.803474	zeek	counter	zeek_log_writer_discarded_writes_total	filter_name,module,path,stream,writer	default,MQTT,mqtt_publish,MQTT::PUBLISH_LOG,Log::WRITER_ASCII	0.0
1775132216.803474	zeek	counter	zeek_log_writer_discarded_writes_total	filter_name,module,path,stream,writer	default,Known,known_hosts,Known::HOSTS_LOG,Log::WRITER_ASCII	0.0
1775132216.803474	zeek	counter	zeek_log_writer_discarded_writes_total	filter_name,module,path,stream,writer	default,MQTT,mqtt_connect,MQTT::CONNECT_LOG,Log::WRITER_ASCII	0.0
1775132216.803474	zeek	counter	zeek_log_writer_discarded_writes_total	filter_name,module,path,stream,writer	default,MQTT,mqtt_subscribe,MQTT::SUBSCRIBE_LOG,Log::WRITER_ASCII	0.0
1775132216.803474	zeek	counter	zeek_log_writer_discarded_writes_total	filter_name,module,path,stream,writer	default,Known,known_services,Known::SERVICES_LOG,Log::WRITER_ASCII	0.0
1775132216.803474	zeek	counter	zeek_log_writer_discarded_writes_total	filter_name,module,path,stream,writer	default,Conn,conn,Conn::LOG,Log::WRITER_ASCII	0.0
1775132216.803474	zeek	counter	zeek_log_writer_discarded_writes_total	filter_name,module,path,stream,writer	default,CaptureLoss,capture_loss,CaptureLoss::LOG,Log::WRITER_ASCII	0.0
1775132216.803474	zeek	counter	zeek_log_writer_truncated_string_fields_total	filter_name,module,path,stream,writer	default,Analyzer::Logging,analyzer,Analyzer::Logging::LOG,Log::WRITER_ASCII	0.0
1775132216.803474	zeek	counter	zeek_log_writer_truncated_string_fields_total	filter_name,module,path,stream,writer	default,PacketFilter,packet_filter,PacketFilter::LOG,Log::WRITER_ASCII	0.0
1775132216.803474	zeek	counter	zeek_log_writer_truncated_string_fields_total	filter_name,module,path,stream,writer	default,LoadedScripts,loaded_scripts,LoadedScripts::LOG,Log::WRITER_ASCII	0.0
1775132216.803474	zeek	counter	zeek_log_writer_truncated_string_fields_total	filter_name,module,path,stream,writer	default,Telemetry,telemetry,Telemetry::LOG,Log::WRITER_ASCII	0.0
1775132216.803474	zeek	counter	zeek_log_writer_truncated_string_fields_total	filter_name,module,path,stream,writer	default,Stats,stats,Stats::LOG,Log::WRITER_ASCII	0.0
1775132216.803474	zeek	counter	zeek_log_writer_truncated_string_fields_total	filter_name,module,path,stream,writer	default,Weird,weird,Weird::LOG,Log::WRITER_ASCII	0.0
1775132216.803474	zeek	counter	zeek_log_writer_truncated_string_fields_total	filter_name,module,path,stream,writer	default,DNS,dns,DNS::LOG,Log::WRITER_ASCII	0.0
1775132216.803474	zeek	counter	zeek_log_writer_truncated_string_fields_total	filter_name,module,path,stream,writer	default,MQTT,mqtt_publish,MQTT::PUBLISH_LOG,Log::WRITER_ASCII	0.0
1775132216.803474	zeek	counter	zeek_log_writer_truncated_string_fields_total	filter_name,module,path,stream,writer	default,Known,known_hosts,Known::HOSTS_LOG,Log::WRITER_ASCII	0.0
1775132216.803474	zeek	counter	zeek_log_writer_truncated_string_fields_total	filter_name,module,path,stream,writer	default,MQTT,mqtt_connect,MQTT::CONNECT_LOG,Log::WRITER_ASCII	0.0
1775132216.803474	zeek	counter	zeek_log_writer_truncated_string_fields_total	filter_name,module,path,stream,writer	default,MQTT,mqtt_subscribe,MQTT::SUBSCRIBE_LOG,Log::WRITER_ASCII	0.0
1775132216.803474	zeek	counter	zeek_log_writer_truncated_string_fields_total	filter_name,module,path,stream,writer	default,Known,known_services,Known::SERVICES_LOG,Log::WRITER_ASCII	0.0
1775132216.803474	zeek	counter	zeek_log_writer_truncated_string_fields_total	filter_name,module,path,stream,writer	default,Conn,conn,Conn::LOG,Log::WRITER_ASCII	0.0
1775132216.803474	zeek	counter	zeek_log_writer_truncated_string_fields_total	filter_name,module,path,stream,writer	default,CaptureLoss,capture_loss,CaptureLoss::LOG,Log::WRITER_ASCII	0.0
1775132216.803474	zeek	counter	zeek_log_writer_truncated_containers_total	filter_name,module,path,stream,writer	default,Analyzer::Logging,analyzer,Analyzer::Logging::LOG,Log::WRITER_ASCII	0.0
1775132216.803474	zeek	counter	zeek_log_writer_truncated_containers_total	filter_name,module,path,stream,writer	default,PacketFilter,packet_filter,PacketFilter::LOG,Log::WRITER_ASCII	0.0
1775132216.803474	zeek	counter	zeek_log_writer_truncated_containers_total	filter_name,module,path,stream,writer	default,LoadedScripts,loaded_scripts,LoadedScripts::LOG,Log::WRITER_ASCII	0.0
1775132216.803474	zeek	counter	zeek_log_writer_truncated_containers_total	filter_name,module,path,stream,writer	default,Telemetry,telemetry,Telemetry::LOG,Log::WRITER_ASCII	0.0
1775132216.803474	zeek	counter	zeek_log_writer_truncated_containers_total	filter_name,module,path,stream,writer	default,Stats,stats,Stats::LOG,Log::WRITER_ASCII	0.0
1775132216.803474	zeek	counter	zeek_log_writer_truncated_containers_total	filter_name,module,path,stream,writer	default,Weird,weird,Weird::LOG,Log::WRITER_ASCII	0.0
1775132216.803474	zeek	counter	zeek_log_writer_truncated_containers_total	filter_name,module,path,stream,writer	default,DNS,dns,DNS::LOG,Log::WRITER_ASCII	0.0
1775132216.803474	zeek	counter	zeek_log_writer_truncated_containers_total	filter_name,module,path,stream,writer	default,MQTT,mqtt_publish,MQTT::PUBLISH_LOG,Log::WRITER_ASCII	0.0
1775132216.803474	zeek	counter	zeek_log_writer_truncated_containers_total	filter_name,module,path,stream,writer	default,Known,known_hosts,Known::HOSTS_LOG,Log::WRITER_ASCII	0.0
1775132216.803474	zeek	counter	zeek_log_writer_truncated_containers_total	filter_name,module,path,stream,writer	default,MQTT,mqtt_connect,MQTT::CONNECT_LOG,Log::WRITER_ASCII	0.0
1775132216.803474	zeek	counter	zeek_log_writer_truncated_containers_total	filter_name,module,path,stream,writer	default,MQTT,mqtt_subscribe,MQTT::SUBSCRIBE_LOG,Log::WRITER_ASCII	0.0
1775132216.803474	zeek	counter	zeek_log_writer_truncated_containers_total	filter_name,module,path,stream,writer	default,Known,known_services,Known::SERVICES_LOG,Log::WRITER_ASCII	0.0
1775132216.803474	zeek	counter	zeek_log_writer_truncated_containers_total	filter_name,module,path,stream,writer	default,Conn,conn,Conn::LOG,Log::WRITER_ASCII	0.0
1775132216.803474	zeek	counter	zeek_log_writer_truncated_containers_total	filter_name,module,path,stream,writer	default,CaptureLoss,capture_loss,CaptureLoss::LOG,Log::WRITER_ASCII	0.0
1775132216.803474	zeek	counter	zeek_net_received_bytes_total	(empty)	(empty)	19247740.0
1775132216.803474	zeek	counter	zeek_net_received_packets_total	(empty)	(empty)	103938.0
1775132216.803474	zeek	counter	zeek_net_dropped_packets_total	(empty)	(empty)	0.0
1775132216.803474	zeek	counter	zeek_net_link_packets_total	(empty)	(empty)	103938.0
1775132216.803474	zeek	counter	zeek_msgthread_threads_total	(empty)	(empty)	14.0
1775132216.803474	zeek	counter	zeek_msgthread_in_messages_total	(empty)	(empty)	1814.0
1775132216.803474	zeek	counter	zeek_msgthread_out_messages_total	(empty)	(empty)	0.0
1775132216.803474	zeek	counter	zeek_cluster_core_outgoing_events_total	(empty)	(empty)	0.0
1775132216.803474	zeek	counter	zeek_cluster_core_incoming_events_total	(empty)	(empty)	0.0
1775132216.803474	zeek	counter	zeek_broker_incoming_events_total	(empty)	(empty)	0.0
1775132216.803474	zeek	counter	zeek_broker_outgoing_events_total	(empty)	(empty)	0.0
1775132216.803474	zeek	counter	zeek_broker_incoming_logs_total	(empty)	(empty)	0.0
1775132216.803474	zeek	counter	zeek_broker_outgoing_logs_total	(empty)	(empty)	0.0
1775132216.803474	zeek	counter	zeek_broker_incoming_ids_total	(empty)	(empty)	0.0
1775132216.803474	zeek	counter	zeek_broker_outgoing_ids_total	(empty)	(empty)	0.0
1775132216.803474	zeek	counter	zeek_timers_total	(empty)	(empty)	13295.0
1775132216.803474	zeek	counter	zeek_dnsmgr_requests_total	(empty)	(empty)	0.0
1775132216.803474	zeek	counter	zeek_dnsmgr_successful_requests_total	(empty)	(empty)	0.0
1775132216.803474	zeek	counter	zeek_dnsmgr_failed_requests_total	(empty)	(empty)	0.0
1775132216.803474	zeek	counter	zeek_triggers_total	(empty)	(empty)	0.0
1775132216.803474	zeek	counter	zeek_ended_sessions_total	reason	inactivity	6.0
1775132216.803474	zeek	counter	zeek_event_handler_invocations_total	name	content_gap	163.0
1775132216.803474	zeek	counter	zeek_event_handler_invocations_total	name	conn_weird	75.0
1775132216.803474	zeek	counter	zeek_event_handler_invocations_total	name	mqtt_puback	167.0
1775132216.803474	zeek	counter	zeek_event_handler_invocations_total	name	connection_state_remove	808.0
1775132216.803474	zeek	counter	zeek_event_handler_invocations_total	name	dns_message	38.0
1775132216.803474	zeek	counter	zeek_event_handler_invocations_total	name	service_info_commit	785.0
1775132216.803474	zeek	counter	zeek_event_handler_invocations_total	name	net_stats_update	5.0
1775132216.803474	zeek	counter	zeek_event_handler_invocations_total	name	analyzer_violation_info	1.0
1775132216.803474	zeek	counter	zeek_event_handler_invocations_total	name	CaptureLoss::take_measurement	3.0
1775132216.803474	zeek	counter	zeek_event_handler_invocations_total	name	dns_end	38.0
1775132216.803474	zeek	counter	zeek_event_handler_invocations_total	name	dns_PTR_reply	8.0
1775132216.803474	zeek	counter	zeek_event_handler_invocations_total	name	check_stats	5.0
1775132216.803474	zeek	counter	zeek_event_handler_invocations_total	name	new_connection	811.0
1775132216.803474	zeek	counter	zeek_event_handler_invocations_total	name	zeek_script_loaded	538.0
1775132216.803474	zeek	counter	zeek_event_handler_invocations_total	name	known_service_add	1.0
1775132216.803474	zeek	counter	zeek_event_handler_invocations_total	name	Broker::log_flush	1183.0
1775132216.803474	zeek	counter	zeek_event_handler_invocations_total	name	SumStats::finish_epoch	3.0
1775132216.803474	zeek	counter	zeek_event_handler_invocations_total	name	mqtt_publish	47069.0
1775132216.803474	zeek	counter	zeek_event_handler_invocations_total	name	filter_change_tracking	6.0
1775132216.803474	zeek	counter	zeek_event_handler_invocations_total	name	NetControl::init	1.0
1775132216.803474	zeek	counter	zeek_event_handler_invocations_total	name	Telemetry::log	21.0
1775132216.803474	zeek	counter	zeek_event_handler_invocations_total	name	mqtt_suback	3.0
1775132216.803474	zeek	counter	zeek_event_handler_invocations_total	name	ChecksumOffloading::check	2.0
1775132216.803474	zeek	counter	zeek_event_handler_invocations_total	name	zeek_init	1.0
1775132216.803474	zeek	counter	zeek_event_handler_invocations_total	name	dns_request	60.0
1775132216.803474	zeek	counter	zeek_event_handler_invocations_total	name	mqtt_connack	782.0
1775132216.803474	zeek	counter	zeek_event_handler_invocations_total	name	dns_AAAA_reply	7.0
1775132216.803474	zeek	counter	zeek_event_handler_invocations_total	name	grab_vulnerable_versions	2.0
1775132216.803474	zeek	counter	zeek_event_handler_invocations_total	name	dns_A_reply	1.0
1775132216.803474	zeek	counter	zeek_event_handler_invocations_total	name	analyzer_failed	1.0
1775132216.803474	zeek	counter	zeek_event_handler_invocations_total	name	connection_flipped	1.0
1775132216.803474	zeek	counter	zeek_event_handler_invocations_total	name	analyzer_confirmation_info	805.0
1775132216.803474	zeek	counter	zeek_event_handler_invocations_total	name	connection_established	782.0
1775132216.803474	zeek	counter	zeek_event_handler_invocations_total	name	Known::host_found	1564.0
1775132216.803474	zeek	counter	zeek_event_handler_invocations_total	name	mqtt_subscribe	3.0
1775132216.803474	zeek	counter	zeek_event_handler_invocations_total	name	known_host_add	5.0
1775132216.803474	zeek	counter	zeek_event_handler_invocations_total	name	mqtt_connect	782.0
1775132216.803474	zeek	counter	zeek_total_sessions_total	protocol	icmp	6.0
1775132216.803474	zeek	counter	zeek_total_sessions_total	protocol	udp	20.0
1775132216.803474	zeek	counter	zeek_total_sessions_total	protocol	tcp	785.0
1775132216.803474	zeek	gauge	zeek_version_info	beta,commit,debug,major,minor,patch,version_number,version_string	false,0,false,8,1,1,80101,8.1.1	1.0
1775132216.803474	zeek	gauge	zeek_net_packet_lag_seconds	(empty)	(empty)	0.000568
1775132216.803474	zeek	gauge	zeek_net_timestamp_seconds	(empty)	(empty)	1775132216.803474
1775132216.803474	zeek	gauge	zeek_msgthread_active_threads	(empty)	(empty)	14.0
1775132216.803474	zeek	gauge	zeek_msgthread_pending_in_messages	(empty)	(empty)	0.0
1775132216.803474	zeek	gauge	zeek_msgthread_pending_out_messages	(empty)	(empty)	0.0
1775132216.803474	zeek	gauge	zeek_msgthread_pending_messages_in_buckets	leq	inf	14.0
1775132216.803474	zeek	gauge	zeek_msgthread_pending_messages_in_buckets	leq	10000	14.0
1775132216.803474	zeek	gauge	zeek_msgthread_pending_messages_in_buckets	leq	1000	14.0
1775132216.803474	zeek	gauge	zeek_msgthread_pending_messages_in_buckets	leq	100	14.0
1775132216.803474	zeek	gauge	zeek_msgthread_pending_messages_in_buckets	leq	10	14.0
1775132216.803474	zeek	gauge	zeek_msgthread_pending_messages_in_buckets	leq	1	14.0
1775132216.803474	zeek	gauge	zeek_msgthread_pending_messages_out_buckets	leq	inf	14.0
1775132216.803474	zeek	gauge	zeek_msgthread_pending_messages_out_buckets	leq	10000	14.0
1775132216.803474	zeek	gauge	zeek_msgthread_pending_messages_out_buckets	leq	1000	14.0
1775132216.803474	zeek	gauge	zeek_msgthread_pending_messages_out_buckets	leq	100	14.0
1775132216.803474	zeek	gauge	zeek_msgthread_pending_messages_out_buckets	leq	10	14.0
1775132216.803474	zeek	gauge	zeek_msgthread_pending_messages_out_buckets	leq	1	14.0
1775132216.803474	zeek	gauge	zeek_broker_peers	(empty)	(empty)	0.0
1775132216.803474	zeek	gauge	zeek_broker_stores	(empty)	(empty)	1.0
1775132216.803474	zeek	gauge	zeek_broker_pending_queries	(empty)	(empty)	0.0
1775132216.803474	zeek	gauge	zeek_timers_lag_time_seconds	(empty)	(empty)	0.000893
1775132216.803474	zeek	gauge	zeek_timers_pending	type	LogDelayExpire	0.0
1775132216.803474	zeek	gauge	zeek_timers_pending	type	ThreadHeartbeat	1.0
1775132216.803474	zeek	gauge	zeek_timers_pending	type	TimerMgrExpireTimer	0.0
1775132216.803474	zeek	gauge	zeek_timers_pending	type	ParentProcessIDCheck	0.0
1775132216.803474	zeek	gauge	zeek_timers_pending	type	FragTimer	0.0
1775132216.803474	zeek	gauge	zeek_timers_pending	type	RotateTimer	0.0
1775132216.803474	zeek	gauge	zeek_timers_pending	type	FlowWeirdTimer	0.0
1775132216.803474	zeek	gauge	zeek_timers_pending	type	FileAnalysisInactivityTimer	0.0
1775132216.803474	zeek	gauge	zeek_timers_pending	type	StorageExpire	1.0
1775132216.803474	zeek	gauge	zeek_timers_pending	type	ConnectionInactivityTimer	3.0
1775132216.803474	zeek	gauge	zeek_timers_pending	type	TCPConnectionExpireTimer	3.0
1775132216.803474	zeek	gauge	zeek_timers_pending	type	ConnectionStatusUpdateTimer	0.0
1775132216.803474	zeek	gauge	zeek_timers_pending	type	LogFlushWriteBufferTimer	1.0
1775132216.803474	zeek	gauge	zeek_timers_pending	type	NetWeirdTimer	0.0
1775132216.803474	zeek	gauge	zeek_timers_pending	type	InterconnTimer	0.0
1775132216.803474	zeek	gauge	zeek_timers_pending	type	IPTunnelInactivityTimer	0.0
1775132216.803474	zeek	gauge	zeek_timers_pending	type	DNSExpireTimer	0.0
1775132216.803474	zeek	gauge	zeek_timers_pending	type	UnknownProtocolExpire	0.0
1775132216.803474	zeek	gauge	zeek_timers_pending	type	ProfileTimer	0.0
1775132216.803474	zeek	gauge	zeek_timers_pending	type	ConnectionExpireTimer	0.0
1775132216.803474	zeek	gauge	zeek_timers_pending	type	BreakpointTimer	0.0
1775132216.803474	zeek	gauge	zeek_timers_pending	type	BackdoorTimer	0.0
1775132216.803474	zeek	gauge	zeek_timers_pending	type	NetbiosExpireTimer	0.0
1775132216.803474	zeek	gauge	zeek_timers_pending	type	NetworkTimer	0.0
1775132216.803474	zeek	gauge	zeek_timers_pending	type	RemoveConnection	0.0
1775132216.803474	zeek	gauge	zeek_timers_pending	type	TCPConnectionResetTimer	0.0
1775132216.803474	zeek	gauge	zeek_timers_pending	type	ConnTupleWeirdTimer	0.0
1775132216.803474	zeek	gauge	zeek_timers_pending	type	TCPConnectionDeleteTimer	0.0
1775132216.803474	zeek	gauge	zeek_timers_pending	type	ScheduleTimer	6.0
1775132216.803474	zeek	gauge	zeek_timers_pending	type	NTPExpireTimer	0.0
1775132216.803474	zeek	gauge	zeek_timers_pending	type	RPCExpireTimer	0.0
1775132216.803474	zeek	gauge	zeek_timers_pending	type	ConnectionDeleteTimer	0.0
1775132216.803474	zeek	gauge	zeek_timers_pending	type	TriggerTimer	0.0
1775132216.803474	zeek	gauge	zeek_timers_pending	type	TableValTimer	34.0
1775132216.803474	zeek	gauge	zeek_timers_pending	type	TCPConnectionAttemptTimer	0.0
1775132216.803474	zeek	gauge	zeek_timers_pending	type	TCPConnectionPartialClose	0.0
1775132216.803474	zeek	gauge	zeek_dnsmgr_pending_asyncs_requests	(empty)	(empty)	0.0
1775132216.803474	zeek	gauge	zeek_dnsmgr_cache_entries	type	text	0.0
1775132216.803474	zeek	gauge	zeek_dnsmgr_cache_entries	type	address	0.0
1775132216.803474	zeek	gauge	zeek_dnsmgr_cache_entries	type	host	0.0
1775132216.803474	zeek	gauge	zeek_pending_triggers	(empty)	(empty)	0.0
1775132216.803474	zeek	gauge	zeek_active_sessions	protocol	icmp	0.0
1775132216.803474	zeek	gauge	zeek_active_sessions	protocol	udp	0.0
1775132216.803474	zeek	gauge	zeek_active_sessions	protocol	tcp	3.0
1775132216.803474	zeek	counter	process_cpu_user_seconds_total	(empty)	(empty)	22.0
1775132216.803474	zeek	counter	process_cpu_system_seconds_total	(empty)	(empty)	19.9
1775132216.803474	zeek	gauge	process_resident_memory_bytes	(empty)	(empty)	284286976.0
1775132216.803474	zeek	gauge	process_virtual_memory_bytes	(empty)	(empty)	2071871488.0
1775132216.803474	zeek	gauge	process_open_fds	(empty)	(empty)	64.0
1775132216.803474	zeek	gauge	process_start_time_seconds	(empty)	(empty)	1775131014.997737
1775132276.805595	zeek	counter	zeek_log_stream_writes_total	module,stream	Analyzer::Logging,Analyzer::Logging::LOG	1.0
1775132276.805595	zeek	counter	zeek_log_stream_writes_total	module,stream	PacketFilter,PacketFilter::LOG	1.0
1775132276.805595	zeek	counter	zeek_log_stream_writes_total	module,stream	MQTT,MQTT::CONNECT_LOG	782.0
1775132276.805595	zeek	counter	zeek_log_stream_writes_total	module,stream	LoadedScripts,LoadedScripts::LOG	538.0
1775132276.805595	zeek	counter	zeek_log_stream_writes_total	module,stream	Telemetry,Telemetry::LOG	4054.0
1775132276.805595	zeek	counter	zeek_log_stream_writes_total	module,stream	Stats,Stats::LOG	5.0
1775132276.805595	zeek	counter	zeek_log_stream_writes_total	module,stream	MQTT,MQTT::PUBLISH_LOG	47129.0
1775132276.805595	zeek	counter	zeek_log_stream_writes_total	module,stream	Weird,Weird::LOG	3.0
1775132276.805595	zeek	counter	zeek_log_stream_writes_total	module,stream	DNS,DNS::LOG	31.0
1775132276.805595	zeek	counter	zeek_log_stream_writes_total	module,stream	Known,Known::SERVICES_LOG	1.0
1775132276.805595	zeek	counter	zeek_log_stream_writes_total	module,stream	Known,Known::HOSTS_LOG	5.0
1775132276.805595	zeek	counter	zeek_log_stream_writes_total	module,stream	MQTT,MQTT::SUBSCRIBE_LOG	3.0
1775132276.805595	zeek	counter	zeek_log_stream_writes_total	module,stream	Conn,Conn::LOG	808.0
1775132276.805595	zeek	counter	zeek_log_stream_writes_total	module,stream	CaptureLoss,CaptureLoss::LOG	2.0
1775132276.805595	zeek	counter	zeek_log_writer_writes_total	filter_name,module,path,stream,writer	default,Analyzer::Logging,analyzer,Analyzer::Logging::LOG,Log::WRITER_ASCII	1.0
1775132276.805595	zeek	counter	zeek_log_writer_writes_total	filter_name,module,path,stream,writer	default,PacketFilter,packet_filter,PacketFilter::LOG,Log::WRITER_ASCII	1.0
1775132276.805595	zeek	counter	zeek_log_writer_writes_total	filter_name,module,path,stream,writer	default,LoadedScripts,loaded_scripts,LoadedScripts::LOG,Log::WRITER_ASCII	538.0
1775132276.805595	zeek	counter	zeek_log_writer_writes_total	filter_name,module,path,stream,writer	default,Telemetry,telemetry,Telemetry::LOG,Log::WRITER_ASCII	4054.0
1775132276.805595	zeek	counter	zeek_log_writer_writes_total	filter_name,module,path,stream,writer	default,Stats,stats,Stats::LOG,Log::WRITER_ASCII	5.0
1775132276.805595	zeek	counter	zeek_log_writer_writes_total	filter_name,module,path,stream,writer	default,Weird,weird,Weird::LOG,Log::WRITER_ASCII	3.0
1775132276.805595	zeek	counter	zeek_log_writer_writes_total	filter_name,module,path,stream,writer	default,DNS,dns,DNS::LOG,Log::WRITER_ASCII	31.0
1775132276.805595	zeek	counter	zeek_log_writer_writes_total	filter_name,module,path,stream,writer	default,MQTT,mqtt_publish,MQTT::PUBLISH_LOG,Log::WRITER_ASCII	47129.0
1775132276.805595	zeek	counter	zeek_log_writer_writes_total	filter_name,module,path,stream,writer	default,Known,known_hosts,Known::HOSTS_LOG,Log::WRITER_ASCII	5.0
1775132276.805595	zeek	counter	zeek_log_writer_writes_total	filter_name,module,path,stream,writer	default,MQTT,mqtt_connect,MQTT::CONNECT_LOG,Log::WRITER_ASCII	782.0
1775132276.805595	zeek	counter	zeek_log_writer_writes_total	filter_name,module,path,stream,writer	default,MQTT,mqtt_subscribe,MQTT::SUBSCRIBE_LOG,Log::WRITER_ASCII	3.0
1775132276.805595	zeek	counter	zeek_log_writer_writes_total	filter_name,module,path,stream,writer	default,Known,known_services,Known::SERVICES_LOG,Log::WRITER_ASCII	1.0
1775132276.805595	zeek	counter	zeek_log_writer_writes_total	filter_name,module,path,stream,writer	default,Conn,conn,Conn::LOG,Log::WRITER_ASCII	808.0
1775132276.805595	zeek	counter	zeek_log_writer_writes_total	filter_name,module,path,stream,writer	default,CaptureLoss,capture_loss,CaptureLoss::LOG,Log::WRITER_ASCII	2.0
1775132276.805595	zeek	counter	zeek_log_writer_discarded_writes_total	filter_name,module,path,stream,writer	default,Analyzer::Logging,analyzer,Analyzer::Logging::LOG,Log::WRITER_ASCII	0.0
1775132276.805595	zeek	counter	zeek_log_writer_discarded_writes_total	filter_name,module,path,stream,writer	default,PacketFilter,packet_filter,PacketFilter::LOG,Log::WRITER_ASCII	0.0
1775132276.805595	zeek	counter	zeek_log_writer_discarded_writes_total	filter_name,module,path,stream,writer	default,LoadedScripts,loaded_scripts,LoadedScripts::LOG,Log::WRITER_ASCII	0.0
1775132276.805595	zeek	counter	zeek_log_writer_discarded_writes_total	filter_name,module,path,stream,writer	default,Telemetry,telemetry,Telemetry::LOG,Log::WRITER_ASCII	0.0
1775132276.805595	zeek	counter	zeek_log_writer_discarded_writes_total	filter_name,module,path,stream,writer	default,Stats,stats,Stats::LOG,Log::WRITER_ASCII	0.0
1775132276.805595	zeek	counter	zeek_log_writer_discarded_writes_total	filter_name,module,path,stream,writer	default,Weird,weird,Weird::LOG,Log::WRITER_ASCII	0.0
1775132276.805595	zeek	counter	zeek_log_writer_discarded_writes_total	filter_name,module,path,stream,writer	default,DNS,dns,DNS::LOG,Log::WRITER_ASCII	0.0
1775132276.805595	zeek	counter	zeek_log_writer_discarded_writes_total	filter_name,module,path,stream,writer	default,MQTT,mqtt_publish,MQTT::PUBLISH_LOG,Log::WRITER_ASCII	0.0
1775132276.805595	zeek	counter	zeek_log_writer_discarded_writes_total	filter_name,module,path,stream,writer	default,Known,known_hosts,Known::HOSTS_LOG,Log::WRITER_ASCII	0.0
1775132276.805595	zeek	counter	zeek_log_writer_discarded_writes_total	filter_name,module,path,stream,writer	default,MQTT,mqtt_connect,MQTT::CONNECT_LOG,Log::WRITER_ASCII	0.0
1775132276.805595	zeek	counter	zeek_log_writer_discarded_writes_total	filter_name,module,path,stream,writer	default,MQTT,mqtt_subscribe,MQTT::SUBSCRIBE_LOG,Log::WRITER_ASCII	0.0
1775132276.805595	zeek	counter	zeek_log_writer_discarded_writes_total	filter_name,module,path,stream,writer	default,Known,known_services,Known::SERVICES_LOG,Log::WRITER_ASCII	0.0
1775132276.805595	zeek	counter	zeek_log_writer_discarded_writes_total	filter_name,module,path,stream,writer	default,Conn,conn,Conn::LOG,Log::WRITER_ASCII	0.0
1775132276.805595	zeek	counter	zeek_log_writer_discarded_writes_total	filter_name,module,path,stream,writer	default,CaptureLoss,capture_loss,CaptureLoss::LOG,Log::WRITER_ASCII	0.0
1775132276.805595	zeek	counter	zeek_log_writer_truncated_string_fields_total	filter_name,module,path,stream,writer	default,Analyzer::Logging,analyzer,Analyzer::Logging::LOG,Log::WRITER_ASCII	0.0
1775132276.805595	zeek	counter	zeek_log_writer_truncated_string_fields_total	filter_name,module,path,stream,writer	default,PacketFilter,packet_filter,PacketFilter::LOG,Log::WRITER_ASCII	0.0
1775132276.805595	zeek	counter	zeek_log_writer_truncated_string_fields_total	filter_name,module,path,stream,writer	default,LoadedScripts,loaded_scripts,LoadedScripts::LOG,Log::WRITER_ASCII	0.0
1775132276.805595	zeek	counter	zeek_log_writer_truncated_string_fields_total	filter_name,module,path,stream,writer	default,Telemetry,telemetry,Telemetry::LOG,Log::WRITER_ASCII	0.0
1775132276.805595	zeek	counter	zeek_log_writer_truncated_string_fields_total	filter_name,module,path,stream,writer	default,Stats,stats,Stats::LOG,Log::WRITER_ASCII	0.0
1775132276.805595	zeek	counter	zeek_log_writer_truncated_string_fields_total	filter_name,module,path,stream,writer	default,Weird,weird,Weird::LOG,Log::WRITER_ASCII	0.0
1775132276.805595	zeek	counter	zeek_log_writer_truncated_string_fields_total	filter_name,module,path,stream,writer	default,DNS,dns,DNS::LOG,Log::WRITER_ASCII	0.0
1775132276.805595	zeek	counter	zeek_log_writer_truncated_string_fields_total	filter_name,module,path,stream,writer	default,MQTT,mqtt_publish,MQTT::PUBLISH_LOG,Log::WRITER_ASCII	0.0
1775132276.805595	zeek	counter	zeek_log_writer_truncated_string_fields_total	filter_name,module,path,stream,writer	default,Known,known_hosts,Known::HOSTS_LOG,Log::WRITER_ASCII	0.0
1775132276.805595	zeek	counter	zeek_log_writer_truncated_string_fields_total	filter_name,module,path,stream,writer	default,MQTT,mqtt_connect,MQTT::CONNECT_LOG,Log::WRITER_ASCII	0.0
1775132276.805595	zeek	counter	zeek_log_writer_truncated_string_fields_total	filter_name,module,path,stream,writer	default,MQTT,mqtt_subscribe,MQTT::SUBSCRIBE_LOG,Log::WRITER_ASCII	0.0
1775132276.805595	zeek	counter	zeek_log_writer_truncated_string_fields_total	filter_name,module,path,stream,writer	default,Known,known_services,Known::SERVICES_LOG,Log::WRITER_ASCII	0.0
1775132276.805595	zeek	counter	zeek_log_writer_truncated_string_fields_total	filter_name,module,path,stream,writer	default,Conn,conn,Conn::LOG,Log::WRITER_ASCII	0.0
1775132276.805595	zeek	counter	zeek_log_writer_truncated_string_fields_total	filter_name,module,path,stream,writer	default,CaptureLoss,capture_loss,CaptureLoss::LOG,Log::WRITER_ASCII	0.0
1775132276.805595	zeek	counter	zeek_log_writer_truncated_containers_total	filter_name,module,path,stream,writer	default,Analyzer::Logging,analyzer,Analyzer::Logging::LOG,Log::WRITER_ASCII	0.0
1775132276.805595	zeek	counter	zeek_log_writer_truncated_containers_total	filter_name,module,path,stream,writer	default,PacketFilter,packet_filter,PacketFilter::LOG,Log::WRITER_ASCII	0.0
1775132276.805595	zeek	counter	zeek_log_writer_truncated_containers_total	filter_name,module,path,stream,writer	default,LoadedScripts,loaded_scripts,LoadedScripts::LOG,Log::WRITER_ASCII	0.0
1775132276.805595	zeek	counter	zeek_log_writer_truncated_containers_total	filter_name,module,path,stream,writer	default,Telemetry,telemetry,Telemetry::LOG,Log::WRITER_ASCII	0.0
1775132276.805595	zeek	counter	zeek_log_writer_truncated_containers_total	filter_name,module,path,stream,writer	default,Stats,stats,Stats::LOG,Log::WRITER_ASCII	0.0
1775132276.805595	zeek	counter	zeek_log_writer_truncated_containers_total	filter_name,module,path,stream,writer	default,Weird,weird,Weird::LOG,Log::WRITER_ASCII	0.0
1775132276.805595	zeek	counter	zeek_log_writer_truncated_containers_total	filter_name,module,path,stream,writer	default,DNS,dns,DNS::LOG,Log::WRITER_ASCII	0.0
1775132276.805595	zeek	counter	zeek_log_writer_truncated_containers_total	filter_name,module,path,stream,writer	default,MQTT,mqtt_publish,MQTT::PUBLISH_LOG,Log::WRITER_ASCII	0.0
1775132276.805595	zeek	counter	zeek_log_writer_truncated_containers_total	filter_name,module,path,stream,writer	default,Known,known_hosts,Known::HOSTS_LOG,Log::WRITER_ASCII	0.0
1775132276.805595	zeek	counter	zeek_log_writer_truncated_containers_total	filter_name,module,path,stream,writer	default,MQTT,mqtt_connect,MQTT::CONNECT_LOG,Log::WRITER_ASCII	0.0
1775132276.805595	zeek	counter	zeek_log_writer_truncated_containers_total	filter_name,module,path,stream,writer	default,MQTT,mqtt_subscribe,MQTT::SUBSCRIBE_LOG,Log::WRITER_ASCII	0.0
1775132276.805595	zeek	counter	zeek_log_writer_truncated_containers_total	filter_name,module,path,stream,writer	default,Known,known_services,Known::SERVICES_LOG,Log::WRITER_ASCII	0.0
1775132276.805595	zeek	counter	zeek_log_writer_truncated_containers_total	filter_name,module,path,stream,writer	default,Conn,conn,Conn::LOG,Log::WRITER_ASCII	0.0
1775132276.805595	zeek	counter	zeek_log_writer_truncated_containers_total	filter_name,module,path,stream,writer	default,CaptureLoss,capture_loss,CaptureLoss::LOG,Log::WRITER_ASCII	0.0
1775132276.805595	zeek	counter	zeek_net_received_bytes_total	(empty)	(empty)	19264244.0
1775132276.805595	zeek	counter	zeek_net_received_packets_total	(empty)	(empty)	104075.0
1775132276.805595	zeek	counter	zeek_net_dropped_packets_total	(empty)	(empty)	0.0
1775132276.805595	zeek	counter	zeek_net_link_packets_total	(empty)	(empty)	104075.0
1775132276.805595	zeek	counter	zeek_msgthread_threads_total	(empty)	(empty)	14.0
1775132276.805595	zeek	counter	zeek_msgthread_in_messages_total	(empty)	(empty)	1843.0
1775132276.805595	zeek	counter	zeek_msgthread_out_messages_total	(empty)	(empty)	0.0
1775132276.805595	zeek	counter	zeek_cluster_core_outgoing_events_total	(empty)	(empty)	0.0
1775132276.805595	zeek	counter	zeek_cluster_core_incoming_events_total	(empty)	(empty)	0.0
1775132276.805595	zeek	counter	zeek_broker_incoming_events_total	(empty)	(empty)	0.0
1775132276.805595	zeek	counter	zeek_broker_outgoing_events_total	(empty)	(empty)	0.0
1775132276.805595	zeek	counter	zeek_broker_incoming_logs_total	(empty)	(empty)	0.0
1775132276.805595	zeek	counter	zeek_broker_outgoing_logs_total	(empty)	(empty)	0.0
1775132276.805595	zeek	counter	zeek_broker_incoming_ids_total	(empty)	(empty)	0.0
1775132276.805595	zeek	counter	zeek_broker_outgoing_ids_total	(empty)	(empty)	0.0
1775132276.805595	zeek	counter	zeek_timers_total	(empty)	(empty)	13712.0
1775132276.805595	zeek	counter	zeek_dnsmgr_requests_total	(empty)	(empty)	0.0
1775132276.805595	zeek	counter	zeek_dnsmgr_successful_requests_total	(empty)	(empty)	0.0
1775132276.805595	zeek	counter	zeek_dnsmgr_failed_requests_total	(empty)	(empty)	0.0
1775132276.805595	zeek	counter	zeek_triggers_total	(empty)	(empty)	0.0
1775132276.805595	zeek	counter	zeek_ended_sessions_total	reason	inactivity	6.0
1775132276.805595	zeek	counter	zeek_event_handler_invocations_total	name	content_gap	163.0
1775132276.805595	zeek	counter	zeek_event_handler_invocations_total	name	conn_weird	75.0
1775132276.805595	zeek	counter	zeek_event_handler_invocations_total	name	mqtt_puback	167.0
1775132276.805595	zeek	counter	zeek_event_handler_invocations_total	name	connection_state_remove	808.0
1775132276.805595	zeek	counter	zeek_event_handler_invocations_total	name	dns_message	38.0
1775132276.805595	zeek	counter	zeek_event_handler_invocations_total	name	service_info_commit	785.0
1775132276.805595	zeek	counter	zeek_event_handler_invocations_total	name	net_stats_update	5.0
1775132276.805595	zeek	counter	zeek_event_handler_invocations_total	name	analyzer_violation_info	1.0
1775132276.805595	zeek	counter	zeek_event_handler_invocations_total	name	CaptureLoss::take_measurement	3.0
1775132276.805595	zeek	counter	zeek_event_handler_invocations_total	name	dns_end	38.0
1775132276.805595	zeek	counter	zeek_event_handler_invocations_total	name	dns_PTR_reply	8.0
1775132276.805595	zeek	counter	zeek_event_handler_invocations_total	name	check_stats	5.0
1775132276.805595	zeek	counter	zeek_event_handler_invocations_total	name	new_connection	811.0
1775132276.805595	zeek	counter	zeek_event_handler_invocations_total	name	zeek_script_loaded	538.0
1775132276.805595	zeek	counter	zeek_event_handler_invocations_total	name	known_service_add	1.0
1775132276.805595	zeek	counter	zeek_event_handler_invocations_total	name	Broker::log_flush	1242.0
1775132276.805595	zeek	counter	zeek_event_handler_invocations_total	name	SumStats::finish_epoch	3.0
1775132276.805595	zeek	counter	zeek_event_handler_invocations_total	name	mqtt_publish	47129.0
1775132276.805595	zeek	counter	zeek_event_handler_invocations_total	name	filter_change_tracking	6.0
1775132276.805595	zeek	counter	zeek_event_handler_invocations_total	name	NetControl::init	1.0
1775132276.805595	zeek	counter	zeek_event_handler_invocations_total	name	Telemetry::log	22.0
1775132276.805595	zeek	counter	zeek_event_handler_invocations_total	name	mqtt_suback	3.0
1775132276.805595	zeek	counter	zeek_event_handler_invocations_total	name	ChecksumOffloading::check	2.0
1775132276.805595	zeek	counter	zeek_event_handler_invocations_total	name	zeek_init	1.0
1775132276.805595	zeek	counter	zeek_event_handler_invocations_total	name	dns_request	60.0
1775132276.805595	zeek	counter	zeek_event_handler_invocations_total	name	mqtt_connack	782.0
1775132276.805595	zeek	counter	zeek_event_handler_invocations_total	name	dns_AAAA_reply	7.0
1775132276.805595	zeek	counter	zeek_event_handler_invocations_total	name	grab_vulnerable_versions	2.0
1775132276.805595	zeek	counter	zeek_event_handler_invocations_total	name	dns_A_reply	1.0
1775132276.805595	zeek	counter	zeek_event_handler_invocations_total	name	analyzer_failed	1.0
1775132276.805595	zeek	counter	zeek_event_handler_invocations_total	name	connection_flipped	1.0
1775132276.805595	zeek	counter	zeek_event_handler_invocations_total	name	analyzer_confirmation_info	805.0
1775132276.805595	zeek	counter	zeek_event_handler_invocations_total	name	connection_established	782.0
1775132276.805595	zeek	counter	zeek_event_handler_invocations_total	name	Known::host_found	1564.0
1775132276.805595	zeek	counter	zeek_event_handler_invocations_total	name	mqtt_subscribe	3.0
1775132276.805595	zeek	counter	zeek_event_handler_invocations_total	name	known_host_add	5.0
1775132276.805595	zeek	counter	zeek_event_handler_invocations_total	name	mqtt_connect	782.0
1775132276.805595	zeek	counter	zeek_total_sessions_total	protocol	icmp	6.0
1775132276.805595	zeek	counter	zeek_total_sessions_total	protocol	udp	20.0
1775132276.805595	zeek	counter	zeek_total_sessions_total	protocol	tcp	785.0
1775132276.805595	zeek	gauge	zeek_version_info	beta,commit,debug,major,minor,patch,version_number,version_string	false,0,false,8,1,1,80101,8.1.1	1.0
1775132276.805595	zeek	gauge	zeek_net_packet_lag_seconds	(empty)	(empty)	0.0008
1775132276.805595	zeek	gauge	zeek_net_timestamp_seconds	(empty)	(empty)	1775132276.805595
1775132276.805595	zeek	gauge	zeek_msgthread_active_threads	(empty)	(empty)	14.0
1775132276.805595	zeek	gauge	zeek_msgthread_pending_in_messages	(empty)	(empty)	0.0
1775132276.805595	zeek	gauge	zeek_msgthread_pending_out_messages	(empty)	(empty)	0.0
1775132276.805595	zeek	gauge	zeek_msgthread_pending_messages_in_buckets	leq	inf	14.0
1775132276.805595	zeek	gauge	zeek_msgthread_pending_messages_in_buckets	leq	10000	14.0
1775132276.805595	zeek	gauge	zeek_msgthread_pending_messages_in_buckets	leq	1000	14.0
1775132276.805595	zeek	gauge	zeek_msgthread_pending_messages_in_buckets	leq	100	14.0
1775132276.805595	zeek	gauge	zeek_msgthread_pending_messages_in_buckets	leq	10	14.0
1775132276.805595	zeek	gauge	zeek_msgthread_pending_messages_in_buckets	leq	1	14.0
1775132276.805595	zeek	gauge	zeek_msgthread_pending_messages_out_buckets	leq	inf	14.0
1775132276.805595	zeek	gauge	zeek_msgthread_pending_messages_out_buckets	leq	10000	14.0
1775132276.805595	zeek	gauge	zeek_msgthread_pending_messages_out_buckets	leq	1000	14.0
1775132276.805595	zeek	gauge	zeek_msgthread_pending_messages_out_buckets	leq	100	14.0
1775132276.805595	zeek	gauge	zeek_msgthread_pending_messages_out_buckets	leq	10	14.0
1775132276.805595	zeek	gauge	zeek_msgthread_pending_messages_out_buckets	leq	1	14.0
1775132276.805595	zeek	gauge	zeek_broker_peers	(empty)	(empty)	0.0
1775132276.805595	zeek	gauge	zeek_broker_stores	(empty)	(empty)	1.0
1775132276.805595	zeek	gauge	zeek_broker_pending_queries	(empty)	(empty)	0.0
1775132276.805595	zeek	gauge	zeek_timers_lag_time_seconds	(empty)	(empty)	0.002121
1775132276.805595	zeek	gauge	zeek_timers_pending	type	LogDelayExpire	0.0
1775132276.805595	zeek	gauge	zeek_timers_pending	type	ThreadHeartbeat	1.0
1775132276.805595	zeek	gauge	zeek_timers_pending	type	TimerMgrExpireTimer	0.0
1775132276.805595	zeek	gauge	zeek_timers_pending	type	ParentProcessIDCheck	0.0
1775132276.805595	zeek	gauge	zeek_timers_pending	type	FragTimer	0.0
1775132276.805595	zeek	gauge	zeek_timers_pending	type	RotateTimer	0.0
1775132276.805595	zeek	gauge	zeek_timers_pending	type	FlowWeirdTimer	0.0
1775132276.805595	zeek	gauge	zeek_timers_pending	type	FileAnalysisInactivityTimer	0.0
1775132276.805595	zeek	gauge	zeek_timers_pending	type	StorageExpire	1.0
1775132276.805595	zeek	gauge	zeek_timers_pending	type	ConnectionInactivityTimer	3.0
1775132276.805595	zeek	gauge	zeek_timers_pending	type	TCPConnectionExpireTimer	3.0
1775132276.805595	zeek	gauge	zeek_timers_pending	type	ConnectionStatusUpdateTimer	0.0
1775132276.805595	zeek	gauge	zeek_timers_pending	type	LogFlushWriteBufferTimer	1.0
1775132276.805595	zeek	gauge	zeek_timers_pending	type	NetWeirdTimer	0.0
1775132276.805595	zeek	gauge	zeek_timers_pending	type	InterconnTimer	0.0
1775132276.805595	zeek	gauge	zeek_timers_pending	type	IPTunnelInactivityTimer	0.0
1775132276.805595	zeek	gauge	zeek_timers_pending	type	DNSExpireTimer	0.0
1775132276.805595	zeek	gauge	zeek_timers_pending	type	UnknownProtocolExpire	0.0
1775132276.805595	zeek	gauge	zeek_timers_pending	type	ProfileTimer	0.0
1775132276.805595	zeek	gauge	zeek_timers_pending	type	ConnectionExpireTimer	0.0
1775132276.805595	zeek	gauge	zeek_timers_pending	type	BreakpointTimer	0.0
1775132276.805595	zeek	gauge	zeek_timers_pending	type	BackdoorTimer	0.0
1775132276.805595	zeek	gauge	zeek_timers_pending	type	NetbiosExpireTimer	0.0
1775132276.805595	zeek	gauge	zeek_timers_pending	type	NetworkTimer	0.0
1775132276.805595	zeek	gauge	zeek_timers_pending	type	RemoveConnection	0.0
1775132276.805595	zeek	gauge	zeek_timers_pending	type	TCPConnectionResetTimer	0.0
1775132276.805595	zeek	gauge	zeek_timers_pending	type	ConnTupleWeirdTimer	0.0
1775132276.805595	zeek	gauge	zeek_timers_pending	type	TCPConnectionDeleteTimer	0.0
1775132276.805595	zeek	gauge	zeek_timers_pending	type	ScheduleTimer	6.0
1775132276.805595	zeek	gauge	zeek_timers_pending	type	NTPExpireTimer	0.0
1775132276.805595	zeek	gauge	zeek_timers_pending	type	RPCExpireTimer	0.0
1775132276.805595	zeek	gauge	zeek_timers_pending	type	ConnectionDeleteTimer	0.0
1775132276.805595	zeek	gauge	zeek_timers_pending	type	TriggerTimer	0.0
1775132276.805595	zeek	gauge	zeek_timers_pending	type	TableValTimer	34.0
1775132276.805595	zeek	gauge	zeek_timers_pending	type	TCPConnectionAttemptTimer	0.0
1775132276.805595	zeek	gauge	zeek_timers_pending	type	TCPConnectionPartialClose	0.0
1775132276.805595	zeek	gauge	zeek_dnsmgr_pending_asyncs_requests	(empty)	(empty)	0.0
1775132276.805595	zeek	gauge	zeek_dnsmgr_cache_entries	type	text	0.0
1775132276.805595	zeek	gauge	zeek_dnsmgr_cache_entries	type	address	0.0
1775132276.805595	zeek	gauge	zeek_dnsmgr_cache_entries	type	host	0.0
1775132276.805595	zeek	gauge	zeek_pending_triggers	(empty)	(empty)	0.0
1775132276.805595	zeek	gauge	zeek_active_sessions	protocol	icmp	0.0
1775132276.805595	zeek	gauge	zeek_active_sessions	protocol	udp	0.0
1775132276.805595	zeek	gauge	zeek_active_sessions	protocol	tcp	3.0
1775132276.805595	zeek	counter	process_cpu_user_seconds_total	(empty)	(empty)	22.18
1775132276.805595	zeek	counter	process_cpu_system_seconds_total	(empty)	(empty)	20.18
1775132276.805595	zeek	gauge	process_resident_memory_bytes	(empty)	(empty)	284286976.0
1775132276.805595	zeek	gauge	process_virtual_memory_bytes	(empty)	(empty)	2071871488.0
1775132276.805595	zeek	gauge	process_open_fds	(empty)	(empty)	64.0
1775132276.805595	zeek	gauge	process_start_time_seconds	(empty)	(empty)	1775131014.997737
1775132336.809272	zeek	counter	zeek_log_stream_writes_total	module,stream	Analyzer::Logging,Analyzer::Logging::LOG	1.0
1775132336.809272	zeek	counter	zeek_log_stream_writes_total	module,stream	PacketFilter,PacketFilter::LOG	1.0
1775132336.809272	zeek	counter	zeek_log_stream_writes_total	module,stream	MQTT,MQTT::CONNECT_LOG	782.0
1775132336.809272	zeek	counter	zeek_log_stream_writes_total	module,stream	LoadedScripts,LoadedScripts::LOG	538.0
1775132336.809272	zeek	counter	zeek_log_stream_writes_total	module,stream	Telemetry,Telemetry::LOG	4257.0
1775132336.809272	zeek	counter	zeek_log_stream_writes_total	module,stream	Stats,Stats::LOG	5.0
1775132336.809272	zeek	counter	zeek_log_stream_writes_total	module,stream	MQTT,MQTT::PUBLISH_LOG	47197.0
1775132336.809272	zeek	counter	zeek_log_stream_writes_total	module,stream	Weird,Weird::LOG	3.0
1775132336.809272	zeek	counter	zeek_log_stream_writes_total	module,stream	DNS,DNS::LOG	31.0
1775132336.809272	zeek	counter	zeek_log_stream_writes_total	module,stream	Known,Known::SERVICES_LOG	1.0
1775132336.809272	zeek	counter	zeek_log_stream_writes_total	module,stream	Known,Known::HOSTS_LOG	5.0
1775132336.809272	zeek	counter	zeek_log_stream_writes_total	module,stream	MQTT,MQTT::SUBSCRIBE_LOG	3.0
1775132336.809272	zeek	counter	zeek_log_stream_writes_total	module,stream	Conn,Conn::LOG	808.0
1775132336.809272	zeek	counter	zeek_log_stream_writes_total	module,stream	CaptureLoss,CaptureLoss::LOG	2.0
1775132336.809272	zeek	counter	zeek_log_writer_writes_total	filter_name,module,path,stream,writer	default,Analyzer::Logging,analyzer,Analyzer::Logging::LOG,Log::WRITER_ASCII	1.0
1775132336.809272	zeek	counter	zeek_log_writer_writes_total	filter_name,module,path,stream,writer	default,PacketFilter,packet_filter,PacketFilter::LOG,Log::WRITER_ASCII	1.0
1775132336.809272	zeek	counter	zeek_log_writer_writes_total	filter_name,module,path,stream,writer	default,LoadedScripts,loaded_scripts,LoadedScripts::LOG,Log::WRITER_ASCII	538.0
1775132336.809272	zeek	counter	zeek_log_writer_writes_total	filter_name,module,path,stream,writer	default,Telemetry,telemetry,Telemetry::LOG,Log::WRITER_ASCII	4257.0
1775132336.809272	zeek	counter	zeek_log_writer_writes_total	filter_name,module,path,stream,writer	default,Stats,stats,Stats::LOG,Log::WRITER_ASCII	5.0
1775132336.809272	zeek	counter	zeek_log_writer_writes_total	filter_name,module,path,stream,writer	default,Weird,weird,Weird::LOG,Log::WRITER_ASCII	3.0
1775132336.809272	zeek	counter	zeek_log_writer_writes_total	filter_name,module,path,stream,writer	default,DNS,dns,DNS::LOG,Log::WRITER_ASCII	31.0
1775132336.809272	zeek	counter	zeek_log_writer_writes_total	filter_name,module,path,stream,writer	default,MQTT,mqtt_publish,MQTT::PUBLISH_LOG,Log::WRITER_ASCII	47197.0
1775132336.809272	zeek	counter	zeek_log_writer_writes_total	filter_name,module,path,stream,writer	default,Known,known_hosts,Known::HOSTS_LOG,Log::WRITER_ASCII	5.0
1775132336.809272	zeek	counter	zeek_log_writer_writes_total	filter_name,module,path,stream,writer	default,MQTT,mqtt_connect,MQTT::CONNECT_LOG,Log::WRITER_ASCII	782.0
1775132336.809272	zeek	counter	zeek_log_writer_writes_total	filter_name,module,path,stream,writer	default,MQTT,mqtt_subscribe,MQTT::SUBSCRIBE_LOG,Log::WRITER_ASCII	3.0
1775132336.809272	zeek	counter	zeek_log_writer_writes_total	filter_name,module,path,stream,writer	default,Known,known_services,Known::SERVICES_LOG,Log::WRITER_ASCII	1.0
1775132336.809272	zeek	counter	zeek_log_writer_writes_total	filter_name,module,path,stream,writer	default,Conn,conn,Conn::LOG,Log::WRITER_ASCII	808.0
1775132336.809272	zeek	counter	zeek_log_writer_writes_total	filter_name,module,path,stream,writer	default,CaptureLoss,capture_loss,CaptureLoss::LOG,Log::WRITER_ASCII	2.0
1775132336.809272	zeek	counter	zeek_log_writer_discarded_writes_total	filter_name,module,path,stream,writer	default,Analyzer::Logging,analyzer,Analyzer::Logging::LOG,Log::WRITER_ASCII	0.0
1775132336.809272	zeek	counter	zeek_log_writer_discarded_writes_total	filter_name,module,path,stream,writer	default,PacketFilter,packet_filter,PacketFilter::LOG,Log::WRITER_ASCII	0.0
1775132336.809272	zeek	counter	zeek_log_writer_discarded_writes_total	filter_name,module,path,stream,writer	default,LoadedScripts,loaded_scripts,LoadedScripts::LOG,Log::WRITER_ASCII	0.0
1775132336.809272	zeek	counter	zeek_log_writer_discarded_writes_total	filter_name,module,path,stream,writer	default,Telemetry,telemetry,Telemetry::LOG,Log::WRITER_ASCII	0.0
1775132336.809272	zeek	counter	zeek_log_writer_discarded_writes_total	filter_name,module,path,stream,writer	default,Stats,stats,Stats::LOG,Log::WRITER_ASCII	0.0
1775132336.809272	zeek	counter	zeek_log_writer_discarded_writes_total	filter_name,module,path,stream,writer	default,Weird,weird,Weird::LOG,Log::WRITER_ASCII	0.0
1775132336.809272	zeek	counter	zeek_log_writer_discarded_writes_total	filter_name,module,path,stream,writer	default,DNS,dns,DNS::LOG,Log::WRITER_ASCII	0.0
1775132336.809272	zeek	counter	zeek_log_writer_discarded_writes_total	filter_name,module,path,stream,writer	default,MQTT,mqtt_publish,MQTT::PUBLISH_LOG,Log::WRITER_ASCII	0.0
1775132336.809272	zeek	counter	zeek_log_writer_discarded_writes_total	filter_name,module,path,stream,writer	default,Known,known_hosts,Known::HOSTS_LOG,Log::WRITER_ASCII	0.0
1775132336.809272	zeek	counter	zeek_log_writer_discarded_writes_total	filter_name,module,path,stream,writer	default,MQTT,mqtt_connect,MQTT::CONNECT_LOG,Log::WRITER_ASCII	0.0
1775132336.809272	zeek	counter	zeek_log_writer_discarded_writes_total	filter_name,module,path,stream,writer	default,MQTT,mqtt_subscribe,MQTT::SUBSCRIBE_LOG,Log::WRITER_ASCII	0.0
1775132336.809272	zeek	counter	zeek_log_writer_discarded_writes_total	filter_name,module,path,stream,writer	default,Known,known_services,Known::SERVICES_LOG,Log::WRITER_ASCII	0.0
1775132336.809272	zeek	counter	zeek_log_writer_discarded_writes_total	filter_name,module,path,stream,writer	default,Conn,conn,Conn::LOG,Log::WRITER_ASCII	0.0
1775132336.809272	zeek	counter	zeek_log_writer_discarded_writes_total	filter_name,module,path,stream,writer	default,CaptureLoss,capture_loss,CaptureLoss::LOG,Log::WRITER_ASCII	0.0
1775132336.809272	zeek	counter	zeek_log_writer_truncated_string_fields_total	filter_name,module,path,stream,writer	default,Analyzer::Logging,analyzer,Analyzer::Logging::LOG,Log::WRITER_ASCII	0.0
1775132336.809272	zeek	counter	zeek_log_writer_truncated_string_fields_total	filter_name,module,path,stream,writer	default,PacketFilter,packet_filter,PacketFilter::LOG,Log::WRITER_ASCII	0.0
1775132336.809272	zeek	counter	zeek_log_writer_truncated_string_fields_total	filter_name,module,path,stream,writer	default,LoadedScripts,loaded_scripts,LoadedScripts::LOG,Log::WRITER_ASCII	0.0
1775132336.809272	zeek	counter	zeek_log_writer_truncated_string_fields_total	filter_name,module,path,stream,writer	default,Telemetry,telemetry,Telemetry::LOG,Log::WRITER_ASCII	0.0
1775132336.809272	zeek	counter	zeek_log_writer_truncated_string_fields_total	filter_name,module,path,stream,writer	default,Stats,stats,Stats::LOG,Log::WRITER_ASCII	0.0
1775132336.809272	zeek	counter	zeek_log_writer_truncated_string_fields_total	filter_name,module,path,stream,writer	default,Weird,weird,Weird::LOG,Log::WRITER_ASCII	0.0
1775132336.809272	zeek	counter	zeek_log_writer_truncated_string_fields_total	filter_name,module,path,stream,writer	default,DNS,dns,DNS::LOG,Log::WRITER_ASCII	0.0
1775132336.809272	zeek	counter	zeek_log_writer_truncated_string_fields_total	filter_name,module,path,stream,writer	default,MQTT,mqtt_publish,MQTT::PUBLISH_LOG,Log::WRITER_ASCII	0.0
1775132336.809272	zeek	counter	zeek_log_writer_truncated_string_fields_total	filter_name,module,path,stream,writer	default,Known,known_hosts,Known::HOSTS_LOG,Log::WRITER_ASCII	0.0
1775132336.809272	zeek	counter	zeek_log_writer_truncated_string_fields_total	filter_name,module,path,stream,writer	default,MQTT,mqtt_connect,MQTT::CONNECT_LOG,Log::WRITER_ASCII	0.0
1775132336.809272	zeek	counter	zeek_log_writer_truncated_string_fields_total	filter_name,module,path,stream,writer	default,MQTT,mqtt_subscribe,MQTT::SUBSCRIBE_LOG,Log::WRITER_ASCII	0.0
1775132336.809272	zeek	counter	zeek_log_writer_truncated_string_fields_total	filter_name,module,path,stream,writer	default,Known,known_services,Known::SERVICES_LOG,Log::WRITER_ASCII	0.0
1775132336.809272	zeek	counter	zeek_log_writer_truncated_string_fields_total	filter_name,module,path,stream,writer	default,Conn,conn,Conn::LOG,Log::WRITER_ASCII	0.0
1775132336.809272	zeek	counter	zeek_log_writer_truncated_string_fields_total	filter_name,module,path,stream,writer	default,CaptureLoss,capture_loss,CaptureLoss::LOG,Log::WRITER_ASCII	0.0
1775132336.809272	zeek	counter	zeek_log_writer_truncated_containers_total	filter_name,module,path,stream,writer	default,Analyzer::Logging,analyzer,Analyzer::Logging::LOG,Log::WRITER_ASCII	0.0
1775132336.809272	zeek	counter	zeek_log_writer_truncated_containers_total	filter_name,module,path,stream,writer	default,PacketFilter,packet_filter,PacketFilter::LOG,Log::WRITER_ASCII	0.0
1775132336.809272	zeek	counter	zeek_log_writer_truncated_containers_total	filter_name,module,path,stream,writer	default,LoadedScripts,loaded_scripts,LoadedScripts::LOG,Log::WRITER_ASCII	0.0
1775132336.809272	zeek	counter	zeek_log_writer_truncated_containers_total	filter_name,module,path,stream,writer	default,Telemetry,telemetry,Telemetry::LOG,Log::WRITER_ASCII	0.0
1775132336.809272	zeek	counter	zeek_log_writer_truncated_containers_total	filter_name,module,path,stream,writer	default,Stats,stats,Stats::LOG,Log::WRITER_ASCII	0.0
1775132336.809272	zeek	counter	zeek_log_writer_truncated_containers_total	filter_name,module,path,stream,writer	default,Weird,weird,Weird::LOG,Log::WRITER_ASCII	0.0
1775132336.809272	zeek	counter	zeek_log_writer_truncated_containers_total	filter_name,module,path,stream,writer	default,DNS,dns,DNS::LOG,Log::WRITER_ASCII	0.0
1775132336.809272	zeek	counter	zeek_log_writer_truncated_containers_total	filter_name,module,path,stream,writer	default,MQTT,mqtt_publish,MQTT::PUBLISH_LOG,Log::WRITER_ASCII	0.0
1775132336.809272	zeek	counter	zeek_log_writer_truncated_containers_total	filter_name,module,path,stream,writer	default,Known,known_hosts,Known::HOSTS_LOG,Log::WRITER_ASCII	0.0
1775132336.809272	zeek	counter	zeek_log_writer_truncated_containers_total	filter_name,module,path,stream,writer	default,MQTT,mqtt_connect,MQTT::CONNECT_LOG,Log::WRITER_ASCII	0.0
1775132336.809272	zeek	counter	zeek_log_writer_truncated_containers_total	filter_name,module,path,stream,writer	default,MQTT,mqtt_subscribe,MQTT::SUBSCRIBE_LOG,Log::WRITER_ASCII	0.0
1775132336.809272	zeek	counter	zeek_log_writer_truncated_containers_total	filter_name,module,path,stream,writer	default,Known,known_services,Known::SERVICES_LOG,Log::WRITER_ASCII	0.0
1775132336.809272	zeek	counter	zeek_log_writer_truncated_containers_total	filter_name,module,path,stream,writer	default,Conn,conn,Conn::LOG,Log::WRITER_ASCII	0.0
1775132336.809272	zeek	counter	zeek_log_writer_truncated_containers_total	filter_name,module,path,stream,writer	default,CaptureLoss,capture_loss,CaptureLoss::LOG,Log::WRITER_ASCII	0.0
1775132336.809272	zeek	counter	zeek_net_received_bytes_total	(empty)	(empty)	19282822.0
1775132336.809272	zeek	counter	zeek_net_received_packets_total	(empty)	(empty)	104228.0
1775132336.809272	zeek	counter	zeek_net_dropped_packets_total	(empty)	(empty)	0.0
1775132336.809272	zeek	counter	zeek_net_link_packets_total	(empty)	(empty)	104228.0
1775132336.809272	zeek	counter	zeek_msgthread_threads_total	(empty)	(empty)	14.0
1775132336.809272	zeek	counter	zeek_msgthread_in_messages_total	(empty)	(empty)	1875.0
1775132336.809272	zeek	counter	zeek_msgthread_out_messages_total	(empty)	(empty)	0.0
1775132336.809272	zeek	counter	zeek_cluster_core_outgoing_events_total	(empty)	(empty)	0.0
1775132336.809272	zeek	counter	zeek_cluster_core_incoming_events_total	(empty)	(empty)	0.0
1775132336.809272	zeek	counter	zeek_broker_incoming_events_total	(empty)	(empty)	0.0
1775132336.809272	zeek	counter	zeek_broker_outgoing_events_total	(empty)	(empty)	0.0
1775132336.809272	zeek	counter	zeek_broker_incoming_logs_total	(empty)	(empty)	0.0
1775132336.809272	zeek	counter	zeek_broker_outgoing_logs_total	(empty)	(empty)	0.0
1775132336.809272	zeek	counter	zeek_broker_incoming_ids_total	(empty)	(empty)	0.0
1775132336.809272	zeek	counter	zeek_broker_outgoing_ids_total	(empty)	(empty)	0.0
1775132336.809272	zeek	counter	zeek_timers_total	(empty)	(empty)	14131.0
1775132336.809272	zeek	counter	zeek_dnsmgr_requests_total	(empty)	(empty)	0.0
1775132336.809272	zeek	counter	zeek_dnsmgr_successful_requests_total	(empty)	(empty)	0.0
1775132336.809272	zeek	counter	zeek_dnsmgr_failed_requests_total	(empty)	(empty)	0.0
1775132336.809272	zeek	counter	zeek_triggers_total	(empty)	(empty)	0.0
1775132336.809272	zeek	counter	zeek_ended_sessions_total	reason	inactivity	6.0
1775132336.809272	zeek	counter	zeek_event_handler_invocations_total	name	content_gap	163.0
1775132336.809272	zeek	counter	zeek_event_handler_invocations_total	name	conn_weird	75.0
1775132336.809272	zeek	counter	zeek_event_handler_invocations_total	name	mqtt_puback	167.0
1775132336.809272	zeek	counter	zeek_event_handler_invocations_total	name	connection_state_remove	808.0
1775132336.809272	zeek	counter	zeek_event_handler_invocations_total	name	dns_message	38.0
1775132336.809272	zeek	counter	zeek_event_handler_invocations_total	name	service_info_commit	785.0
1775132336.809272	zeek	counter	zeek_event_handler_invocations_total	name	net_stats_update	5.0
1775132336.809272	zeek	counter	zeek_event_handler_invocations_total	name	analyzer_violation_info	1.0
1775132336.809272	zeek	counter	zeek_event_handler_invocations_total	name	CaptureLoss::take_measurement	3.0
1775132336.809272	zeek	counter	zeek_event_handler_invocations_total	name	dns_end	38.0
1775132336.809272	zeek	counter	zeek_event_handler_invocations_total	name	dns_PTR_reply	8.0
1775132336.809272	zeek	counter	zeek_event_handler_invocations_total	name	check_stats	5.0
1775132336.809272	zeek	counter	zeek_event_handler_invocations_total	name	new_connection	811.0
1775132336.809272	zeek	counter	zeek_event_handler_invocations_total	name	zeek_script_loaded	538.0
1775132336.809272	zeek	counter	zeek_event_handler_invocations_total	name	known_service_add	1.0
1775132336.809272	zeek	counter	zeek_event_handler_invocations_total	name	Broker::log_flush	1302.0
1775132336.809272	zeek	counter	zeek_event_handler_invocations_total	name	SumStats::finish_epoch	3.0
1775132336.809272	zeek	counter	zeek_event_handler_invocations_total	name	mqtt_publish	47197.0
1775132336.809272	zeek	counter	zeek_event_handler_invocations_total	name	filter_change_tracking	6.0
1775132336.809272	zeek	counter	zeek_event_handler_invocations_total	name	NetControl::init	1.0
1775132336.809272	zeek	counter	zeek_event_handler_invocations_total	name	Telemetry::log	23.0
1775132336.809272	zeek	counter	zeek_event_handler_invocations_total	name	mqtt_suback	3.0
1775132336.809272	zeek	counter	zeek_event_handler_invocations_total	name	ChecksumOffloading::check	2.0
1775132336.809272	zeek	counter	zeek_event_handler_invocations_total	name	zeek_init	1.0
1775132336.809272	zeek	counter	zeek_event_handler_invocations_total	name	dns_request	60.0
1775132336.809272	zeek	counter	zeek_event_handler_invocations_total	name	mqtt_connack	782.0
1775132336.809272	zeek	counter	zeek_event_handler_invocations_total	name	dns_AAAA_reply	7.0
1775132336.809272	zeek	counter	zeek_event_handler_invocations_total	name	grab_vulnerable_versions	2.0
1775132336.809272	zeek	counter	zeek_event_handler_invocations_total	name	dns_A_reply	1.0
1775132336.809272	zeek	counter	zeek_event_handler_invocations_total	name	analyzer_failed	1.0
1775132336.809272	zeek	counter	zeek_event_handler_invocations_total	name	connection_flipped	1.0
1775132336.809272	zeek	counter	zeek_event_handler_invocations_total	name	analyzer_confirmation_info	805.0
1775132336.809272	zeek	counter	zeek_event_handler_invocations_total	name	connection_established	782.0
1775132336.809272	zeek	counter	zeek_event_handler_invocations_total	name	Known::host_found	1564.0
1775132336.809272	zeek	counter	zeek_event_handler_invocations_total	name	mqtt_subscribe	3.0
1775132336.809272	zeek	counter	zeek_event_handler_invocations_total	name	known_host_add	5.0
1775132336.809272	zeek	counter	zeek_event_handler_invocations_total	name	mqtt_connect	782.0
1775132336.809272	zeek	counter	zeek_total_sessions_total	protocol	icmp	6.0
1775132336.809272	zeek	counter	zeek_total_sessions_total	protocol	udp	20.0
1775132336.809272	zeek	counter	zeek_total_sessions_total	protocol	tcp	785.0
1775132336.809272	zeek	gauge	zeek_version_info	beta,commit,debug,major,minor,patch,version_number,version_string	false,0,false,8,1,1,80101,8.1.1	1.0
1775132336.809272	zeek	gauge	zeek_net_packet_lag_seconds	(empty)	(empty)	0.000118
1775132336.809272	zeek	gauge	zeek_net_timestamp_seconds	(empty)	(empty)	1775132336.809272
1775132336.809272	zeek	gauge	zeek_msgthread_active_threads	(empty)	(empty)	14.0
1775132336.809272	zeek	gauge	zeek_msgthread_pending_in_messages	(empty)	(empty)	0.0
1775132336.809272	zeek	gauge	zeek_msgthread_pending_out_messages	(empty)	(empty)	0.0
1775132336.809272	zeek	gauge	zeek_msgthread_pending_messages_in_buckets	leq	inf	14.0
1775132336.809272	zeek	gauge	zeek_msgthread_pending_messages_in_buckets	leq	10000	14.0
1775132336.809272	zeek	gauge	zeek_msgthread_pending_messages_in_buckets	leq	1000	14.0
1775132336.809272	zeek	gauge	zeek_msgthread_pending_messages_in_buckets	leq	100	14.0
1775132336.809272	zeek	gauge	zeek_msgthread_pending_messages_in_buckets	leq	10	14.0
1775132336.809272	zeek	gauge	zeek_msgthread_pending_messages_in_buckets	leq	1	14.0
1775132336.809272	zeek	gauge	zeek_msgthread_pending_messages_out_buckets	leq	inf	14.0
1775132336.809272	zeek	gauge	zeek_msgthread_pending_messages_out_buckets	leq	10000	14.0
1775132336.809272	zeek	gauge	zeek_msgthread_pending_messages_out_buckets	leq	1000	14.0
1775132336.809272	zeek	gauge	zeek_msgthread_pending_messages_out_buckets	leq	100	14.0
1775132336.809272	zeek	gauge	zeek_msgthread_pending_messages_out_buckets	leq	10	14.0
1775132336.809272	zeek	gauge	zeek_msgthread_pending_messages_out_buckets	leq	1	14.0
1775132336.809272	zeek	gauge	zeek_broker_peers	(empty)	(empty)	0.0
1775132336.809272	zeek	gauge	zeek_broker_stores	(empty)	(empty)	1.0
1775132336.809272	zeek	gauge	zeek_broker_pending_queries	(empty)	(empty)	0.0
1775132336.809272	zeek	gauge	zeek_timers_lag_time_seconds	(empty)	(empty)	0.003677
1775132336.809272	zeek	gauge	zeek_timers_pending	type	LogDelayExpire	0.0
1775132336.809272	zeek	gauge	zeek_timers_pending	type	ThreadHeartbeat	1.0
1775132336.809272	zeek	gauge	zeek_timers_pending	type	TimerMgrExpireTimer	0.0
1775132336.809272	zeek	gauge	zeek_timers_pending	type	ParentProcessIDCheck	0.0
1775132336.809272	zeek	gauge	zeek_timers_pending	type	FragTimer	0.0
1775132336.809272	zeek	gauge	zeek_timers_pending	type	RotateTimer	0.0
1775132336.809272	zeek	gauge	zeek_timers_pending	type	FlowWeirdTimer	0.0
1775132336.809272	zeek	gauge	zeek_timers_pending	type	FileAnalysisInactivityTimer	0.0
1775132336.809272	zeek	gauge	zeek_timers_pending	type	StorageExpire	1.0
1775132336.809272	zeek	gauge	zeek_timers_pending	type	ConnectionInactivityTimer	3.0
1775132336.809272	zeek	gauge	zeek_timers_pending	type	TCPConnectionExpireTimer	3.0
1775132336.809272	zeek	gauge	zeek_timers_pending	type	ConnectionStatusUpdateTimer	0.0
1775132336.809272	zeek	gauge	zeek_timers_pending	type	LogFlushWriteBufferTimer	1.0
1775132336.809272	zeek	gauge	zeek_timers_pending	type	NetWeirdTimer	0.0
1775132336.809272	zeek	gauge	zeek_timers_pending	type	InterconnTimer	0.0
1775132336.809272	zeek	gauge	zeek_timers_pending	type	IPTunnelInactivityTimer	0.0
1775132336.809272	zeek	gauge	zeek_timers_pending	type	DNSExpireTimer	0.0
1775132336.809272	zeek	gauge	zeek_timers_pending	type	UnknownProtocolExpire	0.0
1775132336.809272	zeek	gauge	zeek_timers_pending	type	ProfileTimer	0.0
1775132336.809272	zeek	gauge	zeek_timers_pending	type	ConnectionExpireTimer	0.0
1775132336.809272	zeek	gauge	zeek_timers_pending	type	BreakpointTimer	0.0
1775132336.809272	zeek	gauge	zeek_timers_pending	type	BackdoorTimer	0.0
1775132336.809272	zeek	gauge	zeek_timers_pending	type	NetbiosExpireTimer	0.0
1775132336.809272	zeek	gauge	zeek_timers_pending	type	NetworkTimer	0.0
1775132336.809272	zeek	gauge	zeek_timers_pending	type	RemoveConnection	0.0
1775132336.809272	zeek	gauge	zeek_timers_pending	type	TCPConnectionResetTimer	0.0
1775132336.809272	zeek	gauge	zeek_timers_pending	type	ConnTupleWeirdTimer	0.0
1775132336.809272	zeek	gauge	zeek_timers_pending	type	TCPConnectionDeleteTimer	0.0
1775132336.809272	zeek	gauge	zeek_timers_pending	type	ScheduleTimer	6.0
1775132336.809272	zeek	gauge	zeek_timers_pending	type	NTPExpireTimer	0.0
1775132336.809272	zeek	gauge	zeek_timers_pending	type	RPCExpireTimer	0.0
1775132336.809272	zeek	gauge	zeek_timers_pending	type	ConnectionDeleteTimer	0.0
1775132336.809272	zeek	gauge	zeek_timers_pending	type	TriggerTimer	0.0
1775132336.809272	zeek	gauge	zeek_timers_pending	type	TableValTimer	34.0
1775132336.809272	zeek	gauge	zeek_timers_pending	type	TCPConnectionAttemptTimer	0.0
1775132336.809272	zeek	gauge	zeek_timers_pending	type	TCPConnectionPartialClose	0.0
1775132336.809272	zeek	gauge	zeek_dnsmgr_pending_asyncs_requests	(empty)	(empty)	0.0
1775132336.809272	zeek	gauge	zeek_dnsmgr_cache_entries	type	text	0.0
1775132336.809272	zeek	gauge	zeek_dnsmgr_cache_entries	type	address	0.0
1775132336.809272	zeek	gauge	zeek_dnsmgr_cache_entries	type	host	0.0
1775132336.809272	zeek	gauge	zeek_pending_triggers	(empty)	(empty)	0.0
1775132336.809272	zeek	gauge	zeek_active_sessions	protocol	icmp	0.0
1775132336.809272	zeek	gauge	zeek_active_sessions	protocol	udp	0.0
1775132336.809272	zeek	gauge	zeek_active_sessions	protocol	tcp	3.0
1775132336.809272	zeek	counter	process_cpu_user_seconds_total	(empty)	(empty)	22.32
1775132336.809272	zeek	counter	process_cpu_system_seconds_total	(empty)	(empty)	20.5
1775132336.809272	zeek	gauge	process_resident_memory_bytes	(empty)	(empty)	284286976.0
1775132336.809272	zeek	gauge	process_virtual_memory_bytes	(empty)	(empty)	2071871488.0
1775132336.809272	zeek	gauge	process_open_fds	(empty)	(empty)	64.0
1775132336.809272	zeek	gauge	process_start_time_seconds	(empty)	(empty)	1775131014.997737
1775132396.809588	zeek	counter	zeek_log_stream_writes_total	module,stream	Analyzer::Logging,Analyzer::Logging::LOG	1.0
1775132396.809588	zeek	counter	zeek_log_stream_writes_total	module,stream	PacketFilter,PacketFilter::LOG	1.0
1775132396.809588	zeek	counter	zeek_log_stream_writes_total	module,stream	MQTT,MQTT::CONNECT_LOG	782.0
1775132396.809588	zeek	counter	zeek_log_stream_writes_total	module,stream	LoadedScripts,LoadedScripts::LOG	538.0
1775132396.809588	zeek	counter	zeek_log_stream_writes_total	module,stream	Telemetry,Telemetry::LOG	4460.0
1775132396.809588	zeek	counter	zeek_log_stream_writes_total	module,stream	Stats,Stats::LOG	5.0
1775132396.809588	zeek	counter	zeek_log_stream_writes_total	module,stream	MQTT,MQTT::PUBLISH_LOG	47261.0
1775132396.809588	zeek	counter	zeek_log_stream_writes_total	module,stream	Weird,Weird::LOG	3.0
1775132396.809588	zeek	counter	zeek_log_stream_writes_total	module,stream	DNS,DNS::LOG	31.0
1775132396.809588	zeek	counter	zeek_log_stream_writes_total	module,stream	Known,Known::SERVICES_LOG	1.0
1775132396.809588	zeek	counter	zeek_log_stream_writes_total	module,stream	Known,Known::HOSTS_LOG	5.0
1775132396.809588	zeek	counter	zeek_log_stream_writes_total	module,stream	MQTT,MQTT::SUBSCRIBE_LOG	3.0
1775132396.809588	zeek	counter	zeek_log_stream_writes_total	module,stream	Conn,Conn::LOG	808.0
1775132396.809588	zeek	counter	zeek_log_stream_writes_total	module,stream	CaptureLoss,CaptureLoss::LOG	2.0
1775132396.809588	zeek	counter	zeek_log_writer_writes_total	filter_name,module,path,stream,writer	default,Analyzer::Logging,analyzer,Analyzer::Logging::LOG,Log::WRITER_ASCII	1.0
1775132396.809588	zeek	counter	zeek_log_writer_writes_total	filter_name,module,path,stream,writer	default,PacketFilter,packet_filter,PacketFilter::LOG,Log::WRITER_ASCII	1.0
1775132396.809588	zeek	counter	zeek_log_writer_writes_total	filter_name,module,path,stream,writer	default,LoadedScripts,loaded_scripts,LoadedScripts::LOG,Log::WRITER_ASCII	538.0
1775132396.809588	zeek	counter	zeek_log_writer_writes_total	filter_name,module,path,stream,writer	default,Telemetry,telemetry,Telemetry::LOG,Log::WRITER_ASCII	4460.0
1775132396.809588	zeek	counter	zeek_log_writer_writes_total	filter_name,module,path,stream,writer	default,Stats,stats,Stats::LOG,Log::WRITER_ASCII	5.0
1775132396.809588	zeek	counter	zeek_log_writer_writes_total	filter_name,module,path,stream,writer	default,Weird,weird,Weird::LOG,Log::WRITER_ASCII	3.0
1775132396.809588	zeek	counter	zeek_log_writer_writes_total	filter_name,module,path,stream,writer	default,DNS,dns,DNS::LOG,Log::WRITER_ASCII	31.0
1775132396.809588	zeek	counter	zeek_log_writer_writes_total	filter_name,module,path,stream,writer	default,MQTT,mqtt_publish,MQTT::PUBLISH_LOG,Log::WRITER_ASCII	47261.0
1775132396.809588	zeek	counter	zeek_log_writer_writes_total	filter_name,module,path,stream,writer	default,Known,known_hosts,Known::HOSTS_LOG,Log::WRITER_ASCII	5.0
1775132396.809588	zeek	counter	zeek_log_writer_writes_total	filter_name,module,path,stream,writer	default,MQTT,mqtt_connect,MQTT::CONNECT_LOG,Log::WRITER_ASCII	782.0
1775132396.809588	zeek	counter	zeek_log_writer_writes_total	filter_name,module,path,stream,writer	default,MQTT,mqtt_subscribe,MQTT::SUBSCRIBE_LOG,Log::WRITER_ASCII	3.0
1775132396.809588	zeek	counter	zeek_log_writer_writes_total	filter_name,module,path,stream,writer	default,Known,known_services,Known::SERVICES_LOG,Log::WRITER_ASCII	1.0
1775132396.809588	zeek	counter	zeek_log_writer_writes_total	filter_name,module,path,stream,writer	default,Conn,conn,Conn::LOG,Log::WRITER_ASCII	808.0
1775132396.809588	zeek	counter	zeek_log_writer_writes_total	filter_name,module,path,stream,writer	default,CaptureLoss,capture_loss,CaptureLoss::LOG,Log::WRITER_ASCII	2.0
1775132396.809588	zeek	counter	zeek_log_writer_discarded_writes_total	filter_name,module,path,stream,writer	default,Analyzer::Logging,analyzer,Analyzer::Logging::LOG,Log::WRITER_ASCII	0.0
1775132396.809588	zeek	counter	zeek_log_writer_discarded_writes_total	filter_name,module,path,stream,writer	default,PacketFilter,packet_filter,PacketFilter::LOG,Log::WRITER_ASCII	0.0
1775132396.809588	zeek	counter	zeek_log_writer_discarded_writes_total	filter_name,module,path,stream,writer	default,LoadedScripts,loaded_scripts,LoadedScripts::LOG,Log::WRITER_ASCII	0.0
1775132396.809588	zeek	counter	zeek_log_writer_discarded_writes_total	filter_name,module,path,stream,writer	default,Telemetry,telemetry,Telemetry::LOG,Log::WRITER_ASCII	0.0
1775132396.809588	zeek	counter	zeek_log_writer_discarded_writes_total	filter_name,module,path,stream,writer	default,Stats,stats,Stats::LOG,Log::WRITER_ASCII	0.0
1775132396.809588	zeek	counter	zeek_log_writer_discarded_writes_total	filter_name,module,path,stream,writer	default,Weird,weird,Weird::LOG,Log::WRITER_ASCII	0.0
1775132396.809588	zeek	counter	zeek_log_writer_discarded_writes_total	filter_name,module,path,stream,writer	default,DNS,dns,DNS::LOG,Log::WRITER_ASCII	0.0
1775132396.809588	zeek	counter	zeek_log_writer_discarded_writes_total	filter_name,module,path,stream,writer	default,MQTT,mqtt_publish,MQTT::PUBLISH_LOG,Log::WRITER_ASCII	0.0
1775132396.809588	zeek	counter	zeek_log_writer_discarded_writes_total	filter_name,module,path,stream,writer	default,Known,known_hosts,Known::HOSTS_LOG,Log::WRITER_ASCII	0.0
1775132396.809588	zeek	counter	zeek_log_writer_discarded_writes_total	filter_name,module,path,stream,writer	default,MQTT,mqtt_connect,MQTT::CONNECT_LOG,Log::WRITER_ASCII	0.0
1775132396.809588	zeek	counter	zeek_log_writer_discarded_writes_total	filter_name,module,path,stream,writer	default,MQTT,mqtt_subscribe,MQTT::SUBSCRIBE_LOG,Log::WRITER_ASCII	0.0
1775132396.809588	zeek	counter	zeek_log_writer_discarded_writes_total	filter_name,module,path,stream,writer	default,Known,known_services,Known::SERVICES_LOG,Log::WRITER_ASCII	0.0
1775132396.809588	zeek	counter	zeek_log_writer_discarded_writes_total	filter_name,module,path,stream,writer	default,Conn,conn,Conn::LOG,Log::WRITER_ASCII	0.0
1775132396.809588	zeek	counter	zeek_log_writer_discarded_writes_total	filter_name,module,path,stream,writer	default,CaptureLoss,capture_loss,CaptureLoss::LOG,Log::WRITER_ASCII	0.0
1775132396.809588	zeek	counter	zeek_log_writer_truncated_string_fields_total	filter_name,module,path,stream,writer	default,Analyzer::Logging,analyzer,Analyzer::Logging::LOG,Log::WRITER_ASCII	0.0
1775132396.809588	zeek	counter	zeek_log_writer_truncated_string_fields_total	filter_name,module,path,stream,writer	default,PacketFilter,packet_filter,PacketFilter::LOG,Log::WRITER_ASCII	0.0
1775132396.809588	zeek	counter	zeek_log_writer_truncated_string_fields_total	filter_name,module,path,stream,writer	default,LoadedScripts,loaded_scripts,LoadedScripts::LOG,Log::WRITER_ASCII	0.0
1775132396.809588	zeek	counter	zeek_log_writer_truncated_string_fields_total	filter_name,module,path,stream,writer	default,Telemetry,telemetry,Telemetry::LOG,Log::WRITER_ASCII	0.0
1775132396.809588	zeek	counter	zeek_log_writer_truncated_string_fields_total	filter_name,module,path,stream,writer	default,Stats,stats,Stats::LOG,Log::WRITER_ASCII	0.0
1775132396.809588	zeek	counter	zeek_log_writer_truncated_string_fields_total	filter_name,module,path,stream,writer	default,Weird,weird,Weird::LOG,Log::WRITER_ASCII	0.0
1775132396.809588	zeek	counter	zeek_log_writer_truncated_string_fields_total	filter_name,module,path,stream,writer	default,DNS,dns,DNS::LOG,Log::WRITER_ASCII	0.0
1775132396.809588	zeek	counter	zeek_log_writer_truncated_string_fields_total	filter_name,module,path,stream,writer	default,MQTT,mqtt_publish,MQTT::PUBLISH_LOG,Log::WRITER_ASCII	0.0
1775132396.809588	zeek	counter	zeek_log_writer_truncated_string_fields_total	filter_name,module,path,stream,writer	default,Known,known_hosts,Known::HOSTS_LOG,Log::WRITER_ASCII	0.0
1775132396.809588	zeek	counter	zeek_log_writer_truncated_string_fields_total	filter_name,module,path,stream,writer	default,MQTT,mqtt_connect,MQTT::CONNECT_LOG,Log::WRITER_ASCII	0.0
1775132396.809588	zeek	counter	zeek_log_writer_truncated_string_fields_total	filter_name,module,path,stream,writer	default,MQTT,mqtt_subscribe,MQTT::SUBSCRIBE_LOG,Log::WRITER_ASCII	0.0
1775132396.809588	zeek	counter	zeek_log_writer_truncated_string_fields_total	filter_name,module,path,stream,writer	default,Known,known_services,Known::SERVICES_LOG,Log::WRITER_ASCII	0.0
1775132396.809588	zeek	counter	zeek_log_writer_truncated_string_fields_total	filter_name,module,path,stream,writer	default,Conn,conn,Conn::LOG,Log::WRITER_ASCII	0.0
1775132396.809588	zeek	counter	zeek_log_writer_truncated_string_fields_total	filter_name,module,path,stream,writer	default,CaptureLoss,capture_loss,CaptureLoss::LOG,Log::WRITER_ASCII	0.0
1775132396.809588	zeek	counter	zeek_log_writer_truncated_containers_total	filter_name,module,path,stream,writer	default,Analyzer::Logging,analyzer,Analyzer::Logging::LOG,Log::WRITER_ASCII	0.0
1775132396.809588	zeek	counter	zeek_log_writer_truncated_containers_total	filter_name,module,path,stream,writer	default,PacketFilter,packet_filter,PacketFilter::LOG,Log::WRITER_ASCII	0.0
1775132396.809588	zeek	counter	zeek_log_writer_truncated_containers_total	filter_name,module,path,stream,writer	default,LoadedScripts,loaded_scripts,LoadedScripts::LOG,Log::WRITER_ASCII	0.0
1775132396.809588	zeek	counter	zeek_log_writer_truncated_containers_total	filter_name,module,path,stream,writer	default,Telemetry,telemetry,Telemetry::LOG,Log::WRITER_ASCII	0.0
1775132396.809588	zeek	counter	zeek_log_writer_truncated_containers_total	filter_name,module,path,stream,writer	default,Stats,stats,Stats::LOG,Log::WRITER_ASCII	0.0
1775132396.809588	zeek	counter	zeek_log_writer_truncated_containers_total	filter_name,module,path,stream,writer	default,Weird,weird,Weird::LOG,Log::WRITER_ASCII	0.0
1775132396.809588	zeek	counter	zeek_log_writer_truncated_containers_total	filter_name,module,path,stream,writer	default,DNS,dns,DNS::LOG,Log::WRITER_ASCII	0.0
1775132396.809588	zeek	counter	zeek_log_writer_truncated_containers_total	filter_name,module,path,stream,writer	default,MQTT,mqtt_publish,MQTT::PUBLISH_LOG,Log::WRITER_ASCII	0.0
1775132396.809588	zeek	counter	zeek_log_writer_truncated_containers_total	filter_name,module,path,stream,writer	default,Known,known_hosts,Known::HOSTS_LOG,Log::WRITER_ASCII	0.0
1775132396.809588	zeek	counter	zeek_log_writer_truncated_containers_total	filter_name,module,path,stream,writer	default,MQTT,mqtt_connect,MQTT::CONNECT_LOG,Log::WRITER_ASCII	0.0
1775132396.809588	zeek	counter	zeek_log_writer_truncated_containers_total	filter_name,module,path,stream,writer	default,MQTT,mqtt_subscribe,MQTT::SUBSCRIBE_LOG,Log::WRITER_ASCII	0.0
1775132396.809588	zeek	counter	zeek_log_writer_truncated_containers_total	filter_name,module,path,stream,writer	default,Known,known_services,Known::SERVICES_LOG,Log::WRITER_ASCII	0.0
1775132396.809588	zeek	counter	zeek_log_writer_truncated_containers_total	filter_name,module,path,stream,writer	default,Conn,conn,Conn::LOG,Log::WRITER_ASCII	0.0
1775132396.809588	zeek	counter	zeek_log_writer_truncated_containers_total	filter_name,module,path,stream,writer	default,CaptureLoss,capture_loss,CaptureLoss::LOG,Log::WRITER_ASCII	0.0
1775132396.809588	zeek	counter	zeek_net_received_bytes_total	(empty)	(empty)	19300358.0
1775132396.809588	zeek	counter	zeek_net_received_packets_total	(empty)	(empty)	104373.0
1775132396.809588	zeek	counter	zeek_net_dropped_packets_total	(empty)	(empty)	0.0
1775132396.809588	zeek	counter	zeek_net_link_packets_total	(empty)	(empty)	104373.0
1775132396.809588	zeek	counter	zeek_msgthread_threads_total	(empty)	(empty)	14.0
1775132396.809588	zeek	counter	zeek_msgthread_in_messages_total	(empty)	(empty)	1906.0
1775132396.809588	zeek	counter	zeek_msgthread_out_messages_total	(empty)	(empty)	0.0
1775132396.809588	zeek	counter	zeek_cluster_core_outgoing_events_total	(empty)	(empty)	0.0
1775132396.809588	zeek	counter	zeek_cluster_core_incoming_events_total	(empty)	(empty)	0.0
1775132396.809588	zeek	counter	zeek_broker_incoming_events_total	(empty)	(empty)	0.0
1775132396.809588	zeek	counter	zeek_broker_outgoing_events_total	(empty)	(empty)	0.0
1775132396.809588	zeek	counter	zeek_broker_incoming_logs_total	(empty)	(empty)	0.0
1775132396.809588	zeek	counter	zeek_broker_outgoing_logs_total	(empty)	(empty)	0.0
1775132396.809588	zeek	counter	zeek_broker_incoming_ids_total	(empty)	(empty)	0.0
1775132396.809588	zeek	counter	zeek_broker_outgoing_ids_total	(empty)	(empty)	0.0
1775132396.809588	zeek	counter	zeek_timers_total	(empty)	(empty)	14552.0
1775132396.809588	zeek	counter	zeek_dnsmgr_requests_total	(empty)	(empty)	0.0
1775132396.809588	zeek	counter	zeek_dnsmgr_successful_requests_total	(empty)	(empty)	0.0
1775132396.809588	zeek	counter	zeek_dnsmgr_failed_requests_total	(empty)	(empty)	0.0
1775132396.809588	zeek	counter	zeek_triggers_total	(empty)	(empty)	0.0
1775132396.809588	zeek	counter	zeek_ended_sessions_total	reason	inactivity	6.0
1775132396.809588	zeek	counter	zeek_event_handler_invocations_total	name	content_gap	163.0
1775132396.809588	zeek	counter	zeek_event_handler_invocations_total	name	conn_weird	75.0
1775132396.809588	zeek	counter	zeek_event_handler_invocations_total	name	mqtt_puback	167.0
1775132396.809588	zeek	counter	zeek_event_handler_invocations_total	name	connection_state_remove	808.0
1775132396.809588	zeek	counter	zeek_event_handler_invocations_total	name	dns_message	38.0
1775132396.809588	zeek	counter	zeek_event_handler_invocations_total	name	service_info_commit	785.0
1775132396.809588	zeek	counter	zeek_event_handler_invocations_total	name	net_stats_update	5.0
1775132396.809588	zeek	counter	zeek_event_handler_invocations_total	name	analyzer_violation_info	1.0
1775132396.809588	zeek	counter	zeek_event_handler_invocations_total	name	CaptureLoss::take_measurement	3.0
1775132396.809588	zeek	counter	zeek_event_handler_invocations_total	name	dns_end	38.0
1775132396.809588	zeek	counter	zeek_event_handler_invocations_total	name	dns_PTR_reply	8.0
1775132396.809588	zeek	counter	zeek_event_handler_invocations_total	name	check_stats	5.0
1775132396.809588	zeek	counter	zeek_event_handler_invocations_total	name	new_connection	811.0
1775132396.809588	zeek	counter	zeek_event_handler_invocations_total	name	zeek_script_loaded	538.0
1775132396.809588	zeek	counter	zeek_event_handler_invocations_total	name	known_service_add	1.0
1775132396.809588	zeek	counter	zeek_event_handler_invocations_total	name	Broker::log_flush	1362.0
1775132396.809588	zeek	counter	zeek_event_handler_invocations_total	name	SumStats::finish_epoch	3.0
1775132396.809588	zeek	counter	zeek_event_handler_invocations_total	name	mqtt_publish	47261.0
1775132396.809588	zeek	counter	zeek_event_handler_invocations_total	name	filter_change_tracking	6.0
1775132396.809588	zeek	counter	zeek_event_handler_invocations_total	name	NetControl::init	1.0
1775132396.809588	zeek	counter	zeek_event_handler_invocations_total	name	Telemetry::log	24.0
1775132396.809588	zeek	counter	zeek_event_handler_invocations_total	name	mqtt_suback	3.0
1775132396.809588	zeek	counter	zeek_event_handler_invocations_total	name	ChecksumOffloading::check	2.0
1775132396.809588	zeek	counter	zeek_event_handler_invocations_total	name	zeek_init	1.0
1775132396.809588	zeek	counter	zeek_event_handler_invocations_total	name	dns_request	60.0
1775132396.809588	zeek	counter	zeek_event_handler_invocations_total	name	mqtt_connack	782.0
1775132396.809588	zeek	counter	zeek_event_handler_invocations_total	name	dns_AAAA_reply	7.0
1775132396.809588	zeek	counter	zeek_event_handler_invocations_total	name	grab_vulnerable_versions	2.0
1775132396.809588	zeek	counter	zeek_event_handler_invocations_total	name	dns_A_reply	1.0
1775132396.809588	zeek	counter	zeek_event_handler_invocations_total	name	analyzer_failed	1.0
1775132396.809588	zeek	counter	zeek_event_handler_invocations_total	name	connection_flipped	1.0
1775132396.809588	zeek	counter	zeek_event_handler_invocations_total	name	analyzer_confirmation_info	805.0
1775132396.809588	zeek	counter	zeek_event_handler_invocations_total	name	connection_established	782.0
1775132396.809588	zeek	counter	zeek_event_handler_invocations_total	name	Known::host_found	1564.0
1775132396.809588	zeek	counter	zeek_event_handler_invocations_total	name	mqtt_subscribe	3.0
1775132396.809588	zeek	counter	zeek_event_handler_invocations_total	name	known_host_add	5.0
1775132396.809588	zeek	counter	zeek_event_handler_invocations_total	name	mqtt_connect	782.0
1775132396.809588	zeek	counter	zeek_total_sessions_total	protocol	icmp	6.0
1775132396.809588	zeek	counter	zeek_total_sessions_total	protocol	udp	20.0
1775132396.809588	zeek	counter	zeek_total_sessions_total	protocol	tcp	785.0
1775132396.809588	zeek	gauge	zeek_version_info	beta,commit,debug,major,minor,patch,version_number,version_string	false,0,false,8,1,1,80101,8.1.1	1.0
1775132396.809588	zeek	gauge	zeek_net_packet_lag_seconds	(empty)	(empty)	0.0002
1775132396.809588	zeek	gauge	zeek_net_timestamp_seconds	(empty)	(empty)	1775132396.809588
1775132396.809588	zeek	gauge	zeek_msgthread_active_threads	(empty)	(empty)	14.0
1775132396.809588	zeek	gauge	zeek_msgthread_pending_in_messages	(empty)	(empty)	0.0
1775132396.809588	zeek	gauge	zeek_msgthread_pending_out_messages	(empty)	(empty)	0.0
1775132396.809588	zeek	gauge	zeek_msgthread_pending_messages_in_buckets	leq	inf	14.0
1775132396.809588	zeek	gauge	zeek_msgthread_pending_messages_in_buckets	leq	10000	14.0
1775132396.809588	zeek	gauge	zeek_msgthread_pending_messages_in_buckets	leq	1000	14.0
1775132396.809588	zeek	gauge	zeek_msgthread_pending_messages_in_buckets	leq	100	14.0
1775132396.809588	zeek	gauge	zeek_msgthread_pending_messages_in_buckets	leq	10	14.0
1775132396.809588	zeek	gauge	zeek_msgthread_pending_messages_in_buckets	leq	1	14.0
1775132396.809588	zeek	gauge	zeek_msgthread_pending_messages_out_buckets	leq	inf	14.0
1775132396.809588	zeek	gauge	zeek_msgthread_pending_messages_out_buckets	leq	10000	14.0
1775132396.809588	zeek	gauge	zeek_msgthread_pending_messages_out_buckets	leq	1000	14.0
1775132396.809588	zeek	gauge	zeek_msgthread_pending_messages_out_buckets	leq	100	14.0
1775132396.809588	zeek	gauge	zeek_msgthread_pending_messages_out_buckets	leq	10	14.0
1775132396.809588	zeek	gauge	zeek_msgthread_pending_messages_out_buckets	leq	1	14.0
1775132396.809588	zeek	gauge	zeek_broker_peers	(empty)	(empty)	0.0
1775132396.809588	zeek	gauge	zeek_broker_stores	(empty)	(empty)	1.0
1775132396.809588	zeek	gauge	zeek_broker_pending_queries	(empty)	(empty)	0.0
1775132396.809588	zeek	gauge	zeek_timers_lag_time_seconds	(empty)	(empty)	0.000316
1775132396.809588	zeek	gauge	zeek_timers_pending	type	LogDelayExpire	0.0
1775132396.809588	zeek	gauge	zeek_timers_pending	type	ThreadHeartbeat	1.0
1775132396.809588	zeek	gauge	zeek_timers_pending	type	TimerMgrExpireTimer	0.0
1775132396.809588	zeek	gauge	zeek_timers_pending	type	ParentProcessIDCheck	0.0
1775132396.809588	zeek	gauge	zeek_timers_pending	type	FragTimer	0.0
1775132396.809588	zeek	gauge	zeek_timers_pending	type	RotateTimer	0.0
1775132396.809588	zeek	gauge	zeek_timers_pending	type	FlowWeirdTimer	0.0
1775132396.809588	zeek	gauge	zeek_timers_pending	type	FileAnalysisInactivityTimer	0.0
1775132396.809588	zeek	gauge	zeek_timers_pending	type	StorageExpire	1.0
1775132396.809588	zeek	gauge	zeek_timers_pending	type	ConnectionInactivityTimer	3.0
1775132396.809588	zeek	gauge	zeek_timers_pending	type	TCPConnectionExpireTimer	3.0
1775132396.809588	zeek	gauge	zeek_timers_pending	type	ConnectionStatusUpdateTimer	0.0
1775132396.809588	zeek	gauge	zeek_timers_pending	type	LogFlushWriteBufferTimer	1.0
1775132396.809588	zeek	gauge	zeek_timers_pending	type	NetWeirdTimer	0.0
1775132396.809588	zeek	gauge	zeek_timers_pending	type	InterconnTimer	0.0
1775132396.809588	zeek	gauge	zeek_timers_pending	type	IPTunnelInactivityTimer	0.0
1775132396.809588	zeek	gauge	zeek_timers_pending	type	DNSExpireTimer	0.0
1775132396.809588	zeek	gauge	zeek_timers_pending	type	UnknownProtocolExpire	0.0
1775132396.809588	zeek	gauge	zeek_timers_pending	type	ProfileTimer	0.0
1775132396.809588	zeek	gauge	zeek_timers_pending	type	ConnectionExpireTimer	0.0
1775132396.809588	zeek	gauge	zeek_timers_pending	type	BreakpointTimer	0.0
1775132396.809588	zeek	gauge	zeek_timers_pending	type	BackdoorTimer	0.0
1775132396.809588	zeek	gauge	zeek_timers_pending	type	NetbiosExpireTimer	0.0
1775132396.809588	zeek	gauge	zeek_timers_pending	type	NetworkTimer	0.0
1775132396.809588	zeek	gauge	zeek_timers_pending	type	RemoveConnection	0.0
1775132396.809588	zeek	gauge	zeek_timers_pending	type	TCPConnectionResetTimer	0.0
1775132396.809588	zeek	gauge	zeek_timers_pending	type	ConnTupleWeirdTimer	0.0
1775132396.809588	zeek	gauge	zeek_timers_pending	type	TCPConnectionDeleteTimer	0.0
1775132396.809588	zeek	gauge	zeek_timers_pending	type	ScheduleTimer	6.0
1775132396.809588	zeek	gauge	zeek_timers_pending	type	NTPExpireTimer	0.0
1775132396.809588	zeek	gauge	zeek_timers_pending	type	RPCExpireTimer	0.0
1775132396.809588	zeek	gauge	zeek_timers_pending	type	ConnectionDeleteTimer	0.0
1775132396.809588	zeek	gauge	zeek_timers_pending	type	TriggerTimer	0.0
1775132396.809588	zeek	gauge	zeek_timers_pending	type	TableValTimer	34.0
1775132396.809588	zeek	gauge	zeek_timers_pending	type	TCPConnectionAttemptTimer	0.0
1775132396.809588	zeek	gauge	zeek_timers_pending	type	TCPConnectionPartialClose	0.0
1775132396.809588	zeek	gauge	zeek_dnsmgr_pending_asyncs_requests	(empty)	(empty)	0.0
1775132396.809588	zeek	gauge	zeek_dnsmgr_cache_entries	type	text	0.0
1775132396.809588	zeek	gauge	zeek_dnsmgr_cache_entries	type	address	0.0
1775132396.809588	zeek	gauge	zeek_dnsmgr_cache_entries	type	host	0.0
1775132396.809588	zeek	gauge	zeek_pending_triggers	(empty)	(empty)	0.0
1775132396.809588	zeek	gauge	zeek_active_sessions	protocol	icmp	0.0
1775132396.809588	zeek	gauge	zeek_active_sessions	protocol	udp	0.0
1775132396.809588	zeek	gauge	zeek_active_sessions	protocol	tcp	3.0
1775132396.809588	zeek	counter	process_cpu_user_seconds_total	(empty)	(empty)	22.53
1775132396.809588	zeek	counter	process_cpu_system_seconds_total	(empty)	(empty)	20.86
1775132396.809588	zeek	gauge	process_resident_memory_bytes	(empty)	(empty)	284286976.0
1775132396.809588	zeek	gauge	process_virtual_memory_bytes	(empty)	(empty)	2071871488.0
1775132396.809588	zeek	gauge	process_open_fds	(empty)	(empty)	64.0
1775132396.809588	zeek	gauge	process_start_time_seconds	(empty)	(empty)	1775131014.997737
1775132456.810209	zeek	counter	zeek_log_stream_writes_total	module,stream	Analyzer::Logging,Analyzer::Logging::LOG	1.0
1775132456.810209	zeek	counter	zeek_log_stream_writes_total	module,stream	PacketFilter,PacketFilter::LOG	1.0
1775132456.810209	zeek	counter	zeek_log_stream_writes_total	module,stream	MQTT,MQTT::CONNECT_LOG	782.0
1775132456.810209	zeek	counter	zeek_log_stream_writes_total	module,stream	LoadedScripts,LoadedScripts::LOG	538.0
1775132456.810209	zeek	counter	zeek_log_stream_writes_total	module,stream	Telemetry,Telemetry::LOG	4663.0
1775132456.810209	zeek	counter	zeek_log_stream_writes_total	module,stream	Stats,Stats::LOG	5.0
1775132456.810209	zeek	counter	zeek_log_stream_writes_total	module,stream	MQTT,MQTT::PUBLISH_LOG	47321.0
1775132456.810209	zeek	counter	zeek_log_stream_writes_total	module,stream	Weird,Weird::LOG	3.0
1775132456.810209	zeek	counter	zeek_log_stream_writes_total	module,stream	DNS,DNS::LOG	31.0
1775132456.810209	zeek	counter	zeek_log_stream_writes_total	module,stream	Known,Known::SERVICES_LOG	1.0
1775132456.810209	zeek	counter	zeek_log_stream_writes_total	module,stream	Known,Known::HOSTS_LOG	5.0
1775132456.810209	zeek	counter	zeek_log_stream_writes_total	module,stream	MQTT,MQTT::SUBSCRIBE_LOG	3.0
1775132456.810209	zeek	counter	zeek_log_stream_writes_total	module,stream	Conn,Conn::LOG	808.0
1775132456.810209	zeek	counter	zeek_log_stream_writes_total	module,stream	CaptureLoss,CaptureLoss::LOG	2.0
1775132456.810209	zeek	counter	zeek_log_writer_writes_total	filter_name,module,path,stream,writer	default,Analyzer::Logging,analyzer,Analyzer::Logging::LOG,Log::WRITER_ASCII	1.0
1775132456.810209	zeek	counter	zeek_log_writer_writes_total	filter_name,module,path,stream,writer	default,PacketFilter,packet_filter,PacketFilter::LOG,Log::WRITER_ASCII	1.0
1775132456.810209	zeek	counter	zeek_log_writer_writes_total	filter_name,module,path,stream,writer	default,LoadedScripts,loaded_scripts,LoadedScripts::LOG,Log::WRITER_ASCII	538.0
1775132456.810209	zeek	counter	zeek_log_writer_writes_total	filter_name,module,path,stream,writer	default,Telemetry,telemetry,Telemetry::LOG,Log::WRITER_ASCII	4663.0
1775132456.810209	zeek	counter	zeek_log_writer_writes_total	filter_name,module,path,stream,writer	default,Stats,stats,Stats::LOG,Log::WRITER_ASCII	5.0
1775132456.810209	zeek	counter	zeek_log_writer_writes_total	filter_name,module,path,stream,writer	default,Weird,weird,Weird::LOG,Log::WRITER_ASCII	3.0
1775132456.810209	zeek	counter	zeek_log_writer_writes_total	filter_name,module,path,stream,writer	default,DNS,dns,DNS::LOG,Log::WRITER_ASCII	31.0
1775132456.810209	zeek	counter	zeek_log_writer_writes_total	filter_name,module,path,stream,writer	default,MQTT,mqtt_publish,MQTT::PUBLISH_LOG,Log::WRITER_ASCII	47321.0
1775132456.810209	zeek	counter	zeek_log_writer_writes_total	filter_name,module,path,stream,writer	default,Known,known_hosts,Known::HOSTS_LOG,Log::WRITER_ASCII	5.0
1775132456.810209	zeek	counter	zeek_log_writer_writes_total	filter_name,module,path,stream,writer	default,MQTT,mqtt_connect,MQTT::CONNECT_LOG,Log::WRITER_ASCII	782.0
1775132456.810209	zeek	counter	zeek_log_writer_writes_total	filter_name,module,path,stream,writer	default,MQTT,mqtt_subscribe,MQTT::SUBSCRIBE_LOG,Log::WRITER_ASCII	3.0
1775132456.810209	zeek	counter	zeek_log_writer_writes_total	filter_name,module,path,stream,writer	default,Known,known_services,Known::SERVICES_LOG,Log::WRITER_ASCII	1.0
1775132456.810209	zeek	counter	zeek_log_writer_writes_total	filter_name,module,path,stream,writer	default,Conn,conn,Conn::LOG,Log::WRITER_ASCII	808.0
1775132456.810209	zeek	counter	zeek_log_writer_writes_total	filter_name,module,path,stream,writer	default,CaptureLoss,capture_loss,CaptureLoss::LOG,Log::WRITER_ASCII	2.0
1775132456.810209	zeek	counter	zeek_log_writer_discarded_writes_total	filter_name,module,path,stream,writer	default,Analyzer::Logging,analyzer,Analyzer::Logging::LOG,Log::WRITER_ASCII	0.0
1775132456.810209	zeek	counter	zeek_log_writer_discarded_writes_total	filter_name,module,path,stream,writer	default,PacketFilter,packet_filter,PacketFilter::LOG,Log::WRITER_ASCII	0.0
1775132456.810209	zeek	counter	zeek_log_writer_discarded_writes_total	filter_name,module,path,stream,writer	default,LoadedScripts,loaded_scripts,LoadedScripts::LOG,Log::WRITER_ASCII	0.0
1775132456.810209	zeek	counter	zeek_log_writer_discarded_writes_total	filter_name,module,path,stream,writer	default,Telemetry,telemetry,Telemetry::LOG,Log::WRITER_ASCII	0.0
1775132456.810209	zeek	counter	zeek_log_writer_discarded_writes_total	filter_name,module,path,stream,writer	default,Stats,stats,Stats::LOG,Log::WRITER_ASCII	0.0
1775132456.810209	zeek	counter	zeek_log_writer_discarded_writes_total	filter_name,module,path,stream,writer	default,Weird,weird,Weird::LOG,Log::WRITER_ASCII	0.0
1775132456.810209	zeek	counter	zeek_log_writer_discarded_writes_total	filter_name,module,path,stream,writer	default,DNS,dns,DNS::LOG,Log::WRITER_ASCII	0.0
1775132456.810209	zeek	counter	zeek_log_writer_discarded_writes_total	filter_name,module,path,stream,writer	default,MQTT,mqtt_publish,MQTT::PUBLISH_LOG,Log::WRITER_ASCII	0.0
1775132456.810209	zeek	counter	zeek_log_writer_discarded_writes_total	filter_name,module,path,stream,writer	default,Known,known_hosts,Known::HOSTS_LOG,Log::WRITER_ASCII	0.0
1775132456.810209	zeek	counter	zeek_log_writer_discarded_writes_total	filter_name,module,path,stream,writer	default,MQTT,mqtt_connect,MQTT::CONNECT_LOG,Log::WRITER_ASCII	0.0
1775132456.810209	zeek	counter	zeek_log_writer_discarded_writes_total	filter_name,module,path,stream,writer	default,MQTT,mqtt_subscribe,MQTT::SUBSCRIBE_LOG,Log::WRITER_ASCII	0.0
1775132456.810209	zeek	counter	zeek_log_writer_discarded_writes_total	filter_name,module,path,stream,writer	default,Known,known_services,Known::SERVICES_LOG,Log::WRITER_ASCII	0.0
1775132456.810209	zeek	counter	zeek_log_writer_discarded_writes_total	filter_name,module,path,stream,writer	default,Conn,conn,Conn::LOG,Log::WRITER_ASCII	0.0
1775132456.810209	zeek	counter	zeek_log_writer_discarded_writes_total	filter_name,module,path,stream,writer	default,CaptureLoss,capture_loss,CaptureLoss::LOG,Log::WRITER_ASCII	0.0
1775132456.810209	zeek	counter	zeek_log_writer_truncated_string_fields_total	filter_name,module,path,stream,writer	default,Analyzer::Logging,analyzer,Analyzer::Logging::LOG,Log::WRITER_ASCII	0.0
1775132456.810209	zeek	counter	zeek_log_writer_truncated_string_fields_total	filter_name,module,path,stream,writer	default,PacketFilter,packet_filter,PacketFilter::LOG,Log::WRITER_ASCII	0.0
1775132456.810209	zeek	counter	zeek_log_writer_truncated_string_fields_total	filter_name,module,path,stream,writer	default,LoadedScripts,loaded_scripts,LoadedScripts::LOG,Log::WRITER_ASCII	0.0
1775132456.810209	zeek	counter	zeek_log_writer_truncated_string_fields_total	filter_name,module,path,stream,writer	default,Telemetry,telemetry,Telemetry::LOG,Log::WRITER_ASCII	0.0
1775132456.810209	zeek	counter	zeek_log_writer_truncated_string_fields_total	filter_name,module,path,stream,writer	default,Stats,stats,Stats::LOG,Log::WRITER_ASCII	0.0
1775132456.810209	zeek	counter	zeek_log_writer_truncated_string_fields_total	filter_name,module,path,stream,writer	default,Weird,weird,Weird::LOG,Log::WRITER_ASCII	0.0
1775132456.810209	zeek	counter	zeek_log_writer_truncated_string_fields_total	filter_name,module,path,stream,writer	default,DNS,dns,DNS::LOG,Log::WRITER_ASCII	0.0
1775132456.810209	zeek	counter	zeek_log_writer_truncated_string_fields_total	filter_name,module,path,stream,writer	default,MQTT,mqtt_publish,MQTT::PUBLISH_LOG,Log::WRITER_ASCII	0.0
1775132456.810209	zeek	counter	zeek_log_writer_truncated_string_fields_total	filter_name,module,path,stream,writer	default,Known,known_hosts,Known::HOSTS_LOG,Log::WRITER_ASCII	0.0
1775132456.810209	zeek	counter	zeek_log_writer_truncated_string_fields_total	filter_name,module,path,stream,writer	default,MQTT,mqtt_connect,MQTT::CONNECT_LOG,Log::WRITER_ASCII	0.0
1775132456.810209	zeek	counter	zeek_log_writer_truncated_string_fields_total	filter_name,module,path,stream,writer	default,MQTT,mqtt_subscribe,MQTT::SUBSCRIBE_LOG,Log::WRITER_ASCII	0.0
1775132456.810209	zeek	counter	zeek_log_writer_truncated_string_fields_total	filter_name,module,path,stream,writer	default,Known,known_services,Known::SERVICES_LOG,Log::WRITER_ASCII	0.0
1775132456.810209	zeek	counter	zeek_log_writer_truncated_string_fields_total	filter_name,module,path,stream,writer	default,Conn,conn,Conn::LOG,Log::WRITER_ASCII	0.0
1775132456.810209	zeek	counter	zeek_log_writer_truncated_string_fields_total	filter_name,module,path,stream,writer	default,CaptureLoss,capture_loss,CaptureLoss::LOG,Log::WRITER_ASCII	0.0
1775132456.810209	zeek	counter	zeek_log_writer_truncated_containers_total	filter_name,module,path,stream,writer	default,Analyzer::Logging,analyzer,Analyzer::Logging::LOG,Log::WRITER_ASCII	0.0
1775132456.810209	zeek	counter	zeek_log_writer_truncated_containers_total	filter_name,module,path,stream,writer	default,PacketFilter,packet_filter,PacketFilter::LOG,Log::WRITER_ASCII	0.0
1775132456.810209	zeek	counter	zeek_log_writer_truncated_containers_total	filter_name,module,path,stream,writer	default,LoadedScripts,loaded_scripts,LoadedScripts::LOG,Log::WRITER_ASCII	0.0
1775132456.810209	zeek	counter	zeek_log_writer_truncated_containers_total	filter_name,module,path,stream,writer	default,Telemetry,telemetry,Telemetry::LOG,Log::WRITER_ASCII	0.0
1775132456.810209	zeek	counter	zeek_log_writer_truncated_containers_total	filter_name,module,path,stream,writer	default,Stats,stats,Stats::LOG,Log::WRITER_ASCII	0.0
1775132456.810209	zeek	counter	zeek_log_writer_truncated_containers_total	filter_name,module,path,stream,writer	default,Weird,weird,Weird::LOG,Log::WRITER_ASCII	0.0
1775132456.810209	zeek	counter	zeek_log_writer_truncated_containers_total	filter_name,module,path,stream,writer	default,DNS,dns,DNS::LOG,Log::WRITER_ASCII	0.0
1775132456.810209	zeek	counter	zeek_log_writer_truncated_containers_total	filter_name,module,path,stream,writer	default,MQTT,mqtt_publish,MQTT::PUBLISH_LOG,Log::WRITER_ASCII	0.0
1775132456.810209	zeek	counter	zeek_log_writer_truncated_containers_total	filter_name,module,path,stream,writer	default,Known,known_hosts,Known::HOSTS_LOG,Log::WRITER_ASCII	0.0
1775132456.810209	zeek	counter	zeek_log_writer_truncated_containers_total	filter_name,module,path,stream,writer	default,MQTT,mqtt_connect,MQTT::CONNECT_LOG,Log::WRITER_ASCII	0.0
1775132456.810209	zeek	counter	zeek_log_writer_truncated_containers_total	filter_name,module,path,stream,writer	default,MQTT,mqtt_subscribe,MQTT::SUBSCRIBE_LOG,Log::WRITER_ASCII	0.0
1775132456.810209	zeek	counter	zeek_log_writer_truncated_containers_total	filter_name,module,path,stream,writer	default,Known,known_services,Known::SERVICES_LOG,Log::WRITER_ASCII	0.0
1775132456.810209	zeek	counter	zeek_log_writer_truncated_containers_total	filter_name,module,path,stream,writer	default,Conn,conn,Conn::LOG,Log::WRITER_ASCII	0.0
1775132456.810209	zeek	counter	zeek_log_writer_truncated_containers_total	filter_name,module,path,stream,writer	default,CaptureLoss,capture_loss,CaptureLoss::LOG,Log::WRITER_ASCII	0.0
1775132456.810209	zeek	counter	zeek_net_received_bytes_total	(empty)	(empty)	19316866.0
1775132456.810209	zeek	counter	zeek_net_received_packets_total	(empty)	(empty)	104510.0
1775132456.810209	zeek	counter	zeek_net_dropped_packets_total	(empty)	(empty)	0.0
1775132456.810209	zeek	counter	zeek_net_link_packets_total	(empty)	(empty)	104510.0
1775132456.810209	zeek	counter	zeek_msgthread_threads_total	(empty)	(empty)	14.0
1775132456.810209	zeek	counter	zeek_msgthread_in_messages_total	(empty)	(empty)	1935.0
1775132456.810209	zeek	counter	zeek_msgthread_out_messages_total	(empty)	(empty)	0.0
1775132456.810209	zeek	counter	zeek_cluster_core_outgoing_events_total	(empty)	(empty)	0.0
1775132456.810209	zeek	counter	zeek_cluster_core_incoming_events_total	(empty)	(empty)	0.0
1775132456.810209	zeek	counter	zeek_broker_incoming_events_total	(empty)	(empty)	0.0
1775132456.810209	zeek	counter	zeek_broker_outgoing_events_total	(empty)	(empty)	0.0
1775132456.810209	zeek	counter	zeek_broker_incoming_logs_total	(empty)	(empty)	0.0
1775132456.810209	zeek	counter	zeek_broker_outgoing_logs_total	(empty)	(empty)	0.0
1775132456.810209	zeek	counter	zeek_broker_incoming_ids_total	(empty)	(empty)	0.0
1775132456.810209	zeek	counter	zeek_broker_outgoing_ids_total	(empty)	(empty)	0.0
1775132456.810209	zeek	counter	zeek_timers_total	(empty)	(empty)	14968.0
1775132456.810209	zeek	counter	zeek_dnsmgr_requests_total	(empty)	(empty)	0.0
1775132456.810209	zeek	counter	zeek_dnsmgr_successful_requests_total	(empty)	(empty)	0.0
1775132456.810209	zeek	counter	zeek_dnsmgr_failed_requests_total	(empty)	(empty)	0.0
1775132456.810209	zeek	counter	zeek_triggers_total	(empty)	(empty)	0.0
1775132456.810209	zeek	counter	zeek_ended_sessions_total	reason	inactivity	6.0
1775132456.810209	zeek	counter	zeek_event_handler_invocations_total	name	content_gap	163.0
1775132456.810209	zeek	counter	zeek_event_handler_invocations_total	name	conn_weird	75.0
1775132456.810209	zeek	counter	zeek_event_handler_invocations_total	name	mqtt_puback	167.0
1775132456.810209	zeek	counter	zeek_event_handler_invocations_total	name	connection_state_remove	808.0
1775132456.810209	zeek	counter	zeek_event_handler_invocations_total	name	dns_message	38.0
1775132456.810209	zeek	counter	zeek_event_handler_invocations_total	name	service_info_commit	785.0
1775132456.810209	zeek	counter	zeek_event_handler_invocations_total	name	net_stats_update	5.0
1775132456.810209	zeek	counter	zeek_event_handler_invocations_total	name	analyzer_violation_info	1.0
1775132456.810209	zeek	counter	zeek_event_handler_invocations_total	name	CaptureLoss::take_measurement	3.0
1775132456.810209	zeek	counter	zeek_event_handler_invocations_total	name	dns_end	38.0
1775132456.810209	zeek	counter	zeek_event_handler_invocations_total	name	dns_PTR_reply	8.0
1775132456.810209	zeek	counter	zeek_event_handler_invocations_total	name	check_stats	5.0
1775132456.810209	zeek	counter	zeek_event_handler_invocations_total	name	new_connection	811.0
1775132456.810209	zeek	counter	zeek_event_handler_invocations_total	name	zeek_script_loaded	538.0
1775132456.810209	zeek	counter	zeek_event_handler_invocations_total	name	known_service_add	1.0
1775132456.810209	zeek	counter	zeek_event_handler_invocations_total	name	Broker::log_flush	1421.0
1775132456.810209	zeek	counter	zeek_event_handler_invocations_total	name	SumStats::finish_epoch	3.0
1775132456.810209	zeek	counter	zeek_event_handler_invocations_total	name	mqtt_publish	47321.0
1775132456.810209	zeek	counter	zeek_event_handler_invocations_total	name	filter_change_tracking	6.0
1775132456.810209	zeek	counter	zeek_event_handler_invocations_total	name	NetControl::init	1.0
1775132456.810209	zeek	counter	zeek_event_handler_invocations_total	name	Telemetry::log	25.0
1775132456.810209	zeek	counter	zeek_event_handler_invocations_total	name	mqtt_suback	3.0
1775132456.810209	zeek	counter	zeek_event_handler_invocations_total	name	ChecksumOffloading::check	2.0
1775132456.810209	zeek	counter	zeek_event_handler_invocations_total	name	zeek_init	1.0
1775132456.810209	zeek	counter	zeek_event_handler_invocations_total	name	dns_request	60.0
1775132456.810209	zeek	counter	zeek_event_handler_invocations_total	name	mqtt_connack	782.0
1775132456.810209	zeek	counter	zeek_event_handler_invocations_total	name	dns_AAAA_reply	7.0
1775132456.810209	zeek	counter	zeek_event_handler_invocations_total	name	grab_vulnerable_versions	2.0
1775132456.810209	zeek	counter	zeek_event_handler_invocations_total	name	dns_A_reply	1.0
1775132456.810209	zeek	counter	zeek_event_handler_invocations_total	name	analyzer_failed	1.0
1775132456.810209	zeek	counter	zeek_event_handler_invocations_total	name	connection_flipped	1.0
1775132456.810209	zeek	counter	zeek_event_handler_invocations_total	name	analyzer_confirmation_info	805.0
1775132456.810209	zeek	counter	zeek_event_handler_invocations_total	name	connection_established	782.0
1775132456.810209	zeek	counter	zeek_event_handler_invocations_total	name	Known::host_found	1564.0
1775132456.810209	zeek	counter	zeek_event_handler_invocations_total	name	mqtt_subscribe	3.0
1775132456.810209	zeek	counter	zeek_event_handler_invocations_total	name	known_host_add	5.0
1775132456.810209	zeek	counter	zeek_event_handler_invocations_total	name	mqtt_connect	782.0
1775132456.810209	zeek	counter	zeek_total_sessions_total	protocol	icmp	6.0
1775132456.810209	zeek	counter	zeek_total_sessions_total	protocol	udp	20.0
1775132456.810209	zeek	counter	zeek_total_sessions_total	protocol	tcp	785.0
1775132456.810209	zeek	gauge	zeek_version_info	beta,commit,debug,major,minor,patch,version_number,version_string	false,0,false,8,1,1,80101,8.1.1	1.0
1775132456.810209	zeek	gauge	zeek_net_packet_lag_seconds	(empty)	(empty)	0.000489
1775132456.810209	zeek	gauge	zeek_net_timestamp_seconds	(empty)	(empty)	1775132456.810209
1775132456.810209	zeek	gauge	zeek_msgthread_active_threads	(empty)	(empty)	14.0
1775132456.810209	zeek	gauge	zeek_msgthread_pending_in_messages	(empty)	(empty)	0.0
1775132456.810209	zeek	gauge	zeek_msgthread_pending_out_messages	(empty)	(empty)	0.0
1775132456.810209	zeek	gauge	zeek_msgthread_pending_messages_in_buckets	leq	inf	14.0
1775132456.810209	zeek	gauge	zeek_msgthread_pending_messages_in_buckets	leq	10000	14.0
1775132456.810209	zeek	gauge	zeek_msgthread_pending_messages_in_buckets	leq	1000	14.0
1775132456.810209	zeek	gauge	zeek_msgthread_pending_messages_in_buckets	leq	100	14.0
1775132456.810209	zeek	gauge	zeek_msgthread_pending_messages_in_buckets	leq	10	14.0
1775132456.810209	zeek	gauge	zeek_msgthread_pending_messages_in_buckets	leq	1	14.0
1775132456.810209	zeek	gauge	zeek_msgthread_pending_messages_out_buckets	leq	inf	14.0
1775132456.810209	zeek	gauge	zeek_msgthread_pending_messages_out_buckets	leq	10000	14.0
1775132456.810209	zeek	gauge	zeek_msgthread_pending_messages_out_buckets	leq	1000	14.0
1775132456.810209	zeek	gauge	zeek_msgthread_pending_messages_out_buckets	leq	100	14.0
1775132456.810209	zeek	gauge	zeek_msgthread_pending_messages_out_buckets	leq	10	14.0
1775132456.810209	zeek	gauge	zeek_msgthread_pending_messages_out_buckets	leq	1	14.0
1775132456.810209	zeek	gauge	zeek_broker_peers	(empty)	(empty)	0.0
1775132456.810209	zeek	gauge	zeek_broker_stores	(empty)	(empty)	1.0
1775132456.810209	zeek	gauge	zeek_broker_pending_queries	(empty)	(empty)	0.0
1775132456.810209	zeek	gauge	zeek_timers_lag_time_seconds	(empty)	(empty)	0.000621
1775132456.810209	zeek	gauge	zeek_timers_pending	type	LogDelayExpire	0.0
1775132456.810209	zeek	gauge	zeek_timers_pending	type	ThreadHeartbeat	1.0
1775132456.810209	zeek	gauge	zeek_timers_pending	type	TimerMgrExpireTimer	0.0
1775132456.810209	zeek	gauge	zeek_timers_pending	type	ParentProcessIDCheck	0.0
1775132456.810209	zeek	gauge	zeek_timers_pending	type	FragTimer	0.0
1775132456.810209	zeek	gauge	zeek_timers_pending	type	RotateTimer	0.0
1775132456.810209	zeek	gauge	zeek_timers_pending	type	FlowWeirdTimer	0.0
1775132456.810209	zeek	gauge	zeek_timers_pending	type	FileAnalysisInactivityTimer	0.0
1775132456.810209	zeek	gauge	zeek_timers_pending	type	StorageExpire	1.0
1775132456.810209	zeek	gauge	zeek_timers_pending	type	ConnectionInactivityTimer	3.0
1775132456.810209	zeek	gauge	zeek_timers_pending	type	TCPConnectionExpireTimer	3.0
1775132456.810209	zeek	gauge	zeek_timers_pending	type	ConnectionStatusUpdateTimer	0.0
1775132456.810209	zeek	gauge	zeek_timers_pending	type	LogFlushWriteBufferTimer	1.0
1775132456.810209	zeek	gauge	zeek_timers_pending	type	NetWeirdTimer	0.0
1775132456.810209	zeek	gauge	zeek_timers_pending	type	InterconnTimer	0.0
1775132456.810209	zeek	gauge	zeek_timers_pending	type	IPTunnelInactivityTimer	0.0
1775132456.810209	zeek	gauge	zeek_timers_pending	type	DNSExpireTimer	0.0
1775132456.810209	zeek	gauge	zeek_timers_pending	type	UnknownProtocolExpire	0.0
1775132456.810209	zeek	gauge	zeek_timers_pending	type	ProfileTimer	0.0
1775132456.810209	zeek	gauge	zeek_timers_pending	type	ConnectionExpireTimer	0.0
1775132456.810209	zeek	gauge	zeek_timers_pending	type	BreakpointTimer	0.0
1775132456.810209	zeek	gauge	zeek_timers_pending	type	BackdoorTimer	0.0
1775132456.810209	zeek	gauge	zeek_timers_pending	type	NetbiosExpireTimer	0.0
1775132456.810209	zeek	gauge	zeek_timers_pending	type	NetworkTimer	0.0
1775132456.810209	zeek	gauge	zeek_timers_pending	type	RemoveConnection	0.0
1775132456.810209	zeek	gauge	zeek_timers_pending	type	TCPConnectionResetTimer	0.0
1775132456.810209	zeek	gauge	zeek_timers_pending	type	ConnTupleWeirdTimer	0.0
1775132456.810209	zeek	gauge	zeek_timers_pending	type	TCPConnectionDeleteTimer	0.0
1775132456.810209	zeek	gauge	zeek_timers_pending	type	ScheduleTimer	6.0
1775132456.810209	zeek	gauge	zeek_timers_pending	type	NTPExpireTimer	0.0
1775132456.810209	zeek	gauge	zeek_timers_pending	type	RPCExpireTimer	0.0
1775132456.810209	zeek	gauge	zeek_timers_pending	type	ConnectionDeleteTimer	0.0
1775132456.810209	zeek	gauge	zeek_timers_pending	type	TriggerTimer	0.0
1775132456.810209	zeek	gauge	zeek_timers_pending	type	TableValTimer	34.0
1775132456.810209	zeek	gauge	zeek_timers_pending	type	TCPConnectionAttemptTimer	0.0
1775132456.810209	zeek	gauge	zeek_timers_pending	type	TCPConnectionPartialClose	0.0
1775132456.810209	zeek	gauge	zeek_dnsmgr_pending_asyncs_requests	(empty)	(empty)	0.0
1775132456.810209	zeek	gauge	zeek_dnsmgr_cache_entries	type	text	0.0
1775132456.810209	zeek	gauge	zeek_dnsmgr_cache_entries	type	address	0.0
1775132456.810209	zeek	gauge	zeek_dnsmgr_cache_entries	type	host	0.0
1775132456.810209	zeek	gauge	zeek_pending_triggers	(empty)	(empty)	0.0
1775132456.810209	zeek	gauge	zeek_active_sessions	protocol	icmp	0.0
1775132456.810209	zeek	gauge	zeek_active_sessions	protocol	udp	0.0
1775132456.810209	zeek	gauge	zeek_active_sessions	protocol	tcp	3.0
1775132456.810209	zeek	counter	process_cpu_user_seconds_total	(empty)	(empty)	22.81
1775132456.810209	zeek	counter	process_cpu_system_seconds_total	(empty)	(empty)	21.39
1775132456.810209	zeek	gauge	process_resident_memory_bytes	(empty)	(empty)	284286976.0
1775132456.810209	zeek	gauge	process_virtual_memory_bytes	(empty)	(empty)	2071871488.0
1775132456.810209	zeek	gauge	process_open_fds	(empty)	(empty)	64.0
1775132456.810209	zeek	gauge	process_start_time_seconds	(empty)	(empty)	1775131014.997737
1775132516.810892	zeek	counter	zeek_log_stream_writes_total	module,stream	Analyzer::Logging,Analyzer::Logging::LOG	1.0
1775132516.810892	zeek	counter	zeek_log_stream_writes_total	module,stream	PacketFilter,PacketFilter::LOG	1.0
1775132516.810892	zeek	counter	zeek_log_stream_writes_total	module,stream	MQTT,MQTT::CONNECT_LOG	782.0
1775132516.810892	zeek	counter	zeek_log_stream_writes_total	module,stream	LoadedScripts,LoadedScripts::LOG	538.0
1775132516.810892	zeek	counter	zeek_log_stream_writes_total	module,stream	Telemetry,Telemetry::LOG	4866.0
1775132516.810892	zeek	counter	zeek_log_stream_writes_total	module,stream	Stats,Stats::LOG	6.0
1775132516.810892	zeek	counter	zeek_log_stream_writes_total	module,stream	MQTT,MQTT::PUBLISH_LOG	47387.0
1775132516.810892	zeek	counter	zeek_log_stream_writes_total	module,stream	Weird,Weird::LOG	3.0
1775132516.810892	zeek	counter	zeek_log_stream_writes_total	module,stream	DNS,DNS::LOG	31.0
1775132516.810892	zeek	counter	zeek_log_stream_writes_total	module,stream	Known,Known::SERVICES_LOG	1.0
1775132516.810892	zeek	counter	zeek_log_stream_writes_total	module,stream	Known,Known::HOSTS_LOG	5.0
1775132516.810892	zeek	counter	zeek_log_stream_writes_total	module,stream	MQTT,MQTT::SUBSCRIBE_LOG	3.0
1775132516.810892	zeek	counter	zeek_log_stream_writes_total	module,stream	Conn,Conn::LOG	808.0
1775132516.810892	zeek	counter	zeek_log_stream_writes_total	module,stream	CaptureLoss,CaptureLoss::LOG	2.0
1775132516.810892	zeek	counter	zeek_log_writer_writes_total	filter_name,module,path,stream,writer	default,Analyzer::Logging,analyzer,Analyzer::Logging::LOG,Log::WRITER_ASCII	1.0
1775132516.810892	zeek	counter	zeek_log_writer_writes_total	filter_name,module,path,stream,writer	default,PacketFilter,packet_filter,PacketFilter::LOG,Log::WRITER_ASCII	1.0
1775132516.810892	zeek	counter	zeek_log_writer_writes_total	filter_name,module,path,stream,writer	default,LoadedScripts,loaded_scripts,LoadedScripts::LOG,Log::WRITER_ASCII	538.0
1775132516.810892	zeek	counter	zeek_log_writer_writes_total	filter_name,module,path,stream,writer	default,Telemetry,telemetry,Telemetry::LOG,Log::WRITER_ASCII	4866.0
1775132516.810892	zeek	counter	zeek_log_writer_writes_total	filter_name,module,path,stream,writer	default,Stats,stats,Stats::LOG,Log::WRITER_ASCII	6.0
1775132516.810892	zeek	counter	zeek_log_writer_writes_total	filter_name,module,path,stream,writer	default,Weird,weird,Weird::LOG,Log::WRITER_ASCII	3.0
1775132516.810892	zeek	counter	zeek_log_writer_writes_total	filter_name,module,path,stream,writer	default,DNS,dns,DNS::LOG,Log::WRITER_ASCII	31.0
1775132516.810892	zeek	counter	zeek_log_writer_writes_total	filter_name,module,path,stream,writer	default,MQTT,mqtt_publish,MQTT::PUBLISH_LOG,Log::WRITER_ASCII	47387.0
1775132516.810892	zeek	counter	zeek_log_writer_writes_total	filter_name,module,path,stream,writer	default,Known,known_hosts,Known::HOSTS_LOG,Log::WRITER_ASCII	5.0
1775132516.810892	zeek	counter	zeek_log_writer_writes_total	filter_name,module,path,stream,writer	default,MQTT,mqtt_connect,MQTT::CONNECT_LOG,Log::WRITER_ASCII	782.0
1775132516.810892	zeek	counter	zeek_log_writer_writes_total	filter_name,module,path,stream,writer	default,MQTT,mqtt_subscribe,MQTT::SUBSCRIBE_LOG,Log::WRITER_ASCII	3.0
1775132516.810892	zeek	counter	zeek_log_writer_writes_total	filter_name,module,path,stream,writer	default,Known,known_services,Known::SERVICES_LOG,Log::WRITER_ASCII	1.0
1775132516.810892	zeek	counter	zeek_log_writer_writes_total	filter_name,module,path,stream,writer	default,Conn,conn,Conn::LOG,Log::WRITER_ASCII	808.0
1775132516.810892	zeek	counter	zeek_log_writer_writes_total	filter_name,module,path,stream,writer	default,CaptureLoss,capture_loss,CaptureLoss::LOG,Log::WRITER_ASCII	2.0
1775132516.810892	zeek	counter	zeek_log_writer_discarded_writes_total	filter_name,module,path,stream,writer	default,Analyzer::Logging,analyzer,Analyzer::Logging::LOG,Log::WRITER_ASCII	0.0
1775132516.810892	zeek	counter	zeek_log_writer_discarded_writes_total	filter_name,module,path,stream,writer	default,PacketFilter,packet_filter,PacketFilter::LOG,Log::WRITER_ASCII	0.0
1775132516.810892	zeek	counter	zeek_log_writer_discarded_writes_total	filter_name,module,path,stream,writer	default,LoadedScripts,loaded_scripts,LoadedScripts::LOG,Log::WRITER_ASCII	0.0
1775132516.810892	zeek	counter	zeek_log_writer_discarded_writes_total	filter_name,module,path,stream,writer	default,Telemetry,telemetry,Telemetry::LOG,Log::WRITER_ASCII	0.0
1775132516.810892	zeek	counter	zeek_log_writer_discarded_writes_total	filter_name,module,path,stream,writer	default,Stats,stats,Stats::LOG,Log::WRITER_ASCII	0.0
1775132516.810892	zeek	counter	zeek_log_writer_discarded_writes_total	filter_name,module,path,stream,writer	default,Weird,weird,Weird::LOG,Log::WRITER_ASCII	0.0
1775132516.810892	zeek	counter	zeek_log_writer_discarded_writes_total	filter_name,module,path,stream,writer	default,DNS,dns,DNS::LOG,Log::WRITER_ASCII	0.0
1775132516.810892	zeek	counter	zeek_log_writer_discarded_writes_total	filter_name,module,path,stream,writer	default,MQTT,mqtt_publish,MQTT::PUBLISH_LOG,Log::WRITER_ASCII	0.0
1775132516.810892	zeek	counter	zeek_log_writer_discarded_writes_total	filter_name,module,path,stream,writer	default,Known,known_hosts,Known::HOSTS_LOG,Log::WRITER_ASCII	0.0
1775132516.810892	zeek	counter	zeek_log_writer_discarded_writes_total	filter_name,module,path,stream,writer	default,MQTT,mqtt_connect,MQTT::CONNECT_LOG,Log::WRITER_ASCII	0.0
1775132516.810892	zeek	counter	zeek_log_writer_discarded_writes_total	filter_name,module,path,stream,writer	default,MQTT,mqtt_subscribe,MQTT::SUBSCRIBE_LOG,Log::WRITER_ASCII	0.0
1775132516.810892	zeek	counter	zeek_log_writer_discarded_writes_total	filter_name,module,path,stream,writer	default,Known,known_services,Known::SERVICES_LOG,Log::WRITER_ASCII	0.0
1775132516.810892	zeek	counter	zeek_log_writer_discarded_writes_total	filter_name,module,path,stream,writer	default,Conn,conn,Conn::LOG,Log::WRITER_ASCII	0.0
1775132516.810892	zeek	counter	zeek_log_writer_discarded_writes_total	filter_name,module,path,stream,writer	default,CaptureLoss,capture_loss,CaptureLoss::LOG,Log::WRITER_ASCII	0.0
1775132516.810892	zeek	counter	zeek_log_writer_truncated_string_fields_total	filter_name,module,path,stream,writer	default,Analyzer::Logging,analyzer,Analyzer::Logging::LOG,Log::WRITER_ASCII	0.0
1775132516.810892	zeek	counter	zeek_log_writer_truncated_string_fields_total	filter_name,module,path,stream,writer	default,PacketFilter,packet_filter,PacketFilter::LOG,Log::WRITER_ASCII	0.0
1775132516.810892	zeek	counter	zeek_log_writer_truncated_string_fields_total	filter_name,module,path,stream,writer	default,LoadedScripts,loaded_scripts,LoadedScripts::LOG,Log::WRITER_ASCII	0.0
1775132516.810892	zeek	counter	zeek_log_writer_truncated_string_fields_total	filter_name,module,path,stream,writer	default,Telemetry,telemetry,Telemetry::LOG,Log::WRITER_ASCII	0.0
1775132516.810892	zeek	counter	zeek_log_writer_truncated_string_fields_total	filter_name,module,path,stream,writer	default,Stats,stats,Stats::LOG,Log::WRITER_ASCII	0.0
1775132516.810892	zeek	counter	zeek_log_writer_truncated_string_fields_total	filter_name,module,path,stream,writer	default,Weird,weird,Weird::LOG,Log::WRITER_ASCII	0.0
1775132516.810892	zeek	counter	zeek_log_writer_truncated_string_fields_total	filter_name,module,path,stream,writer	default,DNS,dns,DNS::LOG,Log::WRITER_ASCII	0.0
1775132516.810892	zeek	counter	zeek_log_writer_truncated_string_fields_total	filter_name,module,path,stream,writer	default,MQTT,mqtt_publish,MQTT::PUBLISH_LOG,Log::WRITER_ASCII	0.0
1775132516.810892	zeek	counter	zeek_log_writer_truncated_string_fields_total	filter_name,module,path,stream,writer	default,Known,known_hosts,Known::HOSTS_LOG,Log::WRITER_ASCII	0.0
1775132516.810892	zeek	counter	zeek_log_writer_truncated_string_fields_total	filter_name,module,path,stream,writer	default,MQTT,mqtt_connect,MQTT::CONNECT_LOG,Log::WRITER_ASCII	0.0
1775132516.810892	zeek	counter	zeek_log_writer_truncated_string_fields_total	filter_name,module,path,stream,writer	default,MQTT,mqtt_subscribe,MQTT::SUBSCRIBE_LOG,Log::WRITER_ASCII	0.0
1775132516.810892	zeek	counter	zeek_log_writer_truncated_string_fields_total	filter_name,module,path,stream,writer	default,Known,known_services,Known::SERVICES_LOG,Log::WRITER_ASCII	0.0
1775132516.810892	zeek	counter	zeek_log_writer_truncated_string_fields_total	filter_name,module,path,stream,writer	default,Conn,conn,Conn::LOG,Log::WRITER_ASCII	0.0
1775132516.810892	zeek	counter	zeek_log_writer_truncated_string_fields_total	filter_name,module,path,stream,writer	default,CaptureLoss,capture_loss,CaptureLoss::LOG,Log::WRITER_ASCII	0.0
1775132516.810892	zeek	counter	zeek_log_writer_truncated_containers_total	filter_name,module,path,stream,writer	default,Analyzer::Logging,analyzer,Analyzer::Logging::LOG,Log::WRITER_ASCII	0.0
1775132516.810892	zeek	counter	zeek_log_writer_truncated_containers_total	filter_name,module,path,stream,writer	default,PacketFilter,packet_filter,PacketFilter::LOG,Log::WRITER_ASCII	0.0
1775132516.810892	zeek	counter	zeek_log_writer_truncated_containers_total	filter_name,module,path,stream,writer	default,LoadedScripts,loaded_scripts,LoadedScripts::LOG,Log::WRITER_ASCII	0.0
1775132516.810892	zeek	counter	zeek_log_writer_truncated_containers_total	filter_name,module,path,stream,writer	default,Telemetry,telemetry,Telemetry::LOG,Log::WRITER_ASCII	0.0
1775132516.810892	zeek	counter	zeek_log_writer_truncated_containers_total	filter_name,module,path,stream,writer	default,Stats,stats,Stats::LOG,Log::WRITER_ASCII	0.0
1775132516.810892	zeek	counter	zeek_log_writer_truncated_containers_total	filter_name,module,path,stream,writer	default,Weird,weird,Weird::LOG,Log::WRITER_ASCII	0.0
1775132516.810892	zeek	counter	zeek_log_writer_truncated_containers_total	filter_name,module,path,stream,writer	default,DNS,dns,DNS::LOG,Log::WRITER_ASCII	0.0
1775132516.810892	zeek	counter	zeek_log_writer_truncated_containers_total	filter_name,module,path,stream,writer	default,MQTT,mqtt_publish,MQTT::PUBLISH_LOG,Log::WRITER_ASCII	0.0
1775132516.810892	zeek	counter	zeek_log_writer_truncated_containers_total	filter_name,module,path,stream,writer	default,Known,known_hosts,Known::HOSTS_LOG,Log::WRITER_ASCII	0.0
1775132516.810892	zeek	counter	zeek_log_writer_truncated_containers_total	filter_name,module,path,stream,writer	default,MQTT,mqtt_connect,MQTT::CONNECT_LOG,Log::WRITER_ASCII	0.0
1775132516.810892	zeek	counter	zeek_log_writer_truncated_containers_total	filter_name,module,path,stream,writer	default,MQTT,mqtt_subscribe,MQTT::SUBSCRIBE_LOG,Log::WRITER_ASCII	0.0
1775132516.810892	zeek	counter	zeek_log_writer_truncated_containers_total	filter_name,module,path,stream,writer	default,Known,known_services,Known::SERVICES_LOG,Log::WRITER_ASCII	0.0
1775132516.810892	zeek	counter	zeek_log_writer_truncated_containers_total	filter_name,module,path,stream,writer	default,Conn,conn,Conn::LOG,Log::WRITER_ASCII	0.0
1775132516.810892	zeek	counter	zeek_log_writer_truncated_containers_total	filter_name,module,path,stream,writer	default,CaptureLoss,capture_loss,CaptureLoss::LOG,Log::WRITER_ASCII	0.0
1775132516.810892	zeek	counter	zeek_net_received_bytes_total	(empty)	(empty)	19334904.0
1775132516.810892	zeek	counter	zeek_net_received_packets_total	(empty)	(empty)	104659.0
1775132516.810892	zeek	counter	zeek_net_dropped_packets_total	(empty)	(empty)	0.0
1775132516.810892	zeek	counter	zeek_net_link_packets_total	(empty)	(empty)	104659.0
1775132516.810892	zeek	counter	zeek_msgthread_threads_total	(empty)	(empty)	14.0
1775132516.810892	zeek	counter	zeek_msgthread_in_messages_total	(empty)	(empty)	1964.0
1775132516.810892	zeek	counter	zeek_msgthread_out_messages_total	(empty)	(empty)	0.0
1775132516.810892	zeek	counter	zeek_cluster_core_outgoing_events_total	(empty)	(empty)	0.0
1775132516.810892	zeek	counter	zeek_cluster_core_incoming_events_total	(empty)	(empty)	0.0
1775132516.810892	zeek	counter	zeek_broker_incoming_events_total	(empty)	(empty)	0.0
1775132516.810892	zeek	counter	zeek_broker_outgoing_events_total	(empty)	(empty)	0.0
1775132516.810892	zeek	counter	zeek_broker_incoming_logs_total	(empty)	(empty)	0.0
1775132516.810892	zeek	counter	zeek_broker_outgoing_logs_total	(empty)	(empty)	0.0
1775132516.810892	zeek	counter	zeek_broker_incoming_ids_total	(empty)	(empty)	0.0
1775132516.810892	zeek	counter	zeek_broker_outgoing_ids_total	(empty)	(empty)	0.0
1775132516.810892	zeek	counter	zeek_timers_total	(empty)	(empty)	15388.0
1775132516.810892	zeek	counter	zeek_dnsmgr_requests_total	(empty)	(empty)	0.0
1775132516.810892	zeek	counter	zeek_dnsmgr_successful_requests_total	(empty)	(empty)	0.0
1775132516.810892	zeek	counter	zeek_dnsmgr_failed_requests_total	(empty)	(empty)	0.0
1775132516.810892	zeek	counter	zeek_triggers_total	(empty)	(empty)	0.0
1775132516.810892	zeek	counter	zeek_ended_sessions_total	reason	inactivity	6.0
1775132516.810892	zeek	counter	zeek_event_handler_invocations_total	name	content_gap	163.0
1775132516.810892	zeek	counter	zeek_event_handler_invocations_total	name	conn_weird	75.0
1775132516.810892	zeek	counter	zeek_event_handler_invocations_total	name	mqtt_puback	167.0
1775132516.810892	zeek	counter	zeek_event_handler_invocations_total	name	connection_state_remove	808.0
1775132516.810892	zeek	counter	zeek_event_handler_invocations_total	name	dns_message	38.0
1775132516.810892	zeek	counter	zeek_event_handler_invocations_total	name	service_info_commit	785.0
1775132516.810892	zeek	counter	zeek_event_handler_invocations_total	name	net_stats_update	6.0
1775132516.810892	zeek	counter	zeek_event_handler_invocations_total	name	analyzer_violation_info	1.0
1775132516.810892	zeek	counter	zeek_event_handler_invocations_total	name	CaptureLoss::take_measurement	3.0
1775132516.810892	zeek	counter	zeek_event_handler_invocations_total	name	dns_end	38.0
1775132516.810892	zeek	counter	zeek_event_handler_invocations_total	name	dns_PTR_reply	8.0
1775132516.810892	zeek	counter	zeek_event_handler_invocations_total	name	check_stats	6.0
1775132516.810892	zeek	counter	zeek_event_handler_invocations_total	name	new_connection	811.0
1775132516.810892	zeek	counter	zeek_event_handler_invocations_total	name	zeek_script_loaded	538.0
1775132516.810892	zeek	counter	zeek_event_handler_invocations_total	name	known_service_add	1.0
1775132516.810892	zeek	counter	zeek_event_handler_invocations_total	name	Broker::log_flush	1480.0
1775132516.810892	zeek	counter	zeek_event_handler_invocations_total	name	SumStats::finish_epoch	3.0
1775132516.810892	zeek	counter	zeek_event_handler_invocations_total	name	mqtt_publish	47387.0
1775132516.810892	zeek	counter	zeek_event_handler_invocations_total	name	filter_change_tracking	7.0
1775132516.810892	zeek	counter	zeek_event_handler_invocations_total	name	NetControl::init	1.0
1775132516.810892	zeek	counter	zeek_event_handler_invocations_total	name	Telemetry::log	26.0
1775132516.810892	zeek	counter	zeek_event_handler_invocations_total	name	mqtt_suback	3.0
1775132516.810892	zeek	counter	zeek_event_handler_invocations_total	name	ChecksumOffloading::check	2.0
1775132516.810892	zeek	counter	zeek_event_handler_invocations_total	name	zeek_init	1.0
1775132516.810892	zeek	counter	zeek_event_handler_invocations_total	name	dns_request	60.0
1775132516.810892	zeek	counter	zeek_event_handler_invocations_total	name	mqtt_connack	782.0
1775132516.810892	zeek	counter	zeek_event_handler_invocations_total	name	dns_AAAA_reply	7.0
1775132516.810892	zeek	counter	zeek_event_handler_invocations_total	name	grab_vulnerable_versions	2.0
1775132516.810892	zeek	counter	zeek_event_handler_invocations_total	name	dns_A_reply	1.0
1775132516.810892	zeek	counter	zeek_event_handler_invocations_total	name	analyzer_failed	1.0
1775132516.810892	zeek	counter	zeek_event_handler_invocations_total	name	connection_flipped	1.0
1775132516.810892	zeek	counter	zeek_event_handler_invocations_total	name	analyzer_confirmation_info	805.0
1775132516.810892	zeek	counter	zeek_event_handler_invocations_total	name	connection_established	782.0
1775132516.810892	zeek	counter	zeek_event_handler_invocations_total	name	Known::host_found	1564.0
1775132516.810892	zeek	counter	zeek_event_handler_invocations_total	name	mqtt_subscribe	3.0
1775132516.810892	zeek	counter	zeek_event_handler_invocations_total	name	known_host_add	5.0
1775132516.810892	zeek	counter	zeek_event_handler_invocations_total	name	mqtt_connect	782.0
1775132516.810892	zeek	counter	zeek_total_sessions_total	protocol	icmp	6.0
1775132516.810892	zeek	counter	zeek_total_sessions_total	protocol	udp	20.0
1775132516.810892	zeek	counter	zeek_total_sessions_total	protocol	tcp	785.0
1775132516.810892	zeek	gauge	zeek_version_info	beta,commit,debug,major,minor,patch,version_number,version_string	false,0,false,8,1,1,80101,8.1.1	1.0
1775132516.810892	zeek	gauge	zeek_net_packet_lag_seconds	(empty)	(empty)	0.000249
1775132516.810892	zeek	gauge	zeek_net_timestamp_seconds	(empty)	(empty)	1775132516.810892
1775132516.810892	zeek	gauge	zeek_msgthread_active_threads	(empty)	(empty)	14.0
1775132516.810892	zeek	gauge	zeek_msgthread_pending_in_messages	(empty)	(empty)	0.0
1775132516.810892	zeek	gauge	zeek_msgthread_pending_out_messages	(empty)	(empty)	0.0
1775132516.810892	zeek	gauge	zeek_msgthread_pending_messages_in_buckets	leq	inf	14.0
1775132516.810892	zeek	gauge	zeek_msgthread_pending_messages_in_buckets	leq	10000	14.0
1775132516.810892	zeek	gauge	zeek_msgthread_pending_messages_in_buckets	leq	1000	14.0
1775132516.810892	zeek	gauge	zeek_msgthread_pending_messages_in_buckets	leq	100	14.0
1775132516.810892	zeek	gauge	zeek_msgthread_pending_messages_in_buckets	leq	10	14.0
1775132516.810892	zeek	gauge	zeek_msgthread_pending_messages_in_buckets	leq	1	14.0
1775132516.810892	zeek	gauge	zeek_msgthread_pending_messages_out_buckets	leq	inf	14.0
1775132516.810892	zeek	gauge	zeek_msgthread_pending_messages_out_buckets	leq	10000	14.0
1775132516.810892	zeek	gauge	zeek_msgthread_pending_messages_out_buckets	leq	1000	14.0
1775132516.810892	zeek	gauge	zeek_msgthread_pending_messages_out_buckets	leq	100	14.0
1775132516.810892	zeek	gauge	zeek_msgthread_pending_messages_out_buckets	leq	10	14.0
1775132516.810892	zeek	gauge	zeek_msgthread_pending_messages_out_buckets	leq	1	14.0
1775132516.810892	zeek	gauge	zeek_broker_peers	(empty)	(empty)	0.0
1775132516.810892	zeek	gauge	zeek_broker_stores	(empty)	(empty)	1.0
1775132516.810892	zeek	gauge	zeek_broker_pending_queries	(empty)	(empty)	0.0
1775132516.810892	zeek	gauge	zeek_timers_lag_time_seconds	(empty)	(empty)	0.000683
1775132516.810892	zeek	gauge	zeek_timers_pending	type	LogDelayExpire	0.0
1775132516.810892	zeek	gauge	zeek_timers_pending	type	ThreadHeartbeat	1.0
1775132516.810892	zeek	gauge	zeek_timers_pending	type	TimerMgrExpireTimer	0.0
1775132516.810892	zeek	gauge	zeek_timers_pending	type	ParentProcessIDCheck	0.0
1775132516.810892	zeek	gauge	zeek_timers_pending	type	FragTimer	0.0
1775132516.810892	zeek	gauge	zeek_timers_pending	type	RotateTimer	0.0
1775132516.810892	zeek	gauge	zeek_timers_pending	type	FlowWeirdTimer	0.0
1775132516.810892	zeek	gauge	zeek_timers_pending	type	FileAnalysisInactivityTimer	0.0
1775132516.810892	zeek	gauge	zeek_timers_pending	type	StorageExpire	1.0
1775132516.810892	zeek	gauge	zeek_timers_pending	type	ConnectionInactivityTimer	3.0
1775132516.810892	zeek	gauge	zeek_timers_pending	type	TCPConnectionExpireTimer	3.0
1775132516.810892	zeek	gauge	zeek_timers_pending	type	ConnectionStatusUpdateTimer	0.0
1775132516.810892	zeek	gauge	zeek_timers_pending	type	LogFlushWriteBufferTimer	1.0
1775132516.810892	zeek	gauge	zeek_timers_pending	type	NetWeirdTimer	0.0
1775132516.810892	zeek	gauge	zeek_timers_pending	type	InterconnTimer	0.0
1775132516.810892	zeek	gauge	zeek_timers_pending	type	IPTunnelInactivityTimer	0.0
1775132516.810892	zeek	gauge	zeek_timers_pending	type	DNSExpireTimer	0.0
1775132516.810892	zeek	gauge	zeek_timers_pending	type	UnknownProtocolExpire	0.0
1775132516.810892	zeek	gauge	zeek_timers_pending	type	ProfileTimer	0.0
1775132516.810892	zeek	gauge	zeek_timers_pending	type	ConnectionExpireTimer	0.0
1775132516.810892	zeek	gauge	zeek_timers_pending	type	BreakpointTimer	0.0
1775132516.810892	zeek	gauge	zeek_timers_pending	type	BackdoorTimer	0.0
1775132516.810892	zeek	gauge	zeek_timers_pending	type	NetbiosExpireTimer	0.0
1775132516.810892	zeek	gauge	zeek_timers_pending	type	NetworkTimer	0.0
1775132516.810892	zeek	gauge	zeek_timers_pending	type	RemoveConnection	0.0
1775132516.810892	zeek	gauge	zeek_timers_pending	type	TCPConnectionResetTimer	0.0
1775132516.810892	zeek	gauge	zeek_timers_pending	type	ConnTupleWeirdTimer	0.0
1775132516.810892	zeek	gauge	zeek_timers_pending	type	TCPConnectionDeleteTimer	0.0
1775132516.810892	zeek	gauge	zeek_timers_pending	type	ScheduleTimer	6.0
1775132516.810892	zeek	gauge	zeek_timers_pending	type	NTPExpireTimer	0.0
1775132516.810892	zeek	gauge	zeek_timers_pending	type	RPCExpireTimer	0.0
1775132516.810892	zeek	gauge	zeek_timers_pending	type	ConnectionDeleteTimer	0.0
1775132516.810892	zeek	gauge	zeek_timers_pending	type	TriggerTimer	0.0
1775132516.810892	zeek	gauge	zeek_timers_pending	type	TableValTimer	34.0
1775132516.810892	zeek	gauge	zeek_timers_pending	type	TCPConnectionAttemptTimer	0.0
1775132516.810892	zeek	gauge	zeek_timers_pending	type	TCPConnectionPartialClose	0.0
1775132516.810892	zeek	gauge	zeek_dnsmgr_pending_asyncs_requests	(empty)	(empty)	0.0
1775132516.810892	zeek	gauge	zeek_dnsmgr_cache_entries	type	text	0.0
1775132516.810892	zeek	gauge	zeek_dnsmgr_cache_entries	type	address	0.0
1775132516.810892	zeek	gauge	zeek_dnsmgr_cache_entries	type	host	0.0
1775132516.810892	zeek	gauge	zeek_pending_triggers	(empty)	(empty)	0.0
1775132516.810892	zeek	gauge	zeek_active_sessions	protocol	icmp	0.0
1775132516.810892	zeek	gauge	zeek_active_sessions	protocol	udp	0.0
1775132516.810892	zeek	gauge	zeek_active_sessions	protocol	tcp	3.0
1775132516.810892	zeek	counter	process_cpu_user_seconds_total	(empty)	(empty)	23.27
1775132516.810892	zeek	counter	process_cpu_system_seconds_total	(empty)	(empty)	22.38
1775132516.810892	zeek	gauge	process_resident_memory_bytes	(empty)	(empty)	284286976.0
1775132516.810892	zeek	gauge	process_virtual_memory_bytes	(empty)	(empty)	2071871488.0
1775132516.810892	zeek	gauge	process_open_fds	(empty)	(empty)	64.0
1775132516.810892	zeek	gauge	process_start_time_seconds	(empty)	(empty)	1775131014.997737
